Topic,Words,Frequency,Timestamp
-1,"patients, health, healthcare, patient, hospital",65291,2020-03-31 13:46:33.600
0,"classrooms, schools reopen, educators, classroom, schools open",1832,2020-03-31 13:46:33.600
1,"wear mask, wear masks, wearing mask, wearing masks, medical mask",1452,2020-03-31 13:46:33.600
2,"china virus, chinese virus, chinese communist, communist china, chinese government",1058,2020-03-31 13:46:33.600
3,"rahulgandhi, rahul, rahul gandhi, banerjee, india crisis",575,2020-03-31 13:46:33.600
4,"president realdonaldtrump, realdonaldtrump, realdonaldtrump trump, donaldjtrumpjr, trump administration",963,2020-03-31 13:46:33.600
5,"food security, food insecurity, foods, food supply, food",1019,2020-03-31 13:46:33.600
6,"church, churches, worship, pastors, pastor",902,2020-03-31 13:46:33.600
7,"boris johnson, minister boris, pm boris, boris, borisjohnson",481,2020-03-31 13:46:33.600
8,"black lives, black people, blacks, white people, black americans",719,2020-03-31 13:46:33.600
9,"getting vaccine, vaccine available, vaccine today, new vaccine, vaccine safe",229,2020-03-31 13:46:33.600
10,"domestic violence, violence, victims, gender, conflict",574,2020-03-31 13:46:33.600
11,"covid19sa, south_africa, south africa, coronavirusupdate, south african",709,2020-03-31 13:46:33.600
12,"vaccine india, vaccine vaccine, potential vaccine, vaccines, vaccine",60,2020-03-31 13:46:33.600
13,"pakistan, pakistani, pak, punjab, islamabad",483,2020-03-31 13:46:33.600
14,"lockdown rules, lockdown restrictions, lockdowns, lockdown, national lockdown",324,2020-03-31 13:46:33.600
15,"dr fauci, fauci said, fauci says, anthony fauci, fauci",166,2020-03-31 13:46:33.600
16,"nigeria, lagos, nigerian, lagos state, nigerians",708,2020-03-31 13:46:33.600
17,"skin tonebackhand, skin tone, tonefolded hands, folded_hands_medium dark_skin_tone, hands medium",368,2020-03-31 13:46:33.600
18,"real estate, housing, homes, residential, estate",402,2020-03-31 13:46:33.600
19,"illness, influenza, children died, children, hospitalized",412,2020-03-31 13:46:33.600
20,"nsw, auspol, queensland, australia, melbourne",192,2020-03-31 13:46:33.600
21,"lockdowns, easing lockdown, lockdown extended, lockdown, national lockdown",494,2020-03-31 13:46:33.600
22,"florida, florida department, fl, florida governor, hurricane",236,2020-03-31 13:46:33.600
23,"northern ireland, ireland, dublin, irish, irishtimes",259,2020-03-31 13:46:33.600
24,"trump diagnosis, trump told, trump said, outbreak, trump administration",216,2020-03-31 13:46:33.600
25,"corona virus, coronaviruses, coronaviruspandemic, coronav, corona",275,2020-03-31 13:46:33.600
26,"testing available, testing centre, testing today, testing site, new testing",313,2020-03-31 13:46:33.600
27,"protests, protest, protesting, protesters, protestors",212,2020-03-31 13:46:33.600
28,"hydroxychloroquine, chloroquine, malaria drug, malaria, treatment",560,2020-03-31 13:46:33.600
29,"exams, examinations, exam, examination, courses",72,2020-03-31 13:46:33.600
30,"japan, tokyo, japanese, asia, infected people",175,2020-03-31 13:46:33.600
31,"juliahb1, jim_jordan, phe_uk, ll, keir_starmer",214,2020-03-31 13:46:33.600
32,"delta, delta variant, quarantined, deltavariant, airports",13,2020-03-31 13:46:33.600
33,"donate, donation, donations, donating, donated",410,2020-03-31 13:46:33.600
34,"inmates, prisons, inmate, incarcerated, prison",450,2020-03-31 13:46:33.600
35,"sars cov, cov virus, sarscov2, corona virus, sars",178,2020-03-31 13:46:33.600
36,"covidiots, es, en, translation, sur",257,2020-03-31 13:46:33.600
37,"rescheduled, vaccine appointment, vaccine appointments, appointment, appointments available",1,2020-03-31 13:46:33.600
38,"second wave, 2nd wave, wave, 3rd wave, waves",88,2020-03-31 13:46:33.600
39,"updates, provides update, latest updates, latest update, update today",276,2020-03-31 13:46:33.600
40,"remdesivir, gilead, antiviral drug, antiviral, fda approved",355,2020-03-31 13:46:33.600
41,"oxygen, oxygen concentrators, oxygen cylinder, oxygen cylinders, o2",9,2020-03-31 13:46:33.600
42,"coronavirusupdates, iranian, iran, covidー19, corona",190,2020-03-31 13:46:33.600
43,"texas, texans, dallas county, tx, austin",296,2020-03-31 13:46:33.600
44,"uae, dubai, qatar, bahrain, kuwait",235,2020-03-31 13:46:33.600
45,"covid19sa, number infections, cases reported, cases 18, cases 24",194,2020-03-31 13:46:33.600
46,"restaurants, restaurant, bars restaurants, restaurants bars, cafe",183,2020-03-31 13:46:33.600
47,"sinovac vaccine, vaccine trials, vaccine developed, sinopharm vaccine, vaccine trial",74,2020-03-31 13:46:33.600
48,"number deaths, total deaths, million deaths, 000 deaths, people die",201,2020-03-31 13:46:33.600
49,"gov cuomo, andrew cuomo, cuomo, cuomo says, governor cuomo",340,2020-03-31 13:46:33.600
50,"reopens, reopening, reopen, reopening plan, reopened",377,2020-03-31 13:46:33.600
51,"malaysia, malaysian, sabah, indonesia, selangor",120,2020-03-31 13:46:33.600
52,"astrazeneca vaccines, astrazeneca vaccine, astrazeneca, dose astrazeneca, doses astrazeneca",22,2020-03-31 13:46:33.600
53,"sweden, swedish, norway, iceland, finland",216,2020-03-31 13:46:33.600
54,"nursing home, nursing homes, care homes, home deaths, patients nursing",380,2020-03-31 13:46:33.600
55,"car light, car lightpolice, police car, lightpolice car, lights",162,2020-03-31 13:46:33.600
56,"israeli, palestinian, gaza, israel, palestine",114,2020-03-31 13:46:33.600
57,"herd immunity, immunity, immune, vaccine people, people infected",123,2020-03-31 13:46:33.600
58,"pandemics, epidemic, crises, infodemic, catastrophic",175,2020-03-31 13:46:33.600
59,"airlines, airline, aviation, air travel, flights",166,2020-03-31 13:46:33.600
60,"patents, intellectual property, patent, technologies, ibm",25,2020-03-31 13:46:33.600
61,"new podcast, podcast, listening, listened, radio",218,2020-03-31 13:46:33.600
62,"antiviral drug, antiviral, clinical trials, clinical trial, medicines",186,2020-03-31 13:46:33.600
63,"relief fund, fund, crore, relief funds, crores",110,2020-03-31 13:46:33.600
64,"pandemics, new normal, normal, normalcy, crises",217,2020-03-31 13:46:33.600
65,"global economy, economic crisis, economy, economic recovery, economic",233,2020-03-31 13:46:33.600
66,"covidー19, france, french, paris, quarantine",192,2020-03-31 13:46:33.600
67,"trump tested, tested positive, testing positive, tests positive, positive trump",156,2020-03-31 13:46:33.600
68,"mental health, mental illness, mentalhealth, health crisis, illness",177,2020-03-31 13:46:33.600
69,"intensive care, patients hospitalized, hospitalized patients, people hospitalized, critically ill",100,2020-03-31 13:46:33.600
70,"ivermectin, clinical trial, treatment, fda approved, pharma",14,2020-03-31 13:46:33.600
71,"singapore, asean, cases infection, malaysian, new infections",128,2020-03-31 13:46:33.600
72,"dies complications, died today, delhi police, demise, died",95,2020-03-31 13:46:33.600
73,"uganda, ugandans, tanzania, east africa, kenya",118,2020-03-31 13:46:33.600
74,"heart disease, heart inflammation, heart problems, myocarditis, cardiac",4,2020-03-31 13:46:33.600
75,"small businesses, small business, businesses, local businesses, corporations",209,2020-03-31 13:46:33.600
76,"viruses, virus, pathogen, created lab, researchers",88,2020-03-31 13:46:33.600
77,"trump biden, joe biden, biden says, president biden, biden campaign",47,2020-03-31 13:46:33.600
78,"hand sanitizer, wash hands, washing hands, hand washing, handwashing",156,2020-03-31 13:46:33.600
79,"vitamin, deficiency, mortality, risk dying, serum",164,2020-03-31 13:46:33.600
80,"new yorkers, ny, new york, york, yorkers",184,2020-03-31 13:46:33.600
81,"pregnant women, pregnant, pregnancy, maternity, maternal",147,2020-03-31 13:46:33.600
82,"ai, artificialintelligence, artificial intelligence, intelligence, machinelearning",114,2020-03-31 13:46:33.600
83,"smokers, smoking, tobacco, smoke, illnesses",258,2020-03-31 13:46:33.600
84,"justin trudeau, trudeau, justintrudeau, canadians, canadian",146,2020-03-31 13:46:33.600
85,"webinar series, webinar, webinars, free webinar, join webinar",213,2020-03-31 13:46:33.600
86,"number deaths, total deaths, deaths total, cases deaths, deaths reported",108,2020-03-31 13:46:33.600
87,"ventilators, ventilator, ventilated, ventilation, critically ill",233,2020-03-31 13:46:33.600
88,"billionaire, billgates, scandal, microsoft, minister narendra",234,2020-03-31 13:46:33.600
89,"italy, italian, reported deaths, deaths caused, milan",184,2020-03-31 13:46:33.600
90,"song, songs, tune, music, album",179,2020-03-31 13:46:33.600
91,"grants, grant, relief fund, response fund, funding",154,2020-03-31 13:46:33.600
92,"south korea, korea, north korea, kim jong, korean",182,2020-03-31 13:46:33.600
93,"000 cases, case count, cases increased, number cases, cases state",84,2020-03-31 13:46:33.600
94,"vote mail, ballots, ballot, voter, voting",129,2020-03-31 13:46:33.600
95,"nhs, nhs england, nhs staff, health england, doctors",146,2020-03-31 13:46:33.600
96,"downbackhand index, backhand index, pointing downbackhand, downbackhand, index pointing",98,2020-03-31 13:46:33.600
97,"mitch mcconnell, mcconnell, senate, senator, senators",115,2020-03-31 13:46:33.600
98,"european union, european_union, eu, europe, eu_commission",151,2020-03-31 13:46:33.600
99,"older people, people age, elderly, aging, people aged",132,2020-03-31 13:46:33.600
100,"tests negative, tested negative, tested positive, test negative, tests positive",139,2020-03-31 13:46:33.600
101,"india cases, deaths india, india reports, cases india, death toll",49,2020-03-31 13:46:33.600
102,"quarantine, quarantined, self quarantine, quarantining, enforcement",166,2020-03-31 13:46:33.600
103,"interesting, exciting, surprising, info, wow",121,2020-03-31 13:46:33.600
104,"antibody, antibodies, antibody cocktail, immunity, immune",91,2020-03-31 13:46:33.600
105,"recovery rate, coronavirusindia, coronavirusoutbreak, corona virus, india reports",70,2020-03-31 13:46:33.600
106,"alcohol, drinking, liquor, drink, beverage",139,2020-03-31 13:46:33.600
107,"new zealand, zealand, nz, swine flu, daily infections",121,2020-03-31 13:46:33.600
108,"arizona, az, phoenix, state health, health department",85,2020-03-31 13:46:33.600
109,"pcr tests, pcr test, pcr testing, rt pcr, pcr",34,2020-03-31 13:46:33.600
110,"vaccine trials, vaccine trial, vaccine approved, vaccine new, health canada",22,2020-03-31 13:46:33.600
111,"social distancing, socialdistancing, maintain social, social distance, distancing",180,2020-03-31 13:46:33.600
112,"hearts, smiling_face_with_heart, smiling_face_with_heart eyes, heartred heart, face hearts",20,2020-03-31 13:46:33.600
113,"meatpacking, meat, poultry, outbreak, outbreaks",252,2020-03-31 13:46:33.600
114,"nancy pelosi, pelosi, nancy, bipartisan, stimulus package",126,2020-03-31 13:46:33.600
115,"coronavirusupdates, death toll, 000 deaths, million deaths, number deaths",116,2020-03-31 13:46:33.600
116,"stay safe, safe stay, stay home, self quarantine, fight virus",130,2020-03-31 13:46:33.600
117,"tested positive, test positive, tests positive, jammu kashmir, kashmir",88,2020-03-31 13:46:33.600
118,"antibody tests, antibody test, antibody testing, antigen test, antibody",203,2020-03-31 13:46:33.600
119,"fight virus, viruses, virus, deadly virus, spread virus",108,2020-03-31 13:46:33.600
120,"wisconsin, wi, milwaukee, cases deaths, cases reported",67,2020-03-31 13:46:33.600
121,"turkey, turkish, syria, health minister, cyprus",124,2020-03-31 13:46:33.600
122,"thailand, thai, cambodia, disease 2019, plague",58,2020-03-31 13:46:33.600
123,"art, artists, arts, painting, exhibition",133,2020-03-31 13:46:33.600
124,"cinema, theaters, theater, film, theatre",78,2020-03-31 13:46:33.600
125,"cases reported, cases today, cases tuesday, new cases, cases confirmed",108,2020-03-31 13:46:33.600
126,"indian variant, virus, strains, variant detected, cases indian",4,2020-03-31 13:46:33.600
127,"salon, hair, coronavirusuk, barber, health officials",169,2020-03-31 13:46:33.600
128,"ontario reports, ontario reporting, cases ontario, breaking ontario, ontario",45,2020-03-31 13:46:33.600
129,"cuba, cuban, covidー19, sanctions, countries",125,2020-03-31 13:46:33.600
130,"trump pence, pence, mike pence, mike_pence, vice president",115,2020-03-31 13:46:33.600
131,"press briefing, briefing, briefings, current crisis, presidential task",145,2020-03-31 13:46:33.600
132,"scottish government, scotland, scottish, glasgow, edinburgh",110,2020-03-31 13:46:33.600
133,"exclamation mark, red exclamation, exclamation, double exclamation, disease 2019",58,2020-03-31 13:46:33.600
134,"tourism industry, tourism, tourists, tourist, international travel",112,2020-03-31 13:46:33.600
135,"loudspeaker, speaker, speakers, microphone, high volume",88,2020-03-31 13:46:33.600
136,"airborne transmission, airborne spread, airborne, aerosol, aerosols",34,2020-03-31 13:46:33.600
137,"georgia, ga, atlanta, gov, state health",210,2020-03-31 13:46:33.600
138,"rapid tests, new test, rapid testing, rapid test, tests",113,2020-03-31 13:46:33.600
139,"healthcare workers, health workers, care workers, healthcare, frontline workers",184,2020-03-31 13:46:33.600
140,"nfl, football, sports, teams, espn",34,2020-03-31 13:46:33.600
141,"ronaldo, cristiano, tested positive, madrid, testing positive",12,2020-03-31 13:46:33.600
142,"cruise ship, cruise, ships, sailors, ship",53,2020-03-31 13:46:33.600
143,"contact tracing, contact tracers, tracing app, tracing, trace",167,2020-03-31 13:46:33.600
144,"disability, people disabilities, disabled people, disabilities, accessible",112,2020-03-31 13:46:33.600
145,"science, scientific, scientists, scientist, scientific evidence",79,2020-03-31 13:46:33.600
146,"dominic cummings, cummings, dominic, tory, scandal",207,2020-03-31 13:46:33.600
147,"americans dying, americans dead, americans die, americans died, 000 americans",102,2020-03-31 13:46:33.600
148,"madagascar, malaria, cures, cure, cured",251,2020-03-31 13:46:33.600
149,"tested positive, testing positive, test positive, tests positive, positive tests",81,2020-03-31 13:46:33.600
150,"flu deaths, influenza, pneumonia, flu, mortality rate",140,2020-03-31 13:46:33.600
151,"athletes, sporting, sports, athletics, athletic",91,2020-03-31 13:46:33.600
152,"nepal, new infections, cases confirmed, number confirmed, world news",45,2020-03-31 13:46:33.600
153,"hong kong, hongkong, hong, kong, beijing",103,2020-03-31 13:46:33.600
154,"unemployment, unemployed, recession, employment, job losses",108,2020-03-31 13:46:33.600
155,"pittsburgh, nfl, patriots, chiefs, te",2,2020-03-31 13:46:33.600
156,"derasachasauda, gurmeetramrahim, serving, indiafightscorona, sacha",57,2020-03-31 13:46:33.600
157,"climate crisis, climate change, climatechange, climate, crisis",108,2020-03-31 13:46:33.600
159,"misinformation, disinformation, fake news, anti vaxxers, propaganda",116,2020-03-31 13:46:33.600
160,"stocks, stock market, stock, investors, invest",109,2020-03-31 13:46:33.600
161,"passed away, died today, care home, grieving, grandfather",104,2020-03-31 13:46:33.600
162,"telehealth, telemedicine, care providers, healthcare, medical care",89,2020-03-31 13:46:33.600
163,"park, parks, gardens, parking, recreation",89,2020-03-31 13:46:33.600
164,"social distancing, distancing, socialdistancing, maintain social, physical distancing",104,2020-03-31 13:46:33.600
165,"pfizer vaccine, vaccine pfizer, biontech vaccine, vaccine trial, approval vaccine",11,2020-03-31 13:46:33.600
166,"health crisis, global health, world health, public health, national health",61,2020-03-31 13:46:33.600
167,"homeless, homelessness, shelters, shelter, covid19sa",115,2020-03-31 13:46:33.600
168,"piersmorgan, piers, morgan, ministers, borisjohnson matthancock",149,2020-03-31 13:46:33.600
169,"small business, small businesses, business owners, businesses, local businesses",105,2020-03-31 13:46:33.600
170,"taste smell, smell, sickness, symptom, covid19uk",64,2020-03-31 13:46:33.600
171,"cancer patients, patients treated, cancer, patients, treatments",75,2020-03-31 13:46:33.600
172,"coronaviruses, neurological, coronavirusoutbreak, disease, infection",48,2020-03-31 13:46:33.600
173,"vietnam, vietnam war, infections deaths, zero deaths, war",52,2020-03-31 13:46:33.600
174,"ghana, african countries, guinea, current situation, day 2020",127,2020-03-31 13:46:33.600
175,"new normal, return normal, normal, life, change",75,2020-03-31 13:46:33.600
176,"spain, barcelona, madrid, spanish, health workers",66,2020-03-31 13:46:33.600
177,"protective equipment, ppe, personal protective, medical equipment, protective",126,2020-03-31 13:46:33.600
178,"mrna vaccine, mrna vaccines, vaccine, vaccines, vaccine candidate",14,2020-03-31 13:46:33.600
179,"milk, breast, pregnant women, vaccines safe, vaccination",17,2020-03-31 13:46:33.600
180,"nhscovid19app, nhs app, nhs, nhs test, apps",14,2020-03-31 13:46:33.600
181,"doug ford, ford, premier doug, fordnation, doug",59,2020-03-31 13:46:33.600
182,"digital transformation, digital, transformation, technology, microsoft",59,2020-03-31 13:46:33.600
183,"iowa, deaths reported, reports deaths, deaths, cases reported",76,2020-03-31 13:46:33.600
184,"cybersecurity, security, help protect, cyber, threats",74,2020-03-31 13:46:33.600
185,"johnson vaccine, vaccine trials, experimental vaccine, johnson johnson, vaccine trial",4,2020-03-31 13:46:33.600
186,"taiwan, chinese government, china, global health, world health",48,2020-03-31 13:46:33.600
187,"nova scotia, scotia, cases province, deaths related, deaths reported",30,2020-03-31 13:46:33.600
188,"chennai, tamil nadu, tamil, tamilnadu, nadu",59,2020-03-31 13:46:33.600
189,"disinfect, disinfection, disinfectant, disinfectants, sanitization",104,2020-03-31 13:46:33.600
190,"kenya, nairobi, kenyan, kenyans, moh_kenya",93,2020-03-31 13:46:33.600
191,"obesity, obese, covid_19_za, diabetes, fat",57,2020-03-31 13:46:33.600
192,"facebook, social media, infodemic, fb, conspiracy theories",30,2020-03-31 13:46:33.600
193,"philippine, philippines, disease 2019, manila, filipino",95,2020-03-31 13:46:33.600
194,"ramadan, celebration, mosques, muslim, celebrations",173,2020-03-31 13:46:33.600
195,"vaccine safe, taking vaccine, vaccines, vaccine, vaccinations",22,2020-03-31 13:46:33.600
196,"wuhan lab, lab wuhan, wuhan institute, pathogen, lab leak",23,2020-03-31 13:46:33.600
197,"mexico, mexican, new mexico, infected people, people dying",90,2020-03-31 13:46:33.600
198,"retail, retailers, commerce, shopping, shop",77,2020-03-31 13:46:33.600
199,"new vaccine, novavax, vaccine new, vaccine candidate, vaccine trials",2,2020-03-31 13:46:33.600
200,"diabetes, patients died, sugar, pandemics, patients",59,2020-03-31 13:46:33.600
201,"joyface tears, tears joyface, tears joy, joyface, tears joyrolling",81,2020-03-31 13:46:33.600
202,"stimulus package, stimulus, fiscal, economic crisis, packages",88,2020-03-31 13:46:33.600
203,"covidiots, plandemic, documentary, viral, youtube",112,2020-03-31 13:46:33.600
204,"kano, deaths linked, deaths caused, deaths recorded, deaths",183,2020-03-31 13:46:33.600
205,"corona virus, pets, cov virus, positive virus, cats",104,2020-03-31 13:46:33.600
207,"foxnews, fox news, breitbartnews, fox, msnbc",75,2020-03-31 13:46:33.600
208,"receive vaccine, vaccine update, vaccination status, vaccine, vaccines",1,2020-03-31 13:46:33.600
209,"floor laughingrolling, laughingrolling floor, laughingrolling, floor laughing, joyrolling floor",67,2020-03-31 13:46:33.600
210,"curfew, enforcement, vigilant, ban, imposed",48,2020-03-31 13:46:33.600
211,"vaccinated people, receiving vaccine, immunization, vaccine, vaccines",1,2020-03-31 13:46:33.600
212,"navajo nation, navajo, tribe, native american, tribes",133,2020-03-31 13:46:33.600
214,"hiv, hiv aids, aids, epidemic, transmitted",67,2020-03-31 13:46:33.600
215,"employees vaccinated, employers, employer, employee, employees",2,2020-03-31 13:46:33.600
216,"neet jee, jee neet, jee, neet, exams",2,2020-03-31 13:46:33.600
217,"amazon, warehouse, outbreaks, deliveries, workers died",100,2020-03-31 13:46:33.600
218,"indonesia, indonesian, epidemic, saudi, biggest",55,2020-03-31 13:46:33.600
219,"deaths india, mortality rate, death rate, fatality rate, mortality",17,2020-03-31 13:46:33.600
220,"merkel, germany, covid1, german, holocaust",79,2020-03-31 13:46:33.600
221,"nairobi, kenya, kenyatta, new infections, moh_kenya",85,2020-03-31 13:46:33.600
222,"brazilian, brazil, deaths recorded, deaths, cases deaths",58,2020-03-31 13:46:33.600
223,"hcq, china china, china, malaria drug, patients treated",87,2020-03-31 13:46:33.600
224,"cancelled, canceled, postponed, halted, cancellation",89,2020-03-31 13:46:33.600
225,"tories, tory, mps, labour, brexit",56,2020-03-31 13:46:33.600
226,"ayush, herbal, efficacy, narendramodi ji, medicines",31,2020-03-31 13:46:33.600
227,"nurses, nursing, nurse, care patients, treat patients",96,2020-03-31 13:46:33.600
228,"cannabis, marijuana, smoking, treating, smoke",89,2020-03-31 13:46:33.600
229,"coughing, symptoms, fever, mild symptoms, symptom",58,2020-03-31 13:46:33.600
230,"indigenous, tribes, native american, tribe, genocide",79,2020-03-31 13:46:33.600
231,"symptoms, showing symptoms, mild symptoms, symptom, symptomatic",70,2020-03-31 13:46:33.600
232,"kayleigh, press secretary, kellyanne conway, flynn, mcenany",16,2020-03-31 13:46:33.600
233,"uk cases, cases uk, cases reported, uk reports, cases deaths",16,2020-03-31 13:46:33.600
234,"ventilation, ventilated, respiratory, precautions, covidー19",26,2020-03-31 13:46:33.600
235,"5g, mobile, broadband, phone, phones",98,2020-03-31 13:46:33.600
236,"cyril ramaphosa, ramaphosa, cyrilramaphosa, president cyril, covid19sa",80,2020-03-31 13:46:33.600
237,"sputnik vaccine, swiss, russia, sputnik, covid19vaccine",1,2020-03-31 13:46:33.600
238,"reopening plan, reopening, ontario government, reopens, ontario",54,2020-03-31 13:46:33.600
239,"scott morrison, morrison, scott, scottmorrisonmp, health official",30,2020-03-31 13:46:33.600
240,"taxes, tax, irs, fiscal, taxpayer",78,2020-03-31 13:46:33.600
241,"maharashtra, total deaths, coronavirusoutbreak, cases india, death toll",60,2020-03-31 13:46:33.600
242,"illinois, il, chicago, deaths reported, additional deaths",63,2020-03-31 13:46:33.600
243,"lockdown till, complete lockdown, lockdown lockdown, lockdown extended, lockdown",12,2020-03-31 13:46:33.600
244,"donate plasma, plasma donor, plasma therapy, blood plasma, need plasma",77,2020-03-31 13:46:33.600
245,"tn, tennessee, state health, cases thursday, cases reported",67,2020-03-31 13:46:33.600
246,"death rate, new cdc, cdc says, number deaths, total deaths",36,2020-03-31 13:46:33.600
247,"deaths, suicides, suicide, health crisis, saving lives",51,2020-03-31 13:46:33.600
248,"vaccine available, vaccine ready, says vaccine, vaccine, vaccine just",49,2020-03-31 13:46:33.600
249,"awards, award, honored, winners, nominated",47,2020-03-31 13:46:33.600
250,"wildlife, animals, pandemics, zoo, livestock",101,2020-03-31 13:46:33.600
252,"insurance, health insurance, insurers, policies, policy",64,2020-03-31 13:46:33.600
253,"died complications, died today, died april, died, dies",23,2020-03-31 13:46:33.600
254,"dialysis, kidney, hospitalized patients, patients hospitalized, patients treated",58,2020-03-31 13:46:33.600
255,"ipl2021, ipl, cricket, premier league, covid19india",1,2020-03-31 13:46:33.600
256,"flu deaths, americans die, americans died, 000 deaths, americans dead",55,2020-03-31 13:46:33.600
257,"democrats, dems, democrat, democratic, republicans",68,2020-03-31 13:46:33.600
258,"travel restrictions, traveling, international travel, travelling, travel",43,2020-03-31 13:46:33.600
259,"burial, cremation, funeral, funerals, buried",7,2020-03-31 13:46:33.600
260,"loan, loans, lending, financing, bank",70,2020-03-31 13:46:33.600
261,"covid1, covidー19, resources, resource, updated guidance",91,2020-03-31 13:46:33.600
262,"bats, bat, coronaviruses, viruses, animals",65,2020-03-31 13:46:33.600
263,"clinicians, treating patients, physicians, physician, medical association",58,2020-03-31 13:46:33.600
264,"manitoba, cases province, cases deaths, winnipeg, province",20,2020-03-31 13:46:33.600
265,"lungs, lung, pneumonia, respiratory, according cdc",66,2020-03-31 13:46:33.600
266,"refugees, refugee, migrants, asylum, migrant",66,2020-03-31 13:46:33.600
267,"controlled, virus, push, lock, sars cov",20,2020-03-31 13:46:33.600
268,"pushpin, round pushpin, infectious disease, infectious, indiafightscorona round",5,2020-03-31 13:46:33.600
269,"supreme court, judicial, courts, judiciary, court",66,2020-03-31 13:46:33.600
270,"dogs, dog, detect, detection, detecting",34,2020-03-31 13:46:33.600
271,"sewage, infection rates, viral, sars cov, outbreaks",33,2020-03-31 13:46:33.600
272,"patients discharged, discharged hospital, discharged, recovered patients, patients recovered",89,2020-03-31 13:46:33.600
273,"premier league, chelsea, liverpool, league, clubs",61,2020-03-31 13:46:33.600
274,"dental, oral, healthcare, medicaid, precautions",61,2020-03-31 13:46:33.600
275,"nurses, nurse, nursing, doctors nurses, care patients",84,2020-03-31 13:46:33.600
276,"join webinar, free webinar, webinar, webinars, webinar series",83,2020-03-31 13:46:33.600
277,"myanmar, thailand, afghanistan, livelihoods, covidー19",20,2020-03-31 13:46:33.600
278,"disinfectant, disinfect, disinfectants, injecting, inject",153,2020-03-31 13:46:33.600
279,"mother day, mothers, mother, mum, day giving",93,2020-03-31 13:46:33.600
280,"got vaccinated, got vaccine, vaccine today, received vaccine, getting vaccine",2,2020-03-31 13:46:33.600
281,"oil, markets, fuels, market 2020, recession",69,2020-03-31 13:46:33.600
282,"greece, covid1, greek, icus, cases infection",62,2020-03-31 13:46:33.600
283,"zinc, hydroxychloroquine, malaria drug, vitamin, chloroquine",90,2020-03-31 13:46:33.600
284,"gavin newsom, newsom, gavinnewsom, public health, gavin",61,2020-03-31 13:46:33.600
286,"pathogen, fungus, black fungus, infections, infection",5,2020-03-31 13:46:33.600
287,"jamaica, barbados, disease 2019, health ministry, sweden",26,2020-03-31 13:46:33.600
288,"bolsonaro, brazilian, brazil, threatens, scandal",50,2020-03-31 13:46:33.600
289,"ontario reports, ontario reporting, breaking ontario, deaths reported, cases ontario",28,2020-03-31 13:46:33.600
290,"albertans, alberta, receive vaccine, vaccine, covid19ab",1,2020-03-31 13:46:33.600
291,"flu season, seasonal flu, flu, influenza, cold flu",58,2020-03-31 13:46:33.600
292,"utah, quarantine, hospitalized, health officials, hospitalized patients",40,2020-03-31 13:46:33.600
293,"gretchen whitmer, gretchen, michigan, governor whitmer, whitmer",63,2020-03-31 13:46:33.600
294,"cities, city, pandemics, urban, amid crisis",61,2020-03-31 13:46:33.600
295,"immunity, immune response, immune, natural immunity, coronaviruses",52,2020-03-31 13:46:33.600
296,"angels, air force, salute, pilots, flying",136,2020-03-31 13:46:33.600
297,"marathon, racing, running, race, pace",58,2020-03-31 13:46:33.600
298,"data, information, analytics, private sector, stats",51,2020-03-31 13:46:33.600
299,"g7 summit, g7 leaders, g7, summit, korea",5,2020-03-31 13:46:33.600
300,"million tests, total tests, tests conducted, testing capacity, tests",37,2020-03-31 13:46:33.600
301,"hospital beds, beds available, hospital bed, beds, icu beds",6,2020-03-31 13:46:33.600
302,"vaccination rate, vaccine, people vaccinated, vaccination, vaccine shot",3,2020-03-31 13:46:33.600
303,"moscow, vaccine developed, potential vaccine, russia, putin",8,2020-03-31 13:46:33.600
304,"uk government, government response, government handling, governments, britons",83,2020-03-31 13:46:33.600
305,"work home, working home, home stay, stay home, home",51,2020-03-31 13:46:33.600
306,"shirt, shirts, wearing, clothes, retweet",53,2020-03-31 13:46:33.600
307,"cycling, bike, mobility, ride, transportation",63,2020-03-31 13:46:33.600
308,"cardiovascular, heart disease, cardiac, heart problems, heart attack",40,2020-03-31 13:46:33.600
309,"brexit, inevitable, eu, wto, warns",58,2020-03-31 13:46:33.600
310,"cvs pharmacy, pharmacy, prescription, appointments available, drug store",2,2020-03-31 13:46:33.600
311,"president joe, joebiden, joe, trump administration, president trump",24,2020-03-31 13:46:33.600
312,"plasma therapy, convalescent plasma, blood plasma, patients treated, treatment",48,2020-03-31 13:46:33.600
313,"covidiots, deadly virus, viruses, virus spread, virus",62,2020-03-31 13:46:33.600
314,"bleach, disinfectant, disinfectants, cure, anti vaxxers",102,2020-03-31 13:46:33.600
315,"steroid, steroids, treatment patients, dexamethasone, ill patients",1,2020-03-31 13:46:33.600
316,"banking, fintech, banks, bank, bankers",52,2020-03-31 13:46:33.600
317,"extreme poverty, poverty, economic crisis, current crisis, poor people",45,2020-03-31 13:46:33.600
318,"ottawa, cbc news, ontario, quebec, montreal",23,2020-03-31 13:46:33.600
319,"handsfolded hands, handsfolded, handsfolded handsfolded, folded hands, folded handsfolded",31,2020-03-31 13:46:33.600
320,"reinfection, recovered patients, cured, recovered patient, infected",50,2020-03-31 13:46:33.600
321,"died april, death reported, passed away, died, dies",17,2020-03-31 13:46:33.600
322,"eid mubarak, eidmubarak, eid, mubarak, best wishes",65,2020-03-31 13:46:33.600
323,"flu vaccine, flu shot, vaccine, flu, vaccines",16,2020-03-31 13:46:33.600
324,"yemen, saudi, outbreak, people dying, humanitarian",38,2020-03-31 13:46:33.600
325,"leadership, leaders, handling crisis, organisations, crises",60,2020-03-31 13:46:33.600
326,"deaths recorded, mortality, covidー19, scotland, deaths linked",22,2020-03-31 13:46:33.600
327,"peru, latin america, amid crisis, regime, indigenous",29,2020-03-31 13:46:33.600
328,"vaccines available, vaccines, vaccine, vaccine available, vaccines work",17,2020-03-31 13:46:33.600
329,"halloween, screaming fear, quarantine, fear, holiday",6,2020-03-31 13:46:33.600
330,"cure, cures, cured, flu deaths, remedy",76,2020-03-31 13:46:33.600
331,"infection rates, infection rate, health england, infection, cases uk",19,2020-03-31 13:46:33.600
332,"blood clots, blood clot, clots, clot, blood",1,2020-03-31 13:46:33.600
333,"tested positive, testing positive, tests positive, test positive, positive virus",60,2020-03-31 13:46:33.600
334,"robots, robot, rwanda, medics, ai",59,2020-03-31 13:46:33.600
335,"hospitals, medicare, treat patients, private hospitals, patients",70,2020-03-31 13:46:33.600
336,"second doses, doses, second dose, 2nd dose, 1st dose",2,2020-03-31 13:46:33.600
337,"osha, health safety, protect health, safety protocols, prevention",18,2020-03-31 13:46:33.600
338,"join tomorrow, conference, virtual event, event, join",49,2020-03-31 13:46:33.600
339,"pennsylvania, pa, executive order, wolf, state",34,2020-03-31 13:46:33.600
340,"sri lanka, lanka, srilanka, sri, related deaths",35,2020-03-31 13:46:33.600
341,"overdose, health crisis, epidemic, epidemics, deaths occurred",21,2020-03-31 13:46:33.600
342,"flatten curve, flattening curve, flatten, flattening, curve",78,2020-03-31 13:46:33.600
343,"afghanistan, outbreak, people infected, casualties, troops",34,2020-03-31 13:46:33.600
344,"scams, covid_19_za, scam, fraud, cybersecurity",60,2020-03-31 13:46:33.600
345,"ghana, deaths, recoveries, cases recorded, cases confirmed",96,2020-03-31 13:46:33.600
346,"syria, coronaviruspandemic, gmt coronavirusupdate, coronavirusupdate, coronavirusupdate coronaviruspandemic",49,2020-03-31 13:46:33.600
347,"dementia, alzheimer, care homes, older adults, caregivers",34,2020-03-31 13:46:33.600
348,"welsh, wales, uk government, england wales, labour",32,2020-03-31 13:46:33.600
349,"nicola sturgeon, sturgeon, nicola, piersmorgan, scottish",44,2020-03-31 13:46:33.600
350,"000 tests, million tests, testing capacity, mass testing, tests day",54,2020-03-31 13:46:33.600
351,"air pollution, pollution, death rates, environmental, air",67,2020-03-31 13:46:33.600
352,"contact, inconvenience, registered, kindly, getting infected",34,2020-03-31 13:46:33.600
353,"policing, police brutality, police, law enforcement, police officers",53,2020-03-31 13:46:33.600
354,"lab leak, leak theory, leak, leaked, fda",1,2020-03-31 13:46:33.600
355,"human rights, humanrights, rights, rights violations, covid1",41,2020-03-31 13:46:33.600
356,"conferences, conference, meeting, 2020, meetings",40,2020-03-31 13:46:33.600
357,"railway, train, metro, hospital, screening",1,2020-03-31 13:46:33.600
358,"exercise, fitness, gym, routine, healthy",34,2020-03-31 13:46:33.600
359,"tested positive, testing positive, tests positive, test positive, positive tests",27,2020-03-31 13:46:33.600
360,"waste, sars cov, garbage, trash, pollution",29,2020-03-31 13:46:33.600
361,"treat patients, surgery, patients, surgical, critical care",55,2020-03-31 13:46:33.600
363,"pandemics, inequalities, inequality, spread virus, causes",40,2020-03-31 13:46:33.600
365,"rajasthan, coronavirusupdates, coronavirusoutbreak, covidiots, jaipur",43,2020-03-31 13:46:33.600
366,"ccp, virus, self quarantine, concern, cv",27,2020-03-31 13:46:33.600
367,"keycap, 1keycap, covidー19, en, enter",22,2020-03-31 13:46:33.600
368,"moderna vaccine, moderna says, vaccine available, approval vaccine, moderna",18,2020-03-31 13:46:33.600
369,"albertans, alberta, province, jason kenney, provinces",23,2020-03-31 13:46:33.600
370,"museums, museum, exhibition, heritage, visitors",44,2020-03-31 13:46:33.600
371,"faceloudly crying, crying faceloudly, loudly crying, crying face, face tears",43,2020-03-31 13:46:33.600
372,"quebec, covid1, cases ontario, cases deaths, 000 cases",25,2020-03-31 13:46:33.600
374,"hoax, coronavirusuk, fakenews, don believe, believe",39,2020-03-31 13:46:33.600
375,"firefighters, fires, wildfires, wildfire, burning",25,2020-03-31 13:46:33.600
376,"legislature, congress, representative, congressional, oversight",5,2020-03-31 13:46:33.600
377,"pledge, pledged, unite2fightcorona, joining, participate",5,2020-03-31 13:46:33.600
378,"marketing, advertising, consumers, customers, brands",61,2020-03-31 13:46:33.600
379,"supply chains, supply chain, supply, logistics, retailers",51,2020-03-31 13:46:33.600
380,"gst, support, finance minister, regulatory, proposal",8,2020-03-31 13:46:33.600
381,"government handling, government response, government failed, governments, government",40,2020-03-31 13:46:33.600
383,"abortion, pill, health care, reproductive, medication",65,2020-03-31 13:46:33.600
384,"costs, billions, cost, millions, drug",47,2020-03-31 13:46:33.600
385,"allowed, restricted, keepingourpromiseact hr3548, restrictions, allow",5,2020-03-31 13:46:33.600
386,"rwanda, genocide, sudan, united nations, east africa",38,2020-03-31 13:46:33.600
387,"flowers, blue heart, heartsparkles, music, hearts",5,2020-03-31 13:46:33.600
388,"american deaths, americans died, americans dead, vietnam war, vietnam",68,2020-03-31 13:46:33.600
390,"inflammatory syndrome, inflammation, inflammatory, disease, diagnosed",88,2020-03-31 13:46:33.600
392,"refund, cancel, airline, flights, canceled",53,2020-03-31 13:46:33.600
393,"financial assistance, childcare, pension, grant, financial support",2,2020-03-31 13:46:33.600
394,"new infections, russia, number infections, infection rate, moscow",45,2020-03-31 13:46:33.600
395,"pension, retirement, social security, savings, investments",32,2020-03-31 13:46:33.600
396,"south dakota, north dakota, dakota, cases deaths, cases south",12,2020-03-31 13:46:33.600
397,"telangana, andhrapradesh, hyderabad, karnataka, deaths reported",23,2020-03-31 13:46:33.600
398,"matt hancock, health minister, health secretary, hancock, tory",20,2020-03-31 13:46:33.600
399,"george floyd, floyd, riots, protesters, protest",18,2020-03-31 13:46:33.600
400,"pensive face, face, face tongue, faceenraged, flushed face",47,2020-03-31 13:46:33.600
401,"ohio, hospitalizations, probable cases, cases 100, cleveland",23,2020-03-31 13:46:33.600
402,"tanzania, rwanda, zambia, quarantined, ngos",58,2020-03-31 13:46:33.600
403,"wedding, weddings, ceremony, marriage, covidiots",37,2020-03-31 13:46:33.600
404,"immigrants, legal immigrants, immigrant, immigration, bring fairness",1,2020-03-31 13:46:33.600
405,"lockdown restrictions, lockdown measures, lockdown, lockdowns, end lockdown",36,2020-03-31 13:46:33.600
406,"coronavirusoutbreak, antiviral, vaccine india, covid19india, vaccine",3,2020-03-31 13:46:33.600
407,"unicef, health services, refugee, partnership, epidemics",32,2020-03-31 13:46:33.600
408,"anti asian, asian, racism, racist, racial",51,2020-03-31 13:46:33.600
409,"racist, racial, trumpvirus, racism, blacks",9,2020-03-31 13:46:33.600
410,"new restrictions, restrictions lifted, easing restrictions, restrictions, new guidelines",20,2020-03-31 13:46:33.600
411,"disease 2019, doh reports, cases reported, cases infection, new cases",42,2020-03-31 13:46:33.600
412,"deaf, hearing, ear, aid, reading",32,2020-03-31 13:46:33.600
413,"blood plasma, plasma donor, plasma therapy, need plasma, need blood",4,2020-03-31 13:46:33.600
414,"hotels, hotel, resort, hospitality, amid crisis",39,2020-03-31 13:46:33.600
415,"rand paul, rand, paul, randpaul, positive virus",21,2020-03-31 13:46:33.600
416,"iranian, iran, people died, 000 people, 200 people",3,2020-03-31 13:46:33.600
417,"cases 24, cases confirmed, tested today, new cases, cases recorded",27,2020-03-31 13:46:33.600
418,"156, 192, 311, 06, 67",4,2020-03-31 13:46:33.600
419,"lgbtq, refugees, stigma, gay, discrimination",43,2020-03-31 13:46:33.600
420,"cases deaths, michigan, total deaths, additional deaths, 15 deaths",21,2020-03-31 13:46:33.600
421,"cases deaths, deaths reported, 000 deaths, cases death, deaths",21,2020-03-31 13:46:33.600
422,"workers died, healthcare workers, health workers, care workers, died complications",44,2020-03-31 13:46:33.600
423,"megaphone, provider, nhs app, applications, sector",22,2020-03-31 13:46:33.600
424,"drones, drone, surveillance, flying, ghana",53,2020-03-31 13:46:33.600
425,"memorial day, memorial, honoring, veterans, tribute",60,2020-03-31 13:46:33.600
426,"covidvaccination, vaccine doses, doses vaccines, doses vaccine, million doses",2,2020-03-31 13:46:33.600
427,"ashokgehlot51, kagutamuseveni, cmomaharashtra, imrankhanpti, gujarat",25,2020-03-31 13:46:33.600
429,"youth, young people, teens, teenagers, youths",42,2020-03-31 13:46:33.600
430,"covidiots, scared, scare, fears, don afraid",38,2020-03-31 13:46:33.600
432,"nba, positive virus, basketball, players, teams",46,2020-03-31 13:46:33.600
433,"disease, inflammatory syndrome, diagnosed, fever, illness",89,2020-03-31 13:46:33.600
434,"new survey, surveys, survey, polls, responses",48,2020-03-31 13:46:33.600
435,"vegas, las vegas, nevada, las, coronav",35,2020-03-31 13:46:33.600
436,"leadership, leader, leaders, manage, crisis",54,2020-03-31 13:46:33.600
437,"global vaccine, vaccine trials, vaccination programme, vaccine trial, free vaccines",5,2020-03-31 13:46:33.600
438,"prizes, contest, counties, lottery, prize",1,2020-03-31 13:46:33.600
439,"mental health, mentalhealth, health crisis, adolescents, health",28,2020-03-31 13:46:33.600
440,"contagious, highly contagious, infectious, infectious disease, contagion",33,2020-03-31 13:46:33.600
442,"saliva, cov, risk infection, rapid antigen, sars cov",18,2020-03-31 13:46:33.600
443,"walter reed, disease, trump tested, trump rally, medical",1,2020-03-31 13:46:33.600
444,"whatsapp, service available, messages, message, hotline",36,2020-03-31 13:46:33.600
445,"let fight, combating, help fight, fighting, fight",47,2020-03-31 13:46:33.600
446,"hate crimes, crimes, anti asian, crime, incidents",6,2020-03-31 13:46:33.600
448,"jared kushner, kushner, jared, trump administration, trump",50,2020-03-31 13:46:33.600
449,"dashboard, charts, monitoring, monitor, indicators",23,2020-03-31 13:46:33.600
450,"trumpvirus, coronavirusoutbreak, president trump, trump, trump claims",25,2020-03-31 13:46:33.600
451,"zimbabwe, zambia, ngo, world health, coronaviru",33,2020-03-31 13:46:33.600
452,"scottish, scotland, edinburgh, glasgow, isle",8,2020-03-31 13:46:33.600
453,"detention, detained, incarcerated, immigration, ice",58,2020-03-31 13:46:33.600
454,"hawaii, cases reported, new cases, reports new, false positive",12,2020-03-31 13:46:33.600
455,"donor, need blood, donate plasma, donors, donation",31,2020-03-31 13:46:33.600
456,"youtube, videos, censorship, censor, video",35,2020-03-31 13:46:33.600
457,"uk deaths, deaths uk, related deaths, deaths today, deaths recorded",14,2020-03-31 13:46:33.600
458,"lebanon, palestinian, outbreak, middle east, economic crisis",20,2020-03-31 13:46:33.600
459,"fines, fined, enforcement, violations, enforce",11,2020-03-31 13:46:33.600
460,"public transport, transportation, transport, traveling, travel",33,2020-03-31 13:46:33.600
461,"global vaccine, free vaccines, free vaccine, access vaccines, vaccine",13,2020-03-31 13:46:33.600
462,"anxiety, anxious, coping, disease 2019, fear",41,2020-03-31 13:46:33.600
463,"workplace, workplaces, employee, employer, workforce",38,2020-03-31 13:46:33.600
464,"somalia, infection rate, cases deaths, cases confirmed, latest updates",51,2020-03-31 13:46:33.600
465,"stats, statistics, epidemic, prevalence, outbreaks",36,2020-03-31 13:46:33.600
466,"blue diamond, hospitalizations, icu, diamond, health emergency",38,2020-03-31 13:46:33.600
467,"joe biden, biden campaign, biden says, biden, trump biden",2,2020-03-31 13:46:33.600
468,"kaduna, infected, infect, tested positive, nigeria",92,2020-03-31 13:46:33.600
469,"covid19sa, covidー19, gauteng, cases province, total cases",29,2020-03-31 13:46:33.600
470,"railways, railway, trains, train, rail",37,2020-03-31 13:46:33.600
471,"ebola, hiv, aids, epidemiologist, epidemic",68,2020-03-31 13:46:33.600
472,"malaria, infectious diseases, diseases, infectious, endemic",59,2020-03-31 13:46:33.600
473,"coronavirusupdates, new cases, reported cases, chinese government, infection rates",35,2020-03-31 13:46:33.600
474,"india news, spread india, muslims, muslim, hindu",49,2020-03-31 13:46:33.600
475,"hospitals, patients hospital, treating patients, hospital, private hospitals",39,2020-03-31 13:46:33.600
476,"spike protein, vaccines, vaccine, potential vaccine, viral",4,2020-03-31 13:46:33.600
477,"health authorities, health minister, health officials, minister health, cbc news",21,2020-03-31 13:46:33.600
478,"uv light, uv, coronavirusupdates, coronavirusoutbreak, disinfectant",66,2020-03-31 13:46:33.600
479,"truebloodpump, blood, disease, dr, saint",72,2020-03-31 13:46:33.600
480,"happy birthday, birthday, celebrate, celebrating, 26th",12,2020-03-31 13:46:33.600
481,"florida department, dashboard, florida, coronavirusupdates, refusing",51,2020-03-31 13:46:33.600
482,"covidー19, karnataka, coronavirusoutbreak, covidsecondwave, deaths reported",22,2020-03-31 13:46:33.600
483,"positive virus, outbreak, infecting, infected, outbreaks",15,2020-03-31 13:46:33.600
484,"pharmacist, pharmacists, pharma, pharmacy, pharmacies",28,2020-03-31 13:46:33.600
485,"bihar, cases reported, patna, cases 15, ve cases",64,2020-03-31 13:46:33.600
487,"cdc director, cdc reports, cdc, trump admin, reporter",10,2020-03-31 13:46:33.600
488,"died complications, dies complications, died, dave, dies",24,2020-03-31 13:46:33.600
489,"vaccine passport, passports, immunity, passport, vaccinations",37,2020-03-31 13:46:33.600
490,"deaths reported, additional deaths, related deaths, 15 deaths, cases deaths",21,2020-03-31 13:46:33.600
491,"interview, interviewed, interviews, conversation, investigation",24,2020-03-31 13:46:33.600
493,"journalists, journalist, journalism, reporters, newspaper",49,2020-03-31 13:46:33.600
496,"muslims, muslim, islamic, mosque, mosques",45,2020-03-31 13:46:33.600
497,"jammu kashmir, covidー19, jammu, kashmir, india reports",23,2020-03-31 13:46:33.600
499,"coronaviruspandemic, coronavirusupdate, coronavirusupdate coronaviruspandemic, poland, gmt coronavirusupdate",7,2020-03-31 13:46:33.600
500,"excess deaths, excess mortality, number deaths, deaths reported, total deaths",50,2020-03-31 13:46:33.600
503,"vendors, products, shop, beauty, order",5,2020-03-31 13:46:33.600
504,"alberta, albertans, calgary, cases province, related deaths",17,2020-03-31 13:46:33.600
505,"tested positive, testing positive, tests positive, test positive, trump tested",31,2020-03-31 13:46:33.600
506,"cdc director, cdc, self quarantine, fda, redfield",16,2020-03-31 13:46:33.600
507,"cat, paw, chi, dog, smiling_face_with_heart eyes",4,2020-03-31 13:46:33.600
508,"jacinda ardern, new zealand, zealand, nz, ardern",21,2020-03-31 13:46:33.600
509,"pregnant, pregnancy, couples, vaccinations, sex",5,2020-03-31 13:46:33.600
510,"face smiling, smiling face, smiling_face_with_heart, smiling_face_with_heart eyes, smiling eyes",35,2020-03-31 13:46:33.600
512,"fashion, clothing, clothes, trend, style",32,2020-03-31 13:46:33.600
513,"uk deaths, death toll, deaths uk, 000 deaths, toll rises",25,2020-03-31 13:46:33.600
514,"market 2020, 2020, trends, market, manufacturers",28,2020-03-31 13:46:33.600
515,"autopsy, murdered, murder, suicide, death count",74,2020-03-31 13:46:33.600
516,"vaccine available, use vaccine, vaccine, vaccine approved, taking vaccine",5,2020-03-31 13:46:33.600
517,"beaches, beach, shore, coast, ocean",48,2020-03-31 13:46:33.600
518,"world population, death rates, population, percent, total deaths",34,2020-03-31 13:46:33.600
519,"whistleblower, warnings, threatened, accountability, trump administration",35,2020-03-31 13:46:33.600
520,"deaths reported, number deaths, hospital deaths, tested positive, positive virus",41,2020-03-31 13:46:33.600
521,"fighting stigma, stigma, people infected, mental health, discrimination",35,2020-03-31 13:46:33.600
522,"articles, great article, article, interesting article, read article",26,2020-03-31 13:46:33.600
523,"furlough, unemployed, charities, holiday, layoffs",40,2020-03-31 13:46:33.600
524,"chinese virologist, chinese scientists, chinese lab, wuhan lab, wuhan institute",1,2020-03-31 13:46:33.600
525,"portugal, spain, death rate, death rates, countries",6,2020-03-31 13:46:33.600
526,"trudeau, justin trudeau, justintrudeau, aid, taxpayer",27,2020-03-31 13:46:33.600
527,"ncaa, football, college, campus, attending",15,2020-03-31 13:46:33.600
529,"poetry, write, written, wrote, diary",34,2020-03-31 13:46:33.600
530,"retweet, tweets, tweeted, viral, 300",21,2020-03-31 13:46:33.600
531,"mental health, mentalhealth, depression, mental, health services",30,2020-03-31 13:46:33.600
532,"kellyanne conway, detained, hope, infected, conway",3,2020-03-31 13:46:33.600
533,"uk deaths, deaths uk, death toll, death rate, uk reports",61,2020-03-31 13:46:33.600
534,"infectious diseases, covidー19, infectious, spread virus, infect",31,2020-03-31 13:46:33.600
535,"oklahoma, tulsa, cases deaths, public health, additional deaths",17,2020-03-31 13:46:33.600
536,"bbcnews, bbc, bbcworld, news, skynews",27,2020-03-31 13:46:33.600
537,"musk, elon, elonmusk, tweet, tweets",41,2020-03-31 13:46:33.600
538,"deaths reported, deaths today, related deaths, additional deaths, new deaths",19,2020-03-31 13:46:33.600
539,"hiring, recruitment, recruiting, hire, jobs",40,2020-03-31 13:46:33.600
540,"assam, icu beds, hospital bed, urgently need, beds available",1,2020-03-31 13:46:33.600
541,"screening, indonesian, indonesia, getting infected, fully vaccinated",1,2020-03-31 13:46:33.600
542,"lagos, lagos state, patients discharged, nigeria, discharged hospital",71,2020-03-31 13:46:33.600
544,"vaccine passports, vaccine passport, passports, global vaccine, passport",3,2020-03-31 13:46:33.600
545,"buhari, presidential, presidential task, presidents, governors",64,2020-03-31 13:46:33.600
546,"duterte, presidential, government response, du, threatens",28,2020-03-31 13:46:33.600
547,"azerbaijan, coronaviruspandemic, health safety, health minister, new patients",8,2020-03-31 13:46:33.600
548,"maine, additional deaths, deaths linked, deaths, outbreak",12,2020-03-31 13:46:33.600
549,"photography, photos, camera, pictures, photo",38,2020-03-31 13:46:33.600
550,"innovation, technology, epidemics, technologies, efforts",36,2020-03-31 13:46:33.600
551,"cross border, border, borders, immigration, provinces",10,2020-03-31 13:46:33.600
552,"disney, unemployment, resort, benefits, employees",18,2020-03-31 13:46:33.600
553,"tested positive, tests positive, positive test, fighter, getting tested",47,2020-03-31 13:46:33.600
554,"jammu kashmir, kashmir, jammu, srinagar, indian",23,2020-03-31 13:46:33.600
556,"mps, conducted, personnel, police station, june 2021",12,2020-03-31 13:46:33.600
557,"tested negative, tested today, joebiden, trump tested, tests negative",1,2020-03-31 13:46:33.600
558,"telangana, lockdown till, lockdown extended, extends lockdown, lockdown lockdown",10,2020-03-31 13:46:33.600
559,"realdonaldtrump, biden administration, president biden, biden, communist china",5,2020-03-31 13:46:33.600
560,"week cdc, cdc, cdc quietly, hospitalizations, illnesses",2,2020-03-31 13:46:33.600
561,"libraries, library, books, literacy, reading",28,2020-03-31 13:46:33.600
562,"tobago, trinidad tobago, trinidad, coronavirusupdate, coronavirusupdate coronaviruspandemic",14,2020-03-31 13:46:33.600
563,"cases reported, new delhi, delhi, cases 24, new cases",12,2020-03-31 13:46:33.600
564,"joke, jokes, funny, comedy, laugh",28,2020-03-31 13:46:33.600
565,"misinformation, fox news, disinformation, trump, fakenews",3,2020-03-31 13:46:33.600
566,"governors, state governor, governor, legislature, governme",31,2020-03-31 13:46:33.600
567,"namibia, coronaviruspandemic, coronavirusupdate, coronavirusupdate coronaviruspandemic, gmt coronavirusupdate",21,2020-03-31 13:46:33.600
569,"weather, sun, sunny, sunshine, rain",12,2020-03-31 13:46:33.600
570,"sleep, sleeping, woke, bed, covid1",33,2020-03-31 13:46:33.600
571,"tested positive, antibody test, test positive, positive tests, mlb",34,2020-03-31 13:46:33.600
572,"hug, embrace, loved ones, comfort, quarantine",19,2020-03-31 13:46:33.600
573,"fish, boat, waters, wildlife, concerns",45,2020-03-31 13:46:33.600
574,"cloud, microsoft, providers, apps, market 2020",20,2020-03-31 13:46:33.600
575,"coronavirusupdates, coronavirusupdate, coronavirusupdate coronaviruspandemic, coronaviruspandemic, coronavirusindia",13,2020-03-31 13:46:33.600
576,"covidvaccination, vaccine, vaccinated, vaccine shots, million vaccines",2,2020-03-31 13:46:33.600
578,"tested positive, testing positive, test positive, tests positive, positive virus",63,2020-03-31 13:46:33.600
579,"right arrow, arrow, epidemic, endemic, influenza",18,2020-03-31 13:46:33.600
580,"hospital beds, hospital, facilities, facility, pune",12,2020-03-31 13:46:33.600
581,"hospitals, hospital, medical, healthcare, surgery",26,2020-03-31 13:46:33.600
582,"deaths, patriots, news today, false positives, falcons",1,2020-03-31 13:46:33.600
583,"lawsuit, federal judge, court, sued, treatment",2,2020-03-31 13:46:33.600
584,"tuberculosis, tb, infectious disease, infectious, epidemic",23,2020-03-31 13:46:33.600
585,"corruption, corrupt, governments, govt, governance",13,2020-03-31 13:46:33.600
586,"fraud, fraudulent, scam, warns, crime",32,2020-03-31 13:46:33.600
587,"beach, beaches, thailand, hike, trip",17,2020-03-31 13:46:33.600
588,"football, sports, soccer, match, golf",12,2020-03-31 13:46:33.600
590,"cyclone, india news, storm, gujarat, west bengal",20,2020-03-31 13:46:33.600
591,"sage, advisory group, advisory committee, advisers, authority",42,2020-03-31 13:46:33.600
592,"billionaires, billionaire, forbes, millions people, billions",11,2020-03-31 13:46:33.600
593,"autism, disabilities, disability, disabled people, parents",39,2020-03-31 13:46:33.600
594,"blood clots, blood clot, clots, clot, need blood",28,2020-03-31 13:46:33.600
595,"sanitation, water, hygiene, infrastructure, ensuring",36,2020-03-31 13:46:33.600
596,"south asia, asia, pandemics, asian, countries",19,2020-03-31 13:46:33.600
597,"risk death, risk dying, medication, increased risk, patients treated",35,2020-03-31 13:46:33.600
598,"construction, building, contractors, infrastructure, health safety",35,2020-03-31 13:46:33.600
599,"coronavirusupdates, fuck, 2019, fucking, 2020",32,2020-03-31 13:46:33.600
600,"covid19uk, care homes, care home, home residents, term care",32,2020-03-31 13:46:33.600
601,"car light, green, car lightpolice, brampton, hotspot",1,2020-03-31 13:46:33.600
602,"tweets, twitter, tweet, tweeting, social media",44,2020-03-31 13:46:33.600
603,"kamala harris, suspending, mayor, suspend, suspends",1,2020-03-31 13:46:33.600
604,"new cdc, cdc, cdc data, cdc says, cdcgov",21,2020-03-31 13:46:33.600
605,"fiji, islands, pacific, breaches, ministry health",7,2020-03-31 13:46:33.600
606,"crypto, bitcoin, markets, stock market, market",17,2020-03-31 13:46:33.600
607,"immunity, natural immunity, immune, immune response, pathogen",16,2020-03-31 13:46:33.600
608,"county health, health department, health dept, county, county public",3,2020-03-31 13:46:33.600
609,"tucker carlson, carlson, tucker, fox news, foxnews",19,2020-03-31 13:46:33.600
610,"lockdown restrictions, lockdown extended, complete lockdown, extends lockdown, lockdown",4,2020-03-31 13:46:33.600
611,"covid1, develop vaccine, vaccine, nigeria, vaccination",15,2020-03-31 13:46:33.600
612,"philippines, philippine, manila, filipino, filipinos",31,2020-03-31 13:46:33.600
613,"transmission, transmit, risks, risk, concerns",15,2020-03-31 13:46:33.600
614,"nashville, mayor, tn, mayors, city",5,2020-03-31 13:46:33.600
616,"new cases, cases confirmed, covidー19, cases new, confirmed cases",61,2020-03-31 13:46:33.600
618,"happy friday, good evening, good night, great day, good day",4,2020-03-31 13:46:33.600
619,"visa, visas, embassy, reopening, immigration",14,2020-03-31 13:46:33.600
621,"cases province, province, infection rates, cases reported, cases today",23,2020-03-31 13:46:33.600
622,"recovered patients, new recoveries, hospitalized, new cases, cases recorded",17,2020-03-31 13:46:33.600
623,"stephen miller, miller, tested positive, trumpvirus, worried",38,2020-03-31 13:46:33.600
624,"outbreak, cbc news, quebec, outbreaks, ontario",22,2020-03-31 13:46:33.600
625,"tested positive, testing positive, tests positive, test positive, positive virus",3,2020-03-31 13:46:33.600
626,"holidays, holiday, thanksgiving, day weekend, celebrating",21,2020-03-31 13:46:33.600
627,"ceo, ceos, chairman, company, founder",27,2020-03-31 13:46:33.600
628,"million cases, 000 cases, cases today, cases highest, global cases",27,2020-03-31 13:46:33.600
629,"coronaviru, corona spread, corona, coronavi, residents",2,2020-03-31 13:46:33.600
630,"gujarat, ahmedabad, cases deaths, deaths total, number infections",38,2020-03-31 13:46:33.600
631,"golf, trump, 000 deaths, death toll, trump response",47,2020-03-31 13:46:33.600
632,"sonusood, actor, hero, father, grandfather",7,2020-03-31 13:46:33.600
633,"saskatchewan, cases province, cases today, provincial, new cases",13,2020-03-31 13:46:33.600
634,"alabama, tide, coach, ncaa, vaccinations",1,2020-03-31 13:46:33.600
637,"uber, covid_19_za, rides, ride, trips",16,2020-03-31 13:46:33.600
638,"people dying, people die, people died, died complications, dying",27,2020-03-31 13:46:33.600
639,"conspiracy theorists, conspiracy theories, conspiracy theory, conspiracies, conspiracy",14,2020-03-31 13:46:33.600
640,"kerala, cases reported, cases today, cases deaths, case reported",19,2020-03-31 13:46:33.600
641,"severe illness, illnesses, diseases, illness, life threatening",17,2020-03-31 13:46:33.600
642,"forest, covidー19, tree, pandemics, diseases like",25,2020-03-31 13:46:33.600
643,"argentina, public health, economy, latin, country",14,2020-03-31 13:46:33.600
644,"wuhan institute, wuhan lab, lab wuhan, china wuhan, institute virology",4,2020-03-31 13:46:33.600
645,"nbc, podcast, cbs, nhl, abc",5,2020-03-31 13:46:33.600
646,"sioux, south dakota, north dakota, dakota, tribes",45,2020-03-31 13:46:33.600
647,"stay safe, michigan, stay home, cases deaths, vaccines safe",27,2020-03-31 13:46:33.600
648,"coronaviruses, antiviral, viruses, virus, virus causes",13,2020-03-31 13:46:33.600
649,"map, maps, charts, chart, region",22,2020-03-31 13:46:33.600
650,"palliatives, palliative, care patients, life death, care",48,2020-03-31 13:46:33.600
651,"glasses, face sunglasses, sunglasses, smiling_face_with_heart eyes, eyes",8,2020-03-31 13:46:33.600
652,"apps, app, tracker, spy, alerts",29,2020-03-31 13:46:33.600
653,"blood clot, ill patients, patients, hospitalized patients, covidー19",33,2020-03-31 13:46:33.600
655,"saudi, saudi arabia, arabia, saudiarabia, covidー19",26,2020-03-31 13:46:33.600
656,"couple, marriage, married, couples, wife",29,2020-03-31 13:46:33.600
657,"books, new book, book, literature, reads",14,2020-03-31 13:46:33.600
660,"tested positive, tests positive, corona virus, positive news, news today",4,2020-03-31 13:46:33.600
661,"camps, camp, cdc, summer, facemasks",25,2020-03-31 13:46:33.600
662,"md, offices, appointments available, clinic, office",1,2020-03-31 13:46:33.600
663,"vaccination program, vaccination update, vaccines available, getting vaccinated, ny",3,2020-03-31 13:46:33.600
664,"barbados, new cases, cases today, caribbean, records new",18,2020-03-31 13:46:33.600
665,"lindseygrahamsc, lindsey, graham, mcconnell, hearings",3,2020-03-31 13:46:33.600
666,"conspiracy theories, conspiracy theory, conspiracies, conspiracy theorists, conspiracy",23,2020-03-31 13:46:33.600
667,"haiti, aid, storm, disaster, france",21,2020-03-31 13:46:33.600
668,"nasal, swab, swabs, nose, saliva",9,2020-03-31 13:46:33.600
669,"maps, map, cov, navigate, hotspot",10,2020-03-31 13:46:33.600
670,"blockchain, bitcoin, crypto, pandemics, chain",25,2020-03-31 13:46:33.600
671,"dr erickson, erickson, briefing, videos, dr",50,2020-03-31 13:46:33.600
672,"mayors, mayor, municipal, city council, cities",29,2020-03-31 13:46:33.600
673,"funerals, funeral, mourning, burial, related death",29,2020-03-31 13:46:33.600
674,"missouri, mo, state reported, state, state university",15,2020-03-31 13:46:33.600
675,"rehabilitation, recovery, hospitalized patients, treating patients, recovering",28,2020-03-31 13:46:33.600
676,"broadband, internet, communications, connect, coalition",24,2020-03-31 13:46:33.600
677,"coronaviruspandemic, coronavirusoutbreak, cartoon, corona, ontario",19,2020-03-31 13:46:33.600
678,"radio, stations, broadcast, bbc, fm",30,2020-03-31 13:46:33.600
679,"new brunswick, brunswick, cbc news, cases reported, new cases",24,2020-03-31 13:46:33.600
680,"austerity, economists, economic recovery, recession, economy",21,2020-03-31 13:46:33.600
681,"transplant, lung, lungs, ill patients, critically ill",3,2020-03-31 13:46:33.600
682,"antiviral drug, antiviral, medicines, medication, merck",2,2020-03-31 13:46:33.600
683,"loneliness, self isolation, socialdistancing, epidemic, isolation",21,2020-03-31 13:46:33.600
684,"health minister, mr president, president, minister, presidential",24,2020-03-31 13:46:33.600
687,"travel restrictions, travel ban, flights, spread india, cases indian",12,2020-03-31 13:46:33.600
688,"coronavirusupdates, coronavirusupdate, corona virus, coronavirusuk, coronavirusindia",20,2020-03-31 13:46:33.600
689,"wuhan lab, lab wuhan, china wuhan, infection, virus",23,2020-03-31 13:46:33.600
690,"monkeys, new vaccine, vaccine, experimental vaccine, vacci",46,2020-03-31 13:46:33.600
691,"tweets, tweet, fox news, twitter, retweet",8,2020-03-31 13:46:33.600
692,"odisha, patients recovered, daily infections, cases reported, patients",23,2020-03-31 13:46:33.600
694,"north carolina, cases deaths, nc, carolina, cases today",26,2020-03-31 13:46:33.600
695,"socialmedia, social media, social, twitter, facebook",34,2020-03-31 13:46:33.600
698,"iot, monitoring, intel, cloud, internet",25,2020-03-31 13:46:33.600
699,"illinois, chicago, il, updates, indiana",22,2020-03-31 13:46:33.600
700,"dance, dancing, cheer, moves, raising hands",16,2020-03-31 13:46:33.600
702,"missouri, mo, gov mike, gov, fox news",3,2020-03-31 13:46:33.600
703,"mark button, check mark, button, mark, corona",23,2020-03-31 13:46:33.600
704,"reopens, reopening, reopen, economy, economic",53,2020-03-31 13:46:33.600
705,"remote work, remotely, remote, working home, work home",21,2020-03-31 13:46:33.600
706,"clinical trials, clinical trial, trials, clinical, efficacy",19,2020-03-31 13:46:33.600
707,"nurse, nursing, nursing home, passed away, sadness",50,2020-03-31 13:46:33.600
708,"india response, mohfw_india, indiafightscorona, rajasthan, accounts",15,2020-03-31 13:46:33.600
709,"surgeries, surgery, surgical, treat patients, patients",24,2020-03-31 13:46:33.600
710,"rural, rural areas, public health, concerns, health emergency",26,2020-03-31 13:46:33.600
711,"ambulances, ambulance, hospital, paramedics, emergencies",9,2020-03-31 13:46:33.600
712,"fatigue, viral, symptom, symptoms, patients",20,2020-03-31 13:46:33.600
713,"silence, key workers, memorial day, workers, care workers",39,2020-03-31 13:46:33.600
715,"languages, language, english, translation, german",16,2020-03-31 13:46:33.600
716,"africa, african, abroad, infected, nations",13,2020-03-31 13:46:33.600
717,"hogan, raw, matches, champions, championship",12,2020-03-31 13:46:33.600
718,"govrondesantis, president, usembassycairo, realdonaldtrump, lottery",3,2020-03-31 13:46:33.600
719,"died complications, teacher, dies complications, teaching, teachers",11,2020-03-31 13:46:33.600
720,"assam, covidー19, coronavirusindia, cases reported, coronavirusupdates",24,2020-03-31 13:46:33.600
721,"deaths reported, reported deaths, additional deaths, total deaths, new deaths",17,2020-03-31 13:46:33.600
722,"false positives, testing positive, test positive, false positive, getting tested",5,2020-03-31 13:46:33.600
723,"ethiopia, rwanda, new report, new cases, ministry health",24,2020-03-31 13:46:33.600
724,"birthday, happy birthday, celebrated, 21st, celebrate",29,2020-03-31 13:46:33.600
725,"journalists, journalism, reporters, mainstream media, newspapers",33,2020-03-31 13:46:33.600
726,"spoked_asterisk, cases infection, maldives, cases reported, infection",22,2020-03-31 13:46:33.600
728,"doctors died, infectious diseases, diseases, infectious, hospital",13,2020-03-31 13:46:33.600
729,"blood clots, ill patients, critically ill, complications, patients",24,2020-03-31 13:46:33.600
730,"seanhannity, foxnews, fox news, msnbc, fakenews",33,2020-03-31 13:46:33.600
731,"italian, spanish, german, strains, english",3,2020-03-31 13:46:33.600
732,"bjp4india, narendramodi pmoindia, pmoindia narendramodi, bjp, arvindkejriwal",12,2020-03-31 13:46:33.600
733,"football, premier league, sports, stadium, soccer",19,2020-03-31 13:46:33.600
734,"died complications, dies complications, death, died, dies",1,2020-03-31 13:46:33.600
735,"tyson, outbreak, poultry, meatpacking, food supply",48,2020-03-31 13:46:33.600
736,"covidー19, netherlands, belgium, european countries, latest information",12,2020-03-31 13:46:33.600
737,"steroids, steroid, ill patients, critically ill, patients",3,2020-03-31 13:46:33.600
738,"songs, listened, song, music, musical",5,2020-03-31 13:46:33.600
739,"affairs, appointed, dr, responsibility, forward",1,2020-03-31 13:46:33.600
740,"immune response, immunity, immune, immunology, antibodies",15,2020-03-31 13:46:33.600
741,"parliament, parliamentary, mps, hearings, commons",15,2020-03-31 13:46:33.600
743,"governors, governor, state governor, govmurphy, govrondesantis",29,2020-03-31 13:46:33.600
744,"chinese lab, evidence, meng, laboratory, wuhan lab",33,2020-03-31 13:46:33.600
745,"help india, medical supplies, maldives, emergency relief, medical equipment",9,2020-03-31 13:46:33.600
746,"finances, financial, financially, finance, expenses",25,2020-03-31 13:46:33.600
748,"tweets, twitter, tweet, social media, researchers",25,2020-03-31 13:46:33.600
749,"additional deaths, new deaths, deaths reported, related deaths, deaths total",14,2020-03-31 13:46:33.600
750,"trucks, truck, funeral, warehouse, bodies",14,2020-03-31 13:46:33.600
751,"nobel prize, nobel, hiv, created lab, scientist",12,2020-03-31 13:46:33.600
753,"vaccine emergency, vaccine, taking vaccine, receive vaccine, vaccination",3,2020-03-31 13:46:33.600
754,"death certificate, death certificates, cause death, death, deceased",33,2020-03-31 13:46:33.600
755,"trump campaign, president trump, trump, trump just, looming",10,2020-03-31 13:46:33.600
757,"oxford vaccine, vaccine trials, vaccine trial, vaccine developed, vaccine new",39,2020-03-31 13:46:33.600
758,"switzerland, swiss, 2021 cases, cases reported, deaths today",20,2020-03-31 13:46:33.600
759,"zoo, positive virus, wildlife, tiger, cov virus",7,2020-03-31 13:46:33.600
760,"sick leave, paid sick, workers need, wages, sick",7,2020-03-31 13:46:33.600
761,"covidー19, isolation centre, patients, home isolation, new patients",24,2020-03-31 13:46:33.600
762,"zoom, meeting, meetings, join tomorrow, joining",30,2020-03-31 13:46:33.600
763,"maldives, new infections, cases infection, infected, infection",16,2020-03-31 13:46:33.600
764,"chile, outbreak, hospitals, death rate, flu season",16,2020-03-31 13:46:33.600
765,"airline, airlines, aviation, flights, flight",2,2020-03-31 13:46:33.600
766,"music, play button, musical, quality, headphone",1,2020-03-31 13:46:33.600
767,"hiring, connecticut, healthcare, md, ct",3,2020-03-31 13:46:33.600
769,"hoax, fake, real, believe, don believe",24,2020-03-31 13:46:33.600
771,"gym, gyms, bankruptcy, fitness, gold",9,2020-03-31 13:46:33.600
772,"infections, infection, disease 2019, pneumonia, resistance",17,2020-03-31 13:46:33.600
773,"stroke, strokes, neurological, infectious disease, blood clots",35,2020-03-31 13:46:33.600
774,"new strain, strains, new variants, new variant, babies",1,2020-03-31 13:46:33.600
775,"scan, ray, detection, imaging, detecting",8,2020-03-31 13:46:33.600
776,"uk deaths, deaths uk, number deaths, death rates, hospital deaths",30,2020-03-31 13:46:33.600
777,"employer, employers, employment, employee, workplace",22,2020-03-31 13:46:33.600
778,"malaria drug, malaria, medications, antiviral, fda",43,2020-03-31 13:46:33.600
779,"covid_19_za, outbreaks, statistics, latest numbers, coronav",16,2020-03-31 13:46:33.600
780,"golf, clubs, club, playing, courses",24,2020-03-31 13:46:33.600
781,"netherlands, dutch, belgium, european_union, eu",15,2020-03-31 13:46:33.600
782,"deaths, shooting, death toll, cdc, shootings",34,2020-03-31 13:46:33.600
783,"leak, press briefing, leak theory, lab leak, briefing",1,2020-03-31 13:46:33.600
784,"mosques, mosque, churches, deaths uk, muslims",29,2020-03-31 13:46:33.600
785,"pandemics, actress, wife, ctvnews, suddenly",27,2020-03-31 13:46:33.600
787,"cases announced, cases reported, cases wednesday, cases increased, cases thursday",7,2020-03-31 13:46:33.600
788,"groceries, assistance, meals, afford, food",45,2020-03-31 13:46:33.600
791,"mohfw_india, pib_india, mybmc, devisridhar, narendramodi pmoindia",19,2020-03-31 13:46:33.600
792,"covidー19, infecting, infected, infection, hospitalized",20,2020-03-31 13:46:33.600
793,"africa, globe_showing_europe africa, south africa, african, continent",35,2020-03-31 13:46:33.600
794,"agriculture, agricultural, crisis india, farmers, indian government",5,2020-03-31 13:46:33.600
795,"deaths today, reports deaths, 000 deaths, deaths, canadians",14,2020-03-31 13:46:33.600
796,"arkansas, probable cases, deaths, cases friday, cases 14",4,2020-03-31 13:46:33.600
797,"derasachasauda, truebloodpump, need blood, blood, patients",52,2020-03-31 13:46:33.600
798,"medical supplies, bags, supplies, health center, native american",51,2020-03-31 13:46:33.600
799,"students, maharashtra, student, 12th, pib_india",12,2020-03-31 13:46:33.600
800,"malawi, zambia, rwanda, ministry health, african",17,2020-03-31 13:46:33.600
801,"disinfectants, disinfectant, disinfect, lysol, injecting",53,2020-03-31 13:46:33.600
802,"000 people, million people, people recovered, 500 people, recovery",22,2020-03-31 13:46:33.600
805,"vermont, vaccination rates, vaccination rate, stories, residents",3,2020-03-31 13:46:33.600
807,"pregnant, delivery, infected, lagos, patient",37,2020-03-31 13:46:33.600
808,"livelihoods, south african, investment, financial, south africans",4,2020-03-31 13:46:33.600
810,"gdp, global economy, economic impact, economy, growth",10,2020-03-31 13:46:33.600
811,"zip code, zip, counties, oregon, residents",13,2020-03-31 13:46:33.600
812,"rick, save lives, dr, bright, congressional",53,2020-03-31 13:46:33.600
813,"allergies, common cold, cold flu, asthma, influenza",18,2020-03-31 13:46:33.600
814,"hospital, hospitals, private hospitals, care centre, general hospital",4,2020-03-31 13:46:33.600
815,"coronavirusupdates, uk reports, uk cases, cases uk, nhs",1,2020-03-31 13:46:33.600
816,"covid19vaccine, wildlife, covidvaccine, kill, ocean",4,2020-03-31 13:46:33.600
818,"viral, sars cov, vaccine candidate, natural immunity, aiims",14,2020-03-31 13:46:33.600
819,"fda, us_fda, drug, covidー19, authorization",1,2020-03-31 13:46:33.600
820,"fema, burial, victims, funerals, trump admin",14,2020-03-31 13:46:33.600
821,"abba kyari, abba, covidiots, tested positive, kyari",46,2020-03-31 13:46:33.600
822,"grieving, mourning, son, tears, father",21,2020-03-31 13:46:33.600
823,"recovery plan, bc, bcpoli, restart, reopens",5,2020-03-31 13:46:33.600
824,"bame, covid19uk, people affected, high risk, increased risk",20,2020-03-31 13:46:33.600
825,"energy, fuels, electricity, climate, economic recovery",26,2020-03-31 13:46:33.600
826,"capitalism, socialism, famine, corrupt, revolution",27,2020-03-31 13:46:33.600
827,"iceland, finland, tourism, norway, tourists",26,2020-03-31 13:46:33.600
828,"speedy recovery, prayers, prayer, praying, recovery",10,2020-03-31 13:46:33.600
829,"bars restaurants, restaurants bars, bar, clubs, hotels",8,2020-03-31 13:46:33.600
830,"childcare, child care, care providers, care homes, social care",20,2020-03-31 13:46:33.600
831,"symptoms tested, symptom, symptoms, mild symptoms, showing symptoms",13,2020-03-31 13:46:33.600
832,"high voltage, voltage, epidemics, high, news today",20,2020-03-31 13:46:33.600
833,"imf, nigeria, world bank, financial assistance, fund",40,2020-03-31 13:46:33.600
834,"common cold, coronaviruses, corona virus, cold flu, flu",10,2020-03-31 13:46:33.600
835,"zimbabwe, new infections, deaths, deaths new, new cases",11,2020-03-31 13:46:33.600
836,"recovery rate, covid_19_za, recovery, infection rate, rate",8,2020-03-31 13:46:33.600
837,"covid19uk, corona virus, uk news, epidemic, corona",10,2020-03-31 13:46:33.600
838,"need vaccine, vaccination, vaccinations, vaccine, vaccines",15,2020-03-31 13:46:33.600
839,"quarantine, quarantining, california, begins, vi",28,2020-03-31 13:46:33.600
840,"indonesia, han, india, travellers, participating",47,2020-03-31 13:46:33.600
841,"pro life, abortion, pro, hypocrisy, advocates",14,2020-03-31 13:46:33.600
842,"covidindia, bjp4india, narendramodi pmoindia, arvindkejriwal, mohfw_india",11,2020-03-31 13:46:33.600
843,"york times, american deaths, deaths today, million deaths, 000 deaths",48,2020-03-31 13:46:33.600
844,"latin america, north america, caribbean, peru, latin",16,2020-03-31 13:46:33.600
845,"protests, berlin, protesting, protest, protesters",15,2020-03-31 13:46:33.600
846,"delhi govt, supreme court, delhi, high court, court",13,2020-03-31 13:46:33.600
847,"colombia, latin america, venezuela, migrants, peru",14,2020-03-31 13:46:33.600
848,"circuit breaker, breaker, coronavirusupdates, break, circuit",9,2020-03-31 13:46:33.600
849,"christie, chris christie, trump says, rep, conservatives",1,2020-03-31 13:46:33.600
851,"china virus, researchers, samples, virus, lab",1,2020-03-31 13:46:33.600
852,"london, britons, concern, essex, uk",5,2020-03-31 13:46:33.600
853,"pandemics, covidiots, epidemics, current crisis, fighting",32,2020-03-31 13:46:33.600
854,"vaccine trials, vaccine development, vaccines, vaccine, vaccine candidate",17,2020-03-31 13:46:33.600
855,"thermometer, fever, camera, imaging, temperature",31,2020-03-31 13:46:33.600
857,"inmate, incarcerated, jailed, sentenced, jail",2,2020-03-31 13:46:33.600
858,"deliveries, delivery, arrive, shipping, delivered",24,2020-03-31 13:46:33.600
859,"hr, leadership, leaders, workplace, roles",16,2020-03-31 13:46:33.600
860,"employees vaccinated, employers, employer, employee, workplace",4,2020-03-31 13:46:33.600
861,"louisiana, state emergency, state response, gov, provide update",16,2020-03-31 13:46:33.600
862,"putin, moscow, russia, russian, regime",34,2020-03-31 13:46:33.600
863,"lost job, job, working, sell, rent",3,2020-03-31 13:46:33.600
864,"funding, trump administration, trump admin, grant, cure",43,2020-03-31 13:46:33.600
865,"givingtuesdaynow, day giving, global day, today day, day",48,2020-03-31 13:46:33.600
868,"testing kits, test kit, test kits, antigen test, new testing",18,2020-03-31 13:46:33.600
869,"airports, international airport, airport, dog, dogs",1,2020-03-31 13:46:33.600
870,"concert, bollywood, shah, khan, kumar",18,2020-03-31 13:46:33.600
871,"updates, daily update, wa, april 2020, july 2021",20,2020-03-31 13:46:33.600
873,"cases infection, new cases, cases 10, pore, cases 14",8,2020-03-31 13:46:33.600
874,"asthma, respiratory, allergies, breathing, patients",27,2020-03-31 13:46:33.600
875,"ukraine, casualties, health ministry, health care, medicine",13,2020-03-31 13:46:33.600
876,"raise awareness, awareness, spread awareness, prevention, precautions",16,2020-03-31 13:46:33.600
878,"self employed, financial support, income, employed, employment",39,2020-03-31 13:46:33.600
879,"health canada, rapid tests, rapid test, ontario, testing today",6,2020-03-31 13:46:33.600
880,"tested positive, testing positive, test positive, tests positive, positive virus",43,2020-03-31 13:46:33.600
881,"rishisunak, rishi, brief, write, written",3,2020-03-31 13:46:33.600
882,"allah, sha, muslim, muslims, stay safe",22,2020-03-31 13:46:33.600
883,"medical college, graduates, medical, doctors, graduate",7,2020-03-31 13:46:33.600
884,"kumar, bihar, hindu, shri, sri",7,2020-03-31 13:46:33.600
886,"clubs, club, south korea, gatherings, outbreak",40,2020-03-31 13:46:33.600
887,"remote work, remotely, remote, working home, live work",18,2020-03-31 13:46:33.600
888,"meals, lunch, meal, school closures, feeding",15,2020-03-31 13:46:33.600
889,"strains, new strain, mutated, infectious, mutations",14,2020-03-31 13:46:33.600
892,"recovered patients, patients recovered, donating, help patients, recovered patient",1,2020-03-31 13:46:33.600
894,"islands, island, pacific, climate crisis, cross border",15,2020-03-31 13:46:33.600
895,"gatherings, socialdistancing, meeting, visitors, indoor",11,2020-03-31 13:46:33.600
896,"self isolate, isolate, symptoms tested, tested positive, tests positive",7,2020-03-31 13:46:33.600
898,"zambia, malawi, health minister, cases deaths, ministry health",22,2020-03-31 13:46:33.600
899,"hospital deaths, nhs england, deaths reported, reported deaths, patients died",14,2020-03-31 13:46:33.600
900,"anxiety, anxious, stressed, stress, stressful",18,2020-03-31 13:46:33.600
902,"trump rally, rallies, rally, trump campaign, pres trump",4,2020-03-31 13:46:33.600
903,"marijuana, cannabis, washington, washington state, liquor",2,2020-03-31 13:46:33.600
904,"job losses, lost jobs, employ, employment, workforce",26,2020-03-31 13:46:33.600
905,"sign petition, petition, public inquiry, global health, outbreak",7,2020-03-31 13:46:33.600
906,"covid19sa, testing kits, test kits, test kit, covidー19",7,2020-03-31 13:46:33.600
907,"morocco, coronaviruspandemic, coronavirusupdate, coronavirusupdate coronaviruspandemic, gmt coronavirusupdate",8,2020-03-31 13:46:33.600
908,"coronavirusupdates, coronavirusupdate, russia, countries, brazil",19,2020-03-31 13:46:33.600
910,"india crisis, india reports, crisis india, india world, government india",14,2020-03-31 13:46:33.600
911,"regret, life, dreams, hope, dream",14,2020-03-31 13:46:33.600
912,"cow, terrorists, bjp, labs, cures",10,2020-03-31 13:46:33.600
914,"wedding, weddings, anniversary, celebrations, attendees",7,2020-03-31 13:46:33.600
915,"epidemiologists, epidemiology, epidemiologist, diseases, disease",15,2020-03-31 13:46:33.600
916,"suspended, campaigning, relief, suspend, suspends",1,2020-03-31 13:46:33.600
917,"monitoring, symptom, thermometer, tracker, epidemic",23,2020-03-31 13:46:33.600
918,"researchers, studies, researcher, research, recent study",12,2020-03-31 13:46:33.600
919,"pmoindia narendramodi, narendramodi pmoindia, pib_india, bjp4india, pmoindia",8,2020-03-31 13:46:33.600
920,"gold, silver, mining, gdp, temple",25,2020-03-31 13:46:33.600
921,"outbreak, outbreaks, hospital, edmonton, public health",17,2020-03-31 13:46:33.600
922,"000 tests, tests conducted, million tests, test results, tests",11,2020-03-31 13:46:33.600
923,"died complications, woman, old woman, cancer, san",2,2020-03-31 13:46:33.600
925,"herbal, medicines, treatments, covidー19, treatment",22,2020-03-31 13:46:33.600
926,"hygiene, sanitation, cleaning, washing, wash",21,2020-03-31 13:46:33.600
928,"situation report, 2020, reports, september 2020, 25 2020",18,2020-03-31 13:46:33.600
929,"newsletter, latest news, blog post, updates, today update",17,2020-03-31 13:46:33.600
930,"swimming, pool, cdc says, outbreak, infected",13,2020-03-31 13:46:33.600
931,"symptoms tested, getting tested, tested today, mild symptoms, testing today",14,2020-03-31 13:46:33.600
932,"home deaths, care home, care homes, related deaths, reported deaths",27,2020-03-31 13:46:33.600
934,"families, president uhuru, addressed, politician, vulnerable",7,2020-03-31 13:46:33.600
935,"givingtuesdaynow, global day, day giving, day, today",35,2020-03-31 13:46:33.600
938,"new cases, cases confirmed, 2020 new, new case, 2020 21",30,2020-03-31 13:46:33.600
940,"free vaccine, free vaccines, vaccine free, receive vaccine, vaccines safe",3,2020-03-31 13:46:33.600
941,"patients, cancer patients, deaths, jab, jabs",1,2020-03-31 13:46:33.600
943,"christmas, holidays, autumn, santa, nov",3,2020-03-31 13:46:33.600
944,"bat, dc, rob, actor, cape",11,2020-03-31 13:46:33.600
945,"life threatening, threatening, bulletin, 209, report",11,2020-03-31 13:46:33.600
946,"upsc, crisis, ups, sympathy, saddened",2,2020-03-31 13:46:33.600
947,"trump pence, pence, mike pence, wearing masks, masks",39,2020-03-31 13:46:33.600
948,"pa, pennsylvania, cases reported, deaths today, additional deaths",9,2020-03-31 13:46:33.600
949,"immune response, disease 2019, immunity, storm, inflammation",21,2020-03-31 13:46:33.600
950,"yoga, breathing, community health, respiratory, achieve",9,2020-03-31 13:46:33.600
951,"africa, east africa, plague, ethiopia, farmers",40,2020-03-31 13:46:33.600
952,"uttar pradesh, uttar, pradesh, chandigarh, chhattisgarh",5,2020-03-31 13:46:33.600
953,"covid19ab, watch live, ontario, alberta, health officials",16,2020-03-31 13:46:33.600
955,"lifeline, government, ends, govt, 40 days",1,2020-03-31 13:46:33.600
956,"pneumonia, treatment, inflammation, ill patients, patients hospitalized",4,2020-03-31 13:46:33.600
957,"webinar, covidindia, sharing, vaccine india, socialmedia",1,2020-03-31 13:46:33.600
958,"protocol, protocols, guidelines, compliance, compliant",6,2020-03-31 13:46:33.600
959,"tested positive, test positive, confirmed positive, people test, scotland",7,2020-03-31 13:46:33.600
960,"narendramodi pmoindia, nsitharaman, ministry health, appointment, mohfw_india",10,2020-03-31 13:46:33.600
961,"spread virus, governor whitmer, whitmer, govwhitmer, infected",44,2020-03-31 13:46:33.600
962,"nova scotia, scotia, health safety, halifax, cbc",8,2020-03-31 13:46:33.600
963,"symptoms tested, symptom, showing symptoms, symptoms, tested today",9,2020-03-31 13:46:33.600
965,"donating, relief efforts, donate, response fund, donates",11,2020-03-31 13:46:33.600
967,"fatality rate, mortality rate, death rate, new cdc, epidemiology",22,2020-03-31 13:46:33.600
968,"transit, public transport, transportation, passengers, transport",16,2020-03-31 13:46:33.600
969,"oyo state, oyo, updates, patients discharged, update june",27,2020-03-31 13:46:33.600
970,"new vaccine, vaccine developed, vaccination campaign, vaccine, vaccines",6,2020-03-31 13:46:33.600
971,"governors, state governor, governor, ogun, gov",23,2020-03-31 13:46:33.600
972,"music, musical, band, mexican, artists",2,2020-03-31 13:46:33.600
973,"county health, health department, county, current stats, county public",7,2020-03-31 13:46:33.600
974,"vaccine trials, million vaccines, getting vaccine, vaccination campaign, vaccine",2,2020-03-31 13:46:33.600
975,"share, sale, buying, selling, masks",1,2020-03-31 13:46:33.600
976,"nagaland, covidー19, covidvaccination, status, latest updates",8,2020-03-31 13:46:33.600
977,"breast, cancer, health, raise awareness, additional deaths",5,2020-03-31 13:46:33.600
979,"tested positive, tests positive, test positive, symptoms tested, screening",9,2020-03-31 13:46:33.600
981,"hotel quarantine, quarantine, asylum, hotel, hotels",2,2020-03-31 13:46:33.600
982,"cdc admits, cdc, skynews, viruses, fake news",2,2020-03-31 13:46:33.600
983,"milan, wisdom, fan, goals, reportedly",1,2020-03-31 13:46:33.600
984,"symptoms tested, mild symptoms, showing symptoms, symptoms, people symptoms",12,2020-03-31 13:46:33.600
985,"stroke, sick dying, people dying, strokes, patients",44,2020-03-31 13:46:33.600
987,"vaccine available, vaccine developed, access vaccines, potential vaccine, vaccine",6,2020-03-31 13:46:33.600
988,"cardiovascular, medications, comorbidities, covidー19, heart disease",16,2020-03-31 13:46:33.600
989,"deaths reported, deaths total, number deaths, new deaths, deaths 24",9,2020-03-31 13:46:33.600
990,"nhl, hockey, baseball, nba, teams",3,2020-03-31 13:46:33.600
992,"swab, swabs, tests, test, test results",21,2020-03-31 13:46:33.600
993,"children died, inflammatory syndrome, severe illness, related death, inflammatory",43,2020-03-31 13:46:33.600
994,"travel restrictions, airport, uk government, brits, britons",11,2020-03-31 13:46:33.600
997,"party popper, popper, pop, party, heroes",7,2020-03-31 13:46:33.600
998,"additional deaths, deaths reported, coronavirusupdate, death count, deaths",44,2020-03-31 13:46:33.600
1000,"sneezing, coughing, cold flu, flu shot, flu",14,2020-03-31 13:46:33.600
1001,"conservatives, liberals, partisan, held accountable, dems",14,2020-03-31 13:46:33.600
1002,"wealthy, poor countries, wealth, rich, poor people",12,2020-03-31 13:46:33.600
1003,"sask, cases deaths, new deaths, new cases, additional deaths",7,2020-03-31 13:46:33.600
1004,"coronavirusoutbreak, russia, moscow, new infections, russian",14,2020-03-31 13:46:33.600
1005,"vaccine rollout, people vaccine, vaccine, vaccines, vaccinate",21,2020-03-31 13:46:33.600
1006,"economic recovery, climate crisis, green, climate change, economy",19,2020-03-31 13:46:33.600
1007,"survival rates, survival rate, according cdc, survival, risk",8,2020-03-31 13:46:33.600
1008,"pentagon, relief funds, funding, taxpayer, aid",7,2020-03-31 13:46:33.600
1012,"flexed biceps, milan, players, biceps, players test",1,2020-03-31 13:46:33.600
1013,"pharma, pharmacists, medications, implementation, program",30,2020-03-31 13:46:33.600
1014,"risk infection, new infections, infections, infection, number infections",12,2020-03-31 13:46:33.600
1015,"mps, city council, taxpayer, parliament, nhs",13,2020-03-31 13:46:33.600
1016,"nycmayor, nygovcuomo, new yorkers, nyc, yorkers",18,2020-03-31 13:46:33.600
1017,"hogan, maryland, md, gov, state emergency",12,2020-03-31 13:46:33.600
1018,"infecting, covidー19, died uk, infected, man died",37,2020-03-31 13:46:33.600
1019,"new guidelines, concern, convention, compliance, policies",15,2020-03-31 13:46:33.600
1020,"fatality rate, death rate, mortality rate, fatalities, deaths",15,2020-03-31 13:46:33.600
1022,"gold, stars, star, memorial, wall",2,2020-03-31 13:46:33.600
1023,"disease, blood type, severity, risk infection, severe illness",1,2020-03-31 13:46:33.600
1024,"usembassycairo, dasimmigration, issuance, hr, seeks authorize",1,2020-03-31 13:46:33.600
1025,"flynn, obama, scandal, breitbartnews, impeachment",23,2020-03-31 13:46:33.600
1026,"uk government, big pharma, pharma, pharmaceutical, pharmacies",23,2020-03-31 13:46:33.600
1027,"civil rights, barr, legal action, law, civil",27,2020-03-31 13:46:33.600
1028,"ll, event, np, sorry, extra",2,2020-03-31 13:46:33.600
1029,"cybersecurity, scam, scams, cyber, fraud",19,2020-03-31 13:46:33.600
1030,"cyprus, turkish, health authorities, covi, case reported",17,2020-03-31 13:46:33.600
1031,"infection rates, infection rate, infections deaths, new infections, daily infections",15,2020-03-31 13:46:33.600
1032,"orange county, update june, orange, oct 2020, hospitalizations",15,2020-03-31 13:46:33.600
1033,"maldives, cases infection, spoked_asterisk, infection, infections",16,2020-03-31 13:46:33.600
1034,"flu, republicans, gop, number deaths, republican",2,2020-03-31 13:46:33.600
1035,"cov virus, sars cov, eye, cov, infected",19,2020-03-31 13:46:33.600
1036,"quarantine, quarantined, public health, immunology, elderly",22,2020-03-31 13:46:33.600
1038,"west virginia, virginia, suing, abortion, breaking",1,2020-03-31 13:46:33.600
1040,"brother, sister, doctor, patients, strong",7,2020-03-31 13:46:33.600
1041,"anti vaxxers, anti vaxxer, vaxxers, vaxx, vaxxer",4,2020-03-31 13:46:33.600
1043,"rand paul, dr fauci, rand, fauci said, anthony fauci",8,2020-03-31 13:46:33.600
1044,"disaster, obama, trump response, crisis, barackobama",27,2020-03-31 13:46:33.600
1045,"blue states, states, blues, state, blue",11,2020-03-31 13:46:33.600
1046,"hospitalizations, cases increased, disease control, average daily, positivity rate",1,2020-03-31 13:46:33.600
1047,"west bengal, mortality rate, death rate, total deaths, fatality rate",20,2020-03-31 13:46:33.600
1048,"dating, covid19india, date, dates, marriage",10,2020-03-31 13:46:33.600
1049,"spanish flu, flu, old woman, grandmother, woman",22,2020-03-31 13:46:33.600
1050,"fda, fda approved, us_fda, food drug, pharma",12,2020-03-31 13:46:33.600
1051,"flights, airline, flight, flying, passengers",4,2020-03-31 13:46:33.600
1052,"modi govt, support india, government india, modi, pm modi",18,2020-03-31 13:46:33.600
1053,"print, 3d, manufacturing, medical supplies, ppe",25,2020-03-31 13:46:33.600
1054,"vaccination, vaccinated, vaccinations, vaccinated people, fully vaccinated",1,2020-03-31 13:46:33.600
1055,"northam, virginia, va, governor, executive order",3,2020-03-31 13:46:33.600
1056,"coronavir, corona, 000 cases, total deaths, hospitals",3,2020-03-31 13:46:33.600
1057,"genome, sequencing, gene, dna, pathogen",13,2020-03-31 13:46:33.600
1058,"michigan, karen, survivor, whitmer, state",39,2020-03-31 13:46:33.600
1059,"notification, nhscovid19app, apps, app, exposure",19,2020-03-31 13:46:33.600
1060,"dna, genetic, affects, genes, gene",1,2020-03-31 13:46:33.600
1061,"investigation origins, spy, investigate, investigation, investigating",1,2020-03-31 13:46:33.600
1062,"violence, guns, shooting, gun, domestic violence",16,2020-03-31 13:46:33.600
1063,"genocide, indigenous, brazilian, tribes, humanity",32,2020-03-31 13:46:33.600
1064,"people age, age groups, age group, age, cdc says",1,2020-03-31 13:46:33.600
1065,"latest news, news new, news, breaking news, headlines",22,2020-03-31 13:46:33.600
1066,"coronavirusoutbreak, flight, flights, aviation, delhi",24,2020-03-31 13:46:33.600
1067,"covidiots, scientific, scientists, outbreak, science",11,2020-03-31 13:46:33.600
1070,"donating, meal, keepingourpromiseact hr3548, using, user",18,2020-03-31 13:46:33.600
1071,"marketing, customers, business, strategies, sales",15,2020-03-31 13:46:33.600
1072,"quarantined, quarantine, people hospitalized, tested positive, hospitalized",7,2020-03-31 13:46:33.600
1073,"workers need, airline, workers, sponsor, provide support",1,2020-03-31 13:46:33.600
1074,"journalism, journalists, newspaper, newspapers, articles",15,2020-03-31 13:46:33.600
1075,"niger, music, tune, feat, african",3,2020-03-31 13:46:33.600
1076,"lie, lying, lied, lies, believing",10,2020-03-31 13:46:33.600
1077,"agencies, management, departments, department, projects",1,2020-03-31 13:46:33.600
1078,"coronaviruses, coronavir, pathogen, genome, epidemic",9,2020-03-31 13:46:33.600
1079,"getting vaccine, vaccine available, free vaccine, people vaccine, vaccine shot",9,2020-03-31 13:46:33.600
1081,"wto, trading, market 2020, market, goods",21,2020-03-31 13:46:33.600
1082,"migrant workers, fines, migrant, legal immigrants, bahrain",1,2020-03-31 13:46:33.600
1083,"peter, coma, alive, death, fatal",2,2020-03-31 13:46:33.600
1084,"test kits, nigerians, nigeria, 000 tests, nigerian",19,2020-03-31 13:46:33.600
1085,"lawyers, lawyer, attorney, law, advocate",10,2020-03-31 13:46:33.600
1086,"deaths reported, related deaths, reports deaths, deaths, deaths 24",3,2020-03-31 13:46:33.600
1087,"bankruptcy, crew, filed, crisis, fallout",38,2020-03-31 13:46:33.600
1088,"vote mail, ballots, ballot, voter, elections",24,2020-03-31 13:46:33.600
1089,"coronavirusoutbreak, saudi, saudi arabia, arabia, covid1",3,2020-03-31 13:46:33.600
1090,"youtube, real time, tv, real, post vaccination",2,2020-03-31 13:46:33.600
1091,"mrna, viral, outbreak, biotech, vaccine",1,2020-03-31 13:46:33.600
1092,"new data, 13 new, 2021, 2021 06, data",4,2020-03-31 13:46:33.600
1093,"wildfires, covidー19, fires, floods, world war",24,2020-03-31 13:46:33.600
1094,"humble, brown, te, ben, br",1,2020-03-31 13:46:33.600
1095,"nasa, mission, cou, space, observing",24,2020-03-31 13:46:33.600
1096,"govt, government, government officials, governance, gove",17,2020-03-31 13:46:33.600
1097,"smiling face, face smiling, smiling_face_with_heart eyes, smiling eyes, smiling_face_with_heart",9,2020-03-31 13:46:33.600
1099,"dog, labrador, dogs, pet, animal",19,2020-03-31 13:46:33.600
1100,"migrant workers, migrants, migrant, refugees, immigration",16,2020-03-31 13:46:33.600
1101,"plasma donor, need plasma, blood plasma, recovered plasma, donor",2,2020-03-31 13:46:33.600
1102,"ontario government, breaking ontario, home order, emergency, ontario",3,2020-03-31 13:46:33.600
1103,"hurricane, storm, disasters, forecasts, seasons",12,2020-03-31 13:46:33.600
1104,"drug, treatment, disorders, medications, rehabilitation",12,2020-03-31 13:46:33.600
1105,"hydroxychloroquine, mortality, epidemiology, cure, covidー19",31,2020-03-31 13:46:33.600
1106,"navajo nation, navajo, relief fund, aid, native american",38,2020-03-31 13:46:33.600
1107,"vaccine trial, vaccine trials, new vaccine, vaccine, race vaccine",9,2020-03-31 13:46:33.600
1109,"disappear, trump claims, trump told, trump said, president trump",10,2020-03-31 13:46:33.600
1110,"pritzker, illinois, chicago, white house, governor",24,2020-03-31 13:46:33.600
1111,"nsw, child, essex, new cases, cases people",1,2020-03-31 13:46:33.600
1112,"petitions, petition, life, culture, signed",32,2020-03-31 13:46:33.600
1113,"buses, bus, public transport, social distancing, transportation",14,2020-03-31 13:46:33.600
1114,"driving, travelling, risk death, drove, travel",38,2020-03-31 13:46:33.600
1115,"burnout, coping, working home, stress, managing",12,2020-03-31 13:46:33.600
1116,"travel restrictions, alberta, canadians, trudeau, canadian",4,2020-03-31 13:46:33.600
1117,"lgbtq, livestream, activists, celebrated, pride",13,2020-03-31 13:46:33.600
1118,"risk dying, risk death, mortality, fatality rate, related deaths",12,2020-03-31 13:46:33.600
1120,"survey, responses, results, seeking, participating",13,2020-03-31 13:46:33.600
1122,"grief, grieving, bereaved, coping, mourning",13,2020-03-31 13:46:33.600
1123,"egypt, spread virus, million vaccines, dubai, political prisoners",11,2020-03-31 13:46:33.600
1124,"edo, state govt, gov, state government, govt",28,2020-03-31 13:46:33.600
1125,"empathy, compassion, caring, humanity, fear",11,2020-03-31 13:46:33.600
1126,"latest article, new article, symposium, researchers, covi",18,2020-03-31 13:46:33.600
1127,"covid_19_za, concern, suffering, fear, buhari",15,2020-03-31 13:46:33.600
1128,"spanish flu, influenza, flu, pandemics, epidemic",23,2020-03-31 13:46:33.600
1130,"rudy, trump, trump campaign, campaigning, trump response",7,2020-03-31 13:46:33.600
1131,"2021 cases, number infections, new cases, germany, infections",11,2020-03-31 13:46:33.600
1132,"sign petition, petition, petitions, sign, signed",20,2020-03-31 13:46:33.600
1133,"flights, flying, vancouver, outbreak, suspended",1,2020-03-31 13:46:33.600
1134,"vaccine, vaccination, taking vaccine, develop vaccine, shot vaccine",5,2020-03-31 13:46:33.600
1136,"coronavirusuk, hospital bed, biohazard, coffin, hospital",3,2020-03-31 13:46:33.600
1137,"test trace, contact tracers, contact tracing, trace, tracing",32,2020-03-31 13:46:33.600
1138,"filipinos, healthcare workers, filipino, workers died, philippine",12,2020-03-31 13:46:33.600
1139,"coronaviruspandemic, coronavirusupdate coronaviruspandemic, coronavirusupdate, gmt coronavirusupdate, brazil",16,2020-03-31 13:46:33.600
1140,"covid19uk, number infections, death numbers, zero deaths, numbers",11,2020-03-31 13:46:33.600
1141,"transmitted, china virus, infect, infected, virus",34,2020-03-31 13:46:33.600
1143,"000 cases, cases yesterday, daily cases, cases confirmed, million cases",2,2020-03-31 13:46:33.600
1144,"burial, buried, cremation, bury, grave",14,2020-03-31 13:46:33.600
1146,"coronaviruses, corona virus, vaccines, vaccine, effective vaccine",14,2020-03-31 13:46:33.600
1147,"canceled, football game, cancelled, postponed, football",2,2020-03-31 13:46:33.600
1148,"school closures, education, educational, schools, educate",3,2020-03-31 13:46:33.600
1150,"updates, daily update, provide update, today update, update june",4,2020-03-31 13:46:33.600
1152,"exercise, fitness, routine, gym, running",10,2020-03-31 13:46:33.600
1153,"celebration, july, celebrations, celebrates, event",8,2020-03-31 13:46:33.600
1154,"apple, apps, app, sales, retail",17,2020-03-31 13:46:33.600
1156,"periods, period, covid19vaccine, stops, covidvaccine",1,2020-03-31 13:46:33.600
1157,"rohingya, refugees, refugee, humanitarian, migrant",20,2020-03-31 13:46:33.600
1160,"lockdown, lockdowns, economic recovery, savings, economy",16,2020-03-31 13:46:33.600
1161,"venezuela, coronaviruspandemic, epidemic, regime, coup",15,2020-03-31 13:46:33.600
1162,"alberta, albertans, saskatchewan, provincial, province",10,2020-03-31 13:46:33.600
1163,"diagnosed, neurological, ms, immune, immunization",3,2020-03-31 13:46:33.600
1164,"moderna vaccine, vaccine candidate, vaccine trial, vaccine, approval vaccine",3,2020-03-31 13:46:33.600
1165,"biden says, flynn, joe biden, president biden, biden administration",1,2020-03-31 13:46:33.600
1166,"moh_kenya, kenyatta, kenyan, kenya, nairobi",14,2020-03-31 13:46:33.600
1167,"bee, infected, infection, killer, intervention",9,2020-03-31 13:46:33.600
1168,"taxi, driver, passenger, passengers, cause death",19,2020-03-31 13:46:33.600
1169,"newfoundland, labrador, cases province, cases reported, new cases",5,2020-03-31 13:46:33.600
1170,"gurmeetramrahim, truebloodpump, derasachasauda, blood, minofhealthug",35,2020-03-31 13:46:33.600
1171,"political prisoners, turkey, turkish, prisoners, prisons",23,2020-03-31 13:46:33.600
1172,"coronavirusindia, covidsecondwave, cases reported, pradesh, cases detected",7,2020-03-31 13:46:33.600
1173,"youtube, watch video, new video, msnbc, video",5,2020-03-31 13:46:33.600
1174,"indiafightscorona, cases reported, 000 cases, reported cases, deaths reported",5,2020-03-31 13:46:33.600
1175,"maharashtra, mumbai, uttar pradesh, pune, pradesh",12,2020-03-31 13:46:33.600
1176,"pharmacists, mohfw_india, medicines, pmoindia, icmrdelhi",29,2020-03-31 13:46:33.600
1177,"patel, uk news, pr, tory, progress",19,2020-03-31 13:46:33.600
1179,"entrepreneurs, entrepreneur, crises, crisis, innovation",16,2020-03-31 13:46:33.600
1180,"mothers, taking place, sexual, sexually, human rights",1,2020-03-31 13:46:33.600
1181,"puerto, hurricane, disasters, emergencies, scandal",7,2020-03-31 13:46:33.600
1184,"covid19uk, covid19india, war, humanity, enemy",18,2020-03-31 13:46:33.600
1185,"crimes, criminals, crime, justice, criminal",12,2020-03-31 13:46:33.600
1186,"sikh, hindu, singh, punjab, muslim",14,2020-03-31 13:46:33.600
1187,"breathe, oxygen, breath, ventilation, pneumonia",10,2020-03-31 13:46:33.600
1188,"railways, railway, trains, train, rail",10,2020-03-31 13:46:33.600
1189,"blasio, new york, provide update, nyc, york city",20,2020-03-31 13:46:33.600
1190,"million vaccines, million vaccine, vaccine doses, doses vaccines, doses vaccine",1,2020-03-31 13:46:33.600
1191,"players tested, tested positive, testing positive, test positive, tests positive",3,2020-03-31 13:46:33.600
1192,"chest, diagnostic, pneumonia, imaging, lung",14,2020-03-31 13:46:33.600
1194,"free vaccine, global vaccine, vaccine, vaccine vaccine, vaccines",10,2020-03-31 13:46:33.600
1195,"globe meridians, covidー19, meridians, globe, worldwide",6,2020-03-31 13:46:33.600
1196,"vaccine, vaccines, effective vaccine, trump administration, vaccine development",7,2020-03-31 13:46:33.600
1197,"dewine, health official, ohio, gov mike, gov",6,2020-03-31 13:46:33.600
1199,"polls, president biden, biden, polling, joe biden",6,2020-03-31 13:46:33.600
1200,"ambassador, ministry, delegation, partnership, legislative",11,2020-03-31 13:46:33.600
1201,"tested positive, testing positive, tests positive, prayers, singh ji",4,2020-03-31 13:46:33.600
1202,"app, namo app, setu, mobile, tracker",22,2020-03-31 13:46:33.600
1203,"inflation, economic crisis, economy, economists, markets",7,2020-03-31 13:46:33.600
1204,"infected, spread virus, virus, infection, test positive",7,2020-03-31 13:46:33.600
1205,"support india, situation india, chinese virus, india fight, help india",7,2020-03-31 13:46:33.600
1208,"deaths attributed, deaths, funeral, funerals, death certificate",33,2020-03-31 13:46:33.600
1209,"coronaviruspandemic, coronaviru, dashboard, mohfw_india, data",3,2020-03-31 13:46:33.600
1211,"intelligence community, intelligence, scientific, virus, created lab",10,2020-03-31 13:46:33.600
1212,"audit, auditor, investigations, health officials, corruption",7,2020-03-31 13:46:33.600
1213,"petition, sign petition, nhs, deadline, reform",4,2020-03-31 13:46:33.600
1214,"trump called, cnn, realdonaldtrump trump, trumpvirus, trump",1,2020-03-31 13:46:33.600
1215,"banerjee, bengal, west bengal, deaths india, mamata",17,2020-03-31 13:46:33.600
1216,"tested positive, protest, symptoms tested, rally, protestors",2,2020-03-31 13:46:33.600
1217,"health insurance, health care, insurance, medicaid, insurers",19,2020-03-31 13:46:33.600
1218,"covidindia, andhra pradesh, andhra, andhrapradesh, pradesh",13,2020-03-31 13:46:33.600
1219,"getting tested, testing available, people tested, tests, testing",13,2020-03-31 13:46:33.600
1220,"cooper, cov, briefing, covi, meeting",13,2020-03-31 13:46:33.600
1221,"tested positive, test positive, secret service, infection, infected",29,2020-03-31 13:46:33.600
1222,"debt, inflation, fiscal, deficit, financing",7,2020-03-31 13:46:33.600
1223,"virginia, west virginia, cases deaths, deaths related, deaths",9,2020-03-31 13:46:33.600
1224,"quarantine, self quarantine, quarantined, arrivals, travellers",24,2020-03-31 13:46:33.600
1225,"fines, enforcement, arrests, seized, fined",3,2020-03-31 13:46:33.600
1226,"kogi, suspected, alleged, false, coronavir",29,2020-03-31 13:46:33.600
1227,"treatment, medication, treat, diseases, treating",10,2020-03-31 13:46:33.600
1228,"digital transformation, digital, technology, transformation, increasingly",9,2020-03-31 13:46:33.600
1231,"closing, testing site, testing sites, closed, memorial day",8,2020-03-31 13:46:33.600
1233,"superspreader, events, event, viral, investigation origins",9,2020-03-31 13:46:33.600
1234,"training, new guidance, train, guidance, medical",11,2020-03-31 13:46:33.600
1239,"infectious, infect, fever, test positive, getting sick",24,2020-03-31 13:46:33.600
1240,"celliottability, infection, fordnation, hiv, medical",1,2020-03-31 13:46:33.600
1241,"cbn, philippine, banks, filipino, filipinos",31,2020-03-31 13:46:33.600
1245,"vaccine trials, vaccine trial, new vaccine, vaccine new, vaccine",13,2020-03-31 13:46:33.600
1246,"doh reports, new deaths, total number, totals, reported cases",22,2020-03-31 13:46:33.600
1247,"parade, celebration, celebrate, million deaths, 25th",1,2020-03-31 13:46:33.600
1249,"relief funds, relief fund, emergency relief, cares act, aid",22,2020-03-31 13:46:33.600
1250,"zoom, directs, streaming, video, provider",15,2020-03-31 13:46:33.600
1252,"sea, sailors, ships, stranded, ocean",13,2020-03-31 13:46:33.600
1254,"montana, state health, cases reported, reported cases, 2021 cases",5,2020-03-31 13:46:33.600
1255,"maryland, cases deaths, related deaths, reported deaths, deaths",8,2020-03-31 13:46:33.600
1256,"privacy, security, human rights, concerns, protection",22,2020-03-31 13:46:33.600
1257,"tested positive, positive test, positive patients, tested negative, tested today",11,2020-03-31 13:46:33.600
1258,"loan, loans, financing, world bank, india response",13,2020-03-31 13:46:33.600
1259,"trudeau, justintrudeau, dictator, help fight, hero",2,2020-03-31 13:46:33.600
1260,"fear, anxiety, safe, panic, informed",3,2020-03-31 13:46:33.600
1261,"precautions, ensuring, health safety, help protect, safety",7,2020-03-31 13:46:33.600
1262,"mass vaccination, vaccination rates, vaccination, vaccinations, vaccinated",1,2020-03-31 13:46:33.600
1264,"cargill, outbreak, outbreaks, infected, alberta",33,2020-03-31 13:46:33.600
1265,"self isolate, self isolation, isolation, isolate, home isolation",8,2020-03-31 13:46:33.600
1266,"sunset, sun, dawn, nights, afternoon",3,2020-03-31 13:46:33.600
1267,"cases ontario, ontario reports, ontario reporting, cases deaths, ottawa",2,2020-03-31 13:46:33.600
1268,"disinfectants, georgia, ga, drinking, drink",16,2020-03-31 13:46:33.600
1269,"volunteers, volunteer, volunteering, shelter, care centre",10,2020-03-31 13:46:33.600
1270,"new infections, number deaths, number infections, death toll, new deaths",19,2020-03-31 13:46:33.600
1271,"people dying, mortality rates, young people, mortality, brazilian",1,2020-03-31 13:46:33.600
1272,"frontline workers, health workers, healthcare workers, care workers, medical workers",14,2020-03-31 13:46:33.600
1273,"corona virus, disease 2019, infectious disease, covidー19, virus causes",14,2020-03-31 13:46:33.600
1274,"twitter, youtube, suspended, suspend, biotech",32,2020-03-31 13:46:33.600
1277,"immigration, migrants, immigrants, latin america, caribbean",18,2020-03-31 13:46:33.600
1280,"wear masks, wearing masks, wear mask, infection rates, masks",30,2020-03-31 13:46:33.600
1283,"colorado, denver, vaccination rates, infection rates, cdc says",9,2020-03-31 13:46:33.600
1284,"airport, flights, airports, edmonton, flight",2,2020-03-31 13:46:33.600
1285,"cardiovascular, heart disease, cardiac, medical association, heart",9,2020-03-31 13:46:33.600
1286,"liverpool, manchester, edinburgh, leeds, city council",7,2020-03-31 13:46:33.600
1287,"buhari, nigerian, nigerians, nigeria, kaduna",24,2020-03-31 13:46:33.600
1288,"russia, outbreak, regime, sanctions, russian",7,2020-03-31 13:46:33.600
1289,"contact tracing, apps, app, tracking, privacy",3,2020-03-31 13:46:33.600
1290,"korean, kim, nominated, nomination, han",19,2020-03-31 13:46:33.600
1291,"senatemajldr, senate, senator, senschumer, tedcruz",12,2020-03-31 13:46:33.600
1292,"lawsuits, liability, suing, insurers, sued",16,2020-03-31 13:46:33.600
1293,"new variants, variants, new variant, variant, models",2,2020-03-31 13:46:33.600
1294,"contact, message, registered, sending, received",6,2020-03-31 13:46:33.600
1295,"cbn, vice president, vice, efforts, president",5,2020-03-31 13:46:33.600
1296,"pandemics, crises, covidsecondwave, cooperation, world health",9,2020-03-31 13:46:33.600
1297,"passed away, death, dead, 23, passed",3,2020-03-31 13:46:33.600
1298,"debt, owe, fiscal, loans, owing",14,2020-03-31 13:46:33.600
1299,"flu deaths, flu, influenza, flu season, seasonal flu",10,2020-03-31 13:46:33.600
1300,"cases deaths, total deaths, cases death, new deaths, deaths",4,2020-03-31 13:46:33.600
1301,"people infected, spread virus, cdc, infected, immune",4,2020-03-31 13:46:33.600
1302,"medical journal, editorial, lancet, journal, medical",2,2020-03-31 13:46:33.600
1303,"vaccine available, new vaccine, vaccines, vaccine, use vaccine",4,2020-03-31 13:46:33.600
1304,"death toll, vaccination rate, daily death, toll, mailonline",2,2020-03-31 13:46:33.600
1305,"income, households, undocumented, basic, universal",7,2020-03-31 13:46:33.600
1307,"antibodies, antibody, antibody cocktail, immune, gop",1,2020-03-31 13:46:33.600
1309,"united nations, secretary general, nations, secretary, sudan",11,2020-03-31 13:46:33.600
1310,"data, analytics, datascience, spanish flu, research",10,2020-03-31 13:46:33.600
1311,"fir, detained, kolkata, arrest, bjp",2,2020-03-31 13:46:33.600
1313,"infections, gut, diseases, disease, viral",8,2020-03-31 13:46:33.600
1314,"pres trump, donald, trump tested, trump, donald trump",1,2020-03-31 13:46:33.600
1315,"travel restrictions, tanzania, restrictions, flights, uganda",1,2020-03-31 13:46:33.600
1316,"serco, uk government, private sector, companies, firm",3,2020-03-31 13:46:33.600
1317,"speedy recovery, recovery, recovering, corona virus, recover",7,2020-03-31 13:46:33.600
1319,"high volume, telephone, calls, calling, emails",13,2020-03-31 13:46:33.600
1320,"treat patients, patients, hospital, death reported, doctor",17,2020-03-31 13:46:33.600
1321,"new cases, cases rising, cases increasing, cases deaths, daily cases",10,2020-03-31 13:46:33.600
1322,"books, book, new book, library, stores",17,2020-03-31 13:46:33.600
1323,"masks, face masks, mask, protesting, white house",2,2020-03-31 13:46:33.600
1325,"row, shoes, white house, nurses, victims",1,2020-03-31 13:46:33.600
1326,"alabama, reported deaths, cases wednesday, cases today, mortality",17,2020-03-31 13:46:33.600
1327,"complacent, britain, uk, criticism, global",30,2020-03-31 13:46:33.600
1328,"emissions, climate change, climatechange, pollution, climate",15,2020-03-31 13:46:33.600
1330,"new vaccine, vaccination program, vaccinated, vaccination, vaccine",3,2020-03-31 13:46:33.600
1331,"toilet, roll, fucking, shortage, pile",7,2020-03-31 13:46:33.600
1332,"migrants, world bank, economic recovery, worldbank, gdp",13,2020-03-31 13:46:33.600
1333,"drtedros, trump told, president trump, trump, president",7,2020-03-31 13:46:33.600
1334,"roy, died complications, dies complications, died, dies",31,2020-03-31 13:46:33.600
1335,"reckless, irresponsible, responsibility, save lives, citizens",10,2020-03-31 13:46:33.600
1336,"patients, testing positive, hospitals, hospital admissions, hospital",4,2020-03-31 13:46:33.600
1337,"cold flu, flu, common cold, influenza, flu season",1,2020-03-31 13:46:33.600
1338,"tested positive, test positive, tests positive, false positive, quarantined",10,2020-03-31 13:46:33.600
1339,"reopening plan, reopens, reopening, reopen, businesses",19,2020-03-31 13:46:33.600
1341,"heart suit, suit, heartred heart, red heart, blue heart",13,2020-03-31 13:46:33.600
1343,"nursing home, nursing homes, suspect, patients, accused",24,2020-03-31 13:46:33.600
1345,"interns, students, college students, student, college",18,2020-03-31 13:46:33.600
1346,"doj, investigation, investigating, accused, alleged",12,2020-03-31 13:46:33.600
1347,"coronavir, protect people, new restrictions, protection, lockdown",2,2020-03-31 13:46:33.600
1348,"donate plasma, blood plasma, donors, religion, plasma",1,2020-03-31 13:46:33.600
1349,"cambodia, thailand, vietnam, asia, quarantined",7,2020-03-31 13:46:33.600
1350,"periods, period, hygiene, pandemics, cycle",9,2020-03-31 13:46:33.600
1351,"lockdown, lift lockdown, spreading, sky news, sage",29,2020-03-31 13:46:33.600
1352,"covidー19, situation india, students, student, educational",5,2020-03-31 13:46:33.600
1353,"budget, council, costs, funding, councils",4,2020-03-31 13:46:33.600
1354,"home order, home orders, stay home, home, stay",20,2020-03-31 13:46:33.600
1355,"san francisco, sf, symptoms, francisco, san",1,2020-03-31 13:46:33.600
1356,"malls, retailers, mall, shops, retail",15,2020-03-31 13:46:33.600
1357,"rtenews, uk government, journalists, media, governments",13,2020-03-31 13:46:33.600
1359,"tested positive, testing positive, test positive, coronavirusoutbreak, tests positive",16,2020-03-31 13:46:33.600
1360,"indonesian, airport, indonesia, travellers, wear face",1,2020-03-31 13:46:33.600
1361,"uttar pradesh, unemployment, bihar, wave india, india",3,2020-03-31 13:46:33.600
1362,"heroes, cares act, stimulus package, act, legislation",14,2020-03-31 13:46:33.600
1363,"clinical trials, approval vaccine, clinical trial, covidー19, clinical",5,2020-03-31 13:46:33.600
1364,"covidiots, covidー19, wearamask, unite2fightcorona, patience",2,2020-03-31 13:46:33.600
1365,"blue circle, disease 2019, blue states, blue, hospital",22,2020-03-31 13:46:33.600
1366,"argentina, brazil, spanish flu, brazilian, colombia",3,2020-03-31 13:46:33.600
1367,"deaths uk, number deaths, hospital deaths, tested positive, related deaths",4,2020-03-31 13:46:33.600
1370,"akufo addo, akufo, addo, dictator, presidents",11,2020-03-31 13:46:33.600
1373,"pfizer, sales, revenue, revenues, pfizer biontech",1,2020-03-31 13:46:33.600
1374,"migrant workers, migrants, migrant, immigrants, immigration",17,2020-03-31 13:46:33.600
1375,"graphs, graph, chart, charts, results",7,2020-03-31 13:46:33.600
1376,"men, infections, infection, male, risk severe",16,2020-03-31 13:46:33.600
1377,"global vaccine, vaccine, people vaccine, develop vaccine, vaccines",5,2020-03-31 13:46:33.600
1378,"seasonal flu, flu season, flu, flu vaccine, influenza",4,2020-03-31 13:46:33.600
1379,"covidiots, health care, healthcare, treatment, hospitals",10,2020-03-31 13:46:33.600
1380,"doctors died, covid1, treating patients, hospital patients, patients",24,2020-03-31 13:46:33.600
1382,"kerala, india response, vietnam, karnataka, epidemic",16,2020-03-31 13:46:33.600
1383,"senegal, african countries, africa, south africa, african",12,2020-03-31 13:46:33.600
1384,"languages, language, translation, spanish, english",6,2020-03-31 13:46:33.600
1386,"volunteers, rs, rss, helping people, delhi police",16,2020-03-31 13:46:33.600
1387,"tested positive, test positive, tests positive, missouri, state health",1,2020-03-31 13:46:33.600
1388,"covid19ab, vaccination centre, vaccine today, vaccine clinic, vaccine available",1,2020-03-31 13:46:33.600
1389,"covid19sa, province, changes, district, reports",1,2020-03-31 13:46:33.600
1390,"writers, published new, published, publishing, wrote",11,2020-03-31 13:46:33.600
1391,"indiafightscorona, right arrow, cases reported, arrow, death toll",1,2020-03-31 13:46:33.600
1392,"carers, health care, primary care, critical care, healthcare",13,2020-03-31 13:46:33.600
1393,"repjerrynadler, chairman, additional deaths, deaths, constitutional",1,2020-03-31 13:46:33.600
1394,"newton, 1918, wrote, author, death",1,2020-03-31 13:46:33.600
1395,"care homes, care home, home residents, care facilities, homes",10,2020-03-31 13:46:33.600
1396,"ohio, 14 2020, 2021 06, 2021, 22 2020",20,2020-03-31 13:46:33.600
1397,"lake, party, outbreak, partying, pool",20,2020-03-31 13:46:33.600
1399,"oregon, portland, state, statewide, wi",12,2020-03-31 13:46:33.600
1400,"rbi, banking, banks, amid crisis, crore",7,2020-03-31 13:46:33.600
1402,"care providers, help patients, health care, virtual, patients",12,2020-03-31 13:46:33.600
1403,"deaths reported, indiana, additional deaths, reported deaths, deaths",5,2020-03-31 13:46:33.600
1404,"plan, policy, alternative, initiative, improvement",11,2020-03-31 13:46:33.600
1405,"maddow, rachel, meatpacking, cases state, agenda",17,2020-03-31 13:46:33.600
1406,"climate, weather, epidemic, temperature, cold",17,2020-03-31 13:46:33.600
1408,"celebrities, celebrity, covidiots, hollywood, raise awareness",17,2020-03-31 13:46:33.600
1409,"intelligence agencies, cia, intelligence community, intelligence, agencies",9,2020-03-31 13:46:33.600
1411,"mitigation, policy, risk, new guidelines, regulations",11,2020-03-31 13:46:33.600
1414,"lockdowns, lockdown, victims, support, virus",21,2020-03-31 13:46:33.600
1416,"covidー19, virus, today, peak, tomorrow",14,2020-03-31 13:46:33.600
1418,"baba, patients, patient, health minister, covidvaccine",3,2020-03-31 13:46:33.600
1419,"people infected, percent, population, world population, infected",4,2020-03-31 13:46:33.600
1420,"shoes, complaint, health official, donates, warehouse",20,2020-03-31 13:46:33.600
1423,"mental health, national health, health, health services, adolescents",10,2020-03-31 13:46:33.600
1424,"tickets, ticket, attend, stadium, going",6,2020-03-31 13:46:33.600
1425,"fat, weight, eating, gain, gaining",12,2020-03-31 13:46:33.600
1426,"incarcerated, prisons, prison, prisoners, inmates",4,2020-03-31 13:46:33.600
1427,"virus spread, virus, infected, malaria, spare",26,2020-03-31 13:46:33.600
1429,"depression, mental health, anxiety, hospitalized patients, suffering",11,2020-03-31 13:46:33.600
1430,"florida, crisis, fl, hospitalized, threatened",12,2020-03-31 13:46:33.600
1432,"flights, flight, airline, airlines, ticket",23,2020-03-31 13:46:33.600
1433,"icmr, medical research, research, researchers, studies",13,2020-03-31 13:46:33.600
1435,"holiday, americans, cases deaths, christmas, deaths",1,2020-03-31 13:46:33.600
1436,"kamala harris, harris, trump diagnosis, kamala, nominee",10,2020-03-31 13:46:33.600
1437,"stimulus package, stimulus, trump says, hearings, unemployment",5,2020-03-31 13:46:33.600
1438,"super spreader, super, great article, people infected, surge",2,2020-03-31 13:46:33.600
1439,"vaccine, getting vaccinated, vaccination, vaccinated, vaccinating",2,2020-03-31 13:46:33.600
1440,"doses vaccines, vaccines, vaccine doses, dose vaccine, vaccine",1,2020-03-31 13:46:33.600
1441,"finland, european union, europe, eu, european",4,2020-03-31 13:46:33.600
1442,"rugby, sport, queensland, australia, football",9,2020-03-31 13:46:33.600
1444,"stadium, sporting, crowds, sports, people died",5,2020-03-31 13:46:33.600
1445,"coronavirusupdates, play button, cases india, button, india",2,2020-03-31 13:46:33.600
1446,"sars cov, sars, outbreak, world health, cov",3,2020-03-31 13:46:33.600
1447,"cancel, closing, email, plea, cbse",1,2020-03-31 13:46:33.600
1448,"coronaviruspandemic, coronavirusupdates, coronavirusupdate, coronavirusupdate coronaviruspandemic, coronavirusoutbreak",6,2020-03-31 13:46:33.600
1449,"test positive, flu, viral, seasonal flu, facebook",1,2020-03-31 13:46:33.600
1450,"year 2020, 2020, august 2020, 2023, june 2020",4,2020-03-31 13:46:33.600
1451,"air travel, renters, booking, hotels, hotel",14,2020-03-31 13:46:33.600
1453,"presidential, trump, dems, deaths yesterday, jaketapper",4,2020-03-31 13:46:33.600
1454,"nasal, nose, immunity, antiviral, spray",4,2020-03-31 13:46:33.600
1455,"iowa, republican, gop, democrat, reynolds",1,2020-03-31 13:46:33.600
1456,"elections, election, politicians, voting, governments",8,2020-03-31 13:46:33.600
1457,"vitamin, immune, cure, nutrition, treating patients",13,2020-03-31 13:46:33.600
1458,"kolkata, bangalore, delhi, chennai, ahmedabad",1,2020-03-31 13:46:33.600
1459,"000 tests, testing, tests, uk government, testing capacity",3,2020-03-31 13:46:33.600
1460,"namo app, indiafightscorona, namo, help india, app",19,2020-03-31 13:46:33.600
1461,"related deaths, deaths reported, 000 cases, 000 deaths, new deaths",11,2020-03-31 13:46:33.600
1463,"vaccine, patent, covid19vaccine, realdonaldtrump, chinese government",1,2020-03-31 13:46:33.600
1464,"use vaccine, vaccine, vaccine developed, vaccination update, vaccination",1,2020-03-31 13:46:33.600
1465,"holocaust, jews, genocide, jewish, blamed",8,2020-03-31 13:46:33.600
1466,"pence, stephen miller, mike pence, tested positive, testing positive",26,2020-03-31 13:46:33.600
1467,"risks, epidemiology, diseases, risk, infectious",10,2020-03-31 13:46:33.600
1469,"contact tracing, trump diagnosis, trump says, cdc, pres trump",4,2020-03-31 13:46:33.600
1470,"karnataka, kerala, bengaluru, jaipur, chennai",2,2020-03-31 13:46:33.600
1471,"computer, intel, quarantine, mitigation, processing",17,2020-03-31 13:46:33.600
1472,"caribbean, trinidad, islands, african countries, news new",12,2020-03-31 13:46:33.600
1473,"unions, union, labour, workers need, healthcare workers",10,2020-03-31 13:46:33.600
1474,"vaccine trials, vaccine trial, new vaccine, potential vaccine, vaccine",4,2020-03-31 13:46:33.600
1475,"cdc, mortality rate, cdc director, death rates, mortality",24,2020-03-31 13:46:33.600
1476,"cash, banking, bank, banks, worldbank",13,2020-03-31 13:46:33.600
1479,"qanon, conspiracy theories, conspiracy theory, conspiracy theorists, conspiracy",5,2020-03-31 13:46:33.600
1480,"tablighi jamaat, tablighi, delhi police, delhi govt, india news",8,2020-03-31 13:46:33.600
1481,"sign petition, petition, cov, just signed, sign",4,2020-03-31 13:46:33.600
1484,"covid19india, indian government, indian, wave india, india india",11,2020-03-31 13:46:33.600
1485,"death rate, fatality rate, people age, people dying, aged",7,2020-03-31 13:46:33.600
1486,"exit, ep, lockdown, pt, comparison",1,2020-03-31 13:46:33.600
1487,"getting vaccine, receive vaccine, vaccinated people, vaccine new, vaccine",1,2020-03-31 13:46:33.600
1488,"narendramodi pmoindia, pib_india, mohfw_india, arvindkejriwal, narendramodi",7,2020-03-31 13:46:33.600
1489,"relationships, covidiots, relationship, dating, new cases",17,2020-03-31 13:46:33.600
1492,"census, population, 2020, residents, survey",9,2020-03-31 13:46:33.600
1493,"chinese government, chinese, medical team, beijing, doctors",22,2020-03-31 13:46:33.600
1494,"access vaccines, vaccine available, vaccines world, vaccines, global vaccine",9,2020-03-31 13:46:33.600
1495,"innovation, big tech, valley, technology, industries",20,2020-03-31 13:46:33.600
1496,"san diego, san, county health, california, diego",7,2020-03-31 13:46:33.600
1497,"federal judge, court, judge, supreme court, enforcing",14,2020-03-31 13:46:33.600
1498,"cases reported, cases deaths, cases confirmed, caribbean, new cases",8,2020-03-31 13:46:33.600
1499,"deadly, plague, infected, death rate, viral",13,2020-03-31 13:46:33.600
1500,"arkansas, ar, pool, infected people, outbreak",15,2020-03-31 13:46:33.600
1501,"data, analytics, resource, database, collaborative",13,2020-03-31 13:46:33.600
1502,"postal, deliveries, delivering, mail, rates",8,2020-03-31 13:46:33.600
1503,"red heart, hands, heartred, heartblue, hand",2,2020-03-31 13:46:33.600
1504,"reported deaths, 000 deaths, deaths, fatality rate, death rate",9,2020-03-31 13:46:33.600
1505,"vaccines world, vaccines, million vaccines, develop vaccine, vaccine",6,2020-03-31 13:46:33.600
1506,"ebola, infectious diseases, infectious, dr peter, hiv",25,2020-03-31 13:46:33.600
1507,"cases today, cases 13, cases confirmed, cases 14, cases 15",5,2020-03-31 13:46:33.600
1508,"vaccine, vaccines, vaccination, vaccinations, conspiracy theory",3,2020-03-31 13:46:33.600
1509,"outbreaks, states, virginia, nevada, west virginia",3,2020-03-31 13:46:33.600
1510,"related death, cause death, deaths, corona virus, disease 2019",13,2020-03-31 13:46:33.600
1513,"flynn, prison, inmates, trump, detained",20,2020-03-31 13:46:33.600
1514,"ports, traffic, port, outbreak, outbreaks",2,2020-03-31 13:46:33.600
1515,"pharmaceutical, medications, medicines, drug, fda",5,2020-03-31 13:46:33.600
1516,"health, life, lives, living, survive",19,2020-03-31 13:46:33.600
1517,"death toll, toll rises, deaths, tally rises, 000 cases",12,2020-03-31 13:46:33.600
1519,"icu, icus, patients, patients died, patients discharged",12,2020-03-31 13:46:33.600
1520,"netanyahu, israeli, israel, prime minister, minister",4,2020-03-31 13:46:33.600
1522,"vote mail, senate, senatemajldr, voting, senators",2,2020-03-31 13:46:33.600
1523,"budget, fiscal, spending, funding, finance minister",8,2020-03-31 13:46:33.600
1524,"corona spread, india reports, corona, cases india, spread india",4,2020-03-31 13:46:33.600
1526,"police officers, officers, police officer, officer, deaths",5,2020-03-31 13:46:33.600
1527,"critically ill, patients hospitalized, patients, hospitalised, critical care",6,2020-03-31 13:46:33.600
1528,"movie, movies, film, netflix, directed",15,2020-03-31 13:46:33.600
1529,"cbsnews, cbs news, cbs, credibility, staged",26,2020-03-31 13:46:33.600
1530,"retail, retailers, shopping, shop, consumers",11,2020-03-31 13:46:33.600
1531,"petition, public health, health care, petitions, health insurance",2,2020-03-31 13:46:33.600
1533,"climate change, pandemics, climate, species, outbreaks",11,2020-03-31 13:46:33.600
1535,"migrant workers, railways, trains, railway, train",22,2020-03-31 13:46:33.600
1536,"world order, 2020, law, test, new world",2,2020-03-31 13:46:33.600
1537,"sales, marketing, consumer, trends, customers",8,2020-03-31 13:46:33.600
1538,"taxi, covid19sa, vehicles, driving, passenger",11,2020-03-31 13:46:33.600
1539,"treasury, fed, banks, bank, federal",4,2020-03-31 13:46:33.600
1540,"survivors, military, soldiers, hospitalized, armed forces",19,2020-03-31 13:46:33.600
1541,"illnesses, infectious disease, infectious, diseases, illness",3,2020-03-31 13:46:33.600
1542,"ottawa, hub, ward, regina, planet",1,2020-03-31 13:46:33.600
1543,"cremation, funeral, people died, victims, died",1,2020-03-31 13:46:33.600
1544,"patients hospitalized, hospitalized patients, hospitalized, treat patients, patients",8,2020-03-31 13:46:33.600
1545,"hospitalized, hospitalised, health reported, covid19india, hospital",25,2020-03-31 13:46:33.600
1548,"risk dying, risk death, mortality, death rates, risk",12,2020-03-31 13:46:33.600
1550,"gombe, covidー19, corona virus, protest, protesting",23,2020-03-31 13:46:33.600
1551,"beijing, lockdown measures, lockdowns, china, lockdown",4,2020-03-31 13:46:33.600
1552,"receiving vaccine, getting vaccine, got vaccinated, vaccinated, fully vaccinated",2,2020-03-31 13:46:33.600
1553,"bts, bts_twt, scientists, advertising, pleased announce",5,2020-03-31 13:46:33.600
1554,"president trump, health care, trump, donald, donald trump",9,2020-03-31 13:46:33.600
1555,"sustainable, sustainability, environmental, impacts, governance",6,2020-03-31 13:46:33.600
1556,"general hospital, hospital, new patients, patients, nhs",18,2020-03-31 13:46:33.600
1557,"recorded deaths, infected, new cases, records new, complications",24,2020-03-31 13:46:33.600
1558,"als, diagnosed, disease, cure, patients",14,2020-03-31 13:46:33.600
1559,"symbols mouthface, mouthface symbols, symbols mouth, face symbols, mouthface",7,2020-03-31 13:46:33.600
1560,"million vaccine, global vaccine, new vaccine, vaccine trials, mass vaccination",5,2020-03-31 13:46:33.600
1561,"received, dv, registration, notice, register",12,2020-03-31 13:46:33.600
1562,"outbreak, princess, infected, infections, concerns",12,2020-03-31 13:46:33.600
1563,"million deaths, 000 deaths, death toll, deaths, people died",4,2020-03-31 13:46:33.600
1564,"gps, patients, gp, concerns, tracker",8,2020-03-31 13:46:33.600
1565,"social security, gop, senate, security, senator",23,2020-03-31 13:46:33.600
1566,"chat, covidsecondwave, bot, coronavirusindia, assistant",17,2020-03-31 13:46:33.600
1567,"health england, public health, national health, health response, bmj",19,2020-03-31 13:46:33.600
1568,"covid19ab, tested today, new testing, samples tested, new infections",6,2020-03-31 13:46:33.600
1569,"layoffs, job losses, wages, wage, earnings",12,2020-03-31 13:46:33.600
1571,"ramadan, mosque, allah, muslim, celebrated",21,2020-03-31 13:46:33.600
1572,"received vaccine, receive vaccine, vaccination, sign, vaccination clinics",1,2020-03-31 13:46:33.600
1573,"mental health, mentalhealth, month, health issues, mental",13,2020-03-31 13:46:33.600
1574,"travel, trips, impacts, trends, crisis",9,2020-03-31 13:46:33.600
1575,"infectious diseases, twice, infectious, infected, infection",13,2020-03-31 13:46:33.600
1576,"covid19uk, national lockdown, cautious, lockdown restrictions, lockdown measures",1,2020-03-31 13:46:33.600
1578,"beijing, chinese, china, travellers, flights",4,2020-03-31 13:46:33.600
1579,"pulse, health officials, oxygen, ventilators, heart",9,2020-03-31 13:46:33.600
1584,"salute, thanked, thanking, heroes, gratitude",18,2020-03-31 13:46:33.600
1585,"getting infected, cov, infected, diagnosed, covi",11,2020-03-31 13:46:33.600
1586,"tested positive, immigration, cases detected, detention, residents",3,2020-03-31 13:46:33.600
1588,"customers, mobile, customer, connection, service",11,2020-03-31 13:46:33.600
1589,"cdc says, new cdc, disease 2019, infected, cdc",20,2020-03-31 13:46:33.600
-1,"coronaisnotajoke, tested positive, rally, protests, riots",7970,2020-05-18 08:00:00.000
0,"schools reopen, schools closed, schools open, school closures, public schools",279,2020-05-18 08:00:00.000
1,"wear masks, wear mask, wearing masks, face masks, wearing mask",297,2020-05-18 08:00:00.000
2,"china virus, chinese virus, chinese government, communist china, chinese lab",79,2020-05-18 08:00:00.000
3,"rahul gandhi, gandhi, rahul, rahulgandhi, support india",81,2020-05-18 08:00:00.000
4,"president realdonaldtrump, realdonaldtrump, realdonaldtrump trump, trumpvirus, trump",124,2020-05-18 08:00:00.000
5,"food security, food insecurity, food supply, meals, foods",109,2020-05-18 08:00:00.000
6,"mosques, churches, church, catholic, pastors",83,2020-05-18 08:00:00.000
7,"boris johnson, minister boris, pm boris, boris, brexit",74,2020-05-18 08:00:00.000
8,"black lives, racism, racial, racist, americans dying",217,2020-05-18 08:00:00.000
9,"experimental vaccine, getting vaccine, vaccines, vaccine development, vaccine",24,2020-05-18 08:00:00.000
10,"domestic violence, violence, violent, incidents, gender",77,2020-05-18 08:00:00.000
11,"south african, south_africa, south africa, south africans, africa",75,2020-05-18 08:00:00.000
12,"vaccine india, vaccine trial, vaccine, free vaccine, vaccines",4,2020-05-18 08:00:00.000
13,"pakistan, pak, pakistani, islamabad, punjab",103,2020-05-18 08:00:00.000
14,"lockdown measures, easing lockdown, lockdowns, lockdown restrictions, lockdown",33,2020-05-18 08:00:00.000
15,"dr fauci, anthony fauci, fauci said, fauci, fauci says",30,2020-05-18 08:00:00.000
16,"nigeria, lagos, nigerian, lagos state, niger",59,2020-05-18 08:00:00.000
17,"clapping hands, clapping handsclapping, clapping_hands_medium, clapping, handshake",47,2020-05-18 08:00:00.000
18,"landlord, landlords, rent, rental, tenants",37,2020-05-18 08:00:00.000
19,"child care, pediatric, children died, children, children young",20,2020-05-18 08:00:00.000
20,"australians, auspol, australian, australia, sydney",12,2020-05-18 08:00:00.000
21,"lockdowns, lockdown measures, lockdown, complete lockdown, lockdown lockdown",58,2020-05-18 08:00:00.000
22,"florida department, florida, florida governor, fl, floridians",105,2020-05-18 08:00:00.000
23,"northern ireland, ireland, dublin, irish, irishtimes",38,2020-05-18 08:00:00.000
24,"trump diagnosis, trump told, trump response, ebola, trump said",14,2020-05-18 08:00:00.000
25,"corona virus, coronaviruses, outbreak, corona, virus",25,2020-05-18 08:00:00.000
26,"free testing, free tests, testing available, testing centre, testing sites",43,2020-05-18 08:00:00.000
27,"protests, protest, protesting, protesters, riots",232,2020-05-18 08:00:00.000
28,"hydroxychloroquine, chloroquine, malaria drug, malaria, patients treated",94,2020-05-18 08:00:00.000
29,"exams, examinations, exam, examination, cancel",79,2020-05-18 08:00:00.000
30,"japan, japanese, tokyo, taiwan, coronavir",6,2020-05-18 08:00:00.000
31,"allisonpearson, juliahb1, ll, swamy39, request",22,2020-05-18 08:00:00.000
32,"delta, delta variant, airlines, deltavariant, cap",1,2020-05-18 08:00:00.000
33,"donation, donations, charities, charity, donate",31,2020-05-18 08:00:00.000
34,"prisons, inmates, incarcerated, inmate, prisoners",30,2020-05-18 08:00:00.000
35,"sars cov, sarscov2, cov virus, sars, cov",13,2020-05-18 08:00:00.000
36,"covidiots, 20, ha, dictatorship, fucking",37,2020-05-18 08:00:00.000
38,"second wave, 2nd wave, wave, 3rd wave, waves",31,2020-05-18 08:00:00.000
39,"latest updates, updates, daily update, today update, latest update",36,2020-05-18 08:00:00.000
40,"remdesivir, antiviral drug, antiviral, pharma, treatment",22,2020-05-18 08:00:00.000
41,"oxygen cylinder, oxygen concentrators, oxygen, patients, johns hopkins",2,2020-05-18 08:00:00.000
42,"iran, iranian, death toll, 000 deaths, iraq",34,2020-05-18 08:00:00.000
43,"texans, texas, tx, people hospitalized, hospitalizations",45,2020-05-18 08:00:00.000
44,"uae, dubai, qatar, saudi, abu",27,2020-05-18 08:00:00.000
45,"cases reported, cases today, cases increased, 000 cases, cases confirmed",17,2020-05-18 08:00:00.000
46,"restaurants, restaurant, bars restaurants, restaurants bars, closing",42,2020-05-18 08:00:00.000
47,"sinovac vaccine, sinopharm vaccine, vaccine developed, vaccine ready, vaccines",9,2020-05-18 08:00:00.000
48,"number deaths, death toll, million deaths, 000 deaths, deaths",18,2020-05-18 08:00:00.000
49,"gov cuomo, governor cuomo, cuomo says, andrew cuomo, cuomo",26,2020-05-18 08:00:00.000
50,"reopening plan, reopening, reopens, reopen, reopened",50,2020-05-18 08:00:00.000
51,"malaysia, malaysian, sabah, selangor, current situation",21,2020-05-18 08:00:00.000
52,"astrazeneca, astrazeneca vaccines, astrazeneca vaccine, dose astrazeneca, doses astrazeneca",3,2020-05-18 08:00:00.000
53,"sweden, swedish, death rate, deaths, norway",27,2020-05-18 08:00:00.000
54,"nursing homes, nursing home, home deaths, related deaths, deaths linked",19,2020-05-18 08:00:00.000
55,"car light, car lightpolice, police car, lightpolice car, police",20,2020-05-18 08:00:00.000
56,"gaza, israeli, israel, palestinian, palestine",9,2020-05-18 08:00:00.000
57,"herd immunity, immunity, infectious, outbreaks, infected",11,2020-05-18 08:00:00.000
58,"pandemics, epidemic, influenza, violence, wars",28,2020-05-18 08:00:00.000
59,"airlines, airline, flights, air travel, airplane",27,2020-05-18 08:00:00.000
60,"patents, patent, intellectual property, access vaccines, pharmaceutical",3,2020-05-18 08:00:00.000
61,"new podcast, podcast, new episode, interviews, listening",15,2020-05-18 08:00:00.000
62,"clinical trials, clinical trial, antiviral drug, treating patients, treatments",32,2020-05-18 08:00:00.000
63,"crore, pm cares, crores, help india, donations",11,2020-05-18 08:00:00.000
64,"crisis, 2020 new, symptom, epidemiologist, warns",40,2020-05-18 08:00:00.000
65,"economic recovery, global economy, economy, recession, economies",33,2020-05-18 08:00:00.000
66,"france, french, paris, macron, le",14,2020-05-18 08:00:00.000
67,"trump tested, tested positive, testing positive, tests positive, test positive",10,2020-05-18 08:00:00.000
68,"mental health, mental illness, mentalhealth, illness, health crisis",17,2020-05-18 08:00:00.000
69,"icu beds, patients hospitalized, people hospitalized, hospitalized, hospital beds",19,2020-05-18 08:00:00.000
70,"ivermectin, antiviral, clinical trials, deaths, fda",2,2020-05-18 08:00:00.000
71,"singapore, new infections, infect, infections, delhi cm",14,2020-05-18 08:00:00.000
72,"passed away, passes away, demise, died, condolences",17,2020-05-18 08:00:00.000
73,"uganda, ugandans, tanzania, genocide, new cases",17,2020-05-18 08:00:00.000
75,"covidー19, businesses, small businesses, local businesses, business owners",32,2020-05-18 08:00:00.000
76,"viral, virus, created lab, plandemic, laboratory",12,2020-05-18 08:00:00.000
77,"trump biden, president biden, biden campaign, biden says, joe biden",10,2020-05-18 08:00:00.000
78,"hand washing, washing hands, wash hands, hand sanitizer, handwashing",22,2020-05-18 08:00:00.000
79,"vitamin, deficiency, immune, immune response, corona virus",6,2020-05-18 08:00:00.000
80,"death rates, new deaths, death toll, ny, deaths yesterday",17,2020-05-18 08:00:00.000
81,"pregnant women, pregnant, pregnancy, maternity, infections",15,2020-05-18 08:00:00.000
82,"ai, artificial intelligence, coronavirusoutbreak, artificialintelligence, intelligence",13,2020-05-18 08:00:00.000
83,"smokers, tobacco, smoking, smoke, lungs",21,2020-05-18 08:00:00.000
84,"trudeau, justin trudeau, justintrudeau, canadians, ctvnews",7,2020-05-18 08:00:00.000
85,"join webinar, webinar, webinars, webinar series, free webinar",33,2020-05-18 08:00:00.000
86,"total deaths, number deaths, deaths total, cases deaths, deaths reported",16,2020-05-18 08:00:00.000
87,"ventilators, ventilator, ventilated, ventilation, treat patients",11,2020-05-18 08:00:00.000
88,"vaccination campaign, vaccine, use vaccine, vaccines, mass vaccination",12,2020-05-18 08:00:00.000
89,"italy, italian, epidemic, europe, spain",17,2020-05-18 08:00:00.000
90,"singing, sing, songs, music, song",13,2020-05-18 08:00:00.000
91,"grants, relief fund, grant, funding, applying",16,2020-05-18 08:00:00.000
92,"south korea, korea, north korea, korean, kim jong",12,2020-05-18 08:00:00.000
93,"cases increased, cases reported, cases today, case count, total cases",13,2020-05-18 08:00:00.000
94,"ballots, vote mail, ballot, voter, voting",18,2020-05-18 08:00:00.000
95,"nhs, nhs staff, doctors, frontline workers, cambridge",22,2020-05-18 08:00:00.000
96,"backhand index, downbackhand index, index pointing, pointing downbackhand, backhand",6,2020-05-18 08:00:00.000
97,"mcconnell, mitch mcconnell, bipartisan, senator, senate",14,2020-05-18 08:00:00.000
98,"european union, european_union, eu, eu_commission, europe",19,2020-05-18 08:00:00.000
99,"elderly, older adults, seniors, senior citizens, older people",12,2020-05-18 08:00:00.000
100,"tested positive, tests positive, testing positive, tests negative, test positive",18,2020-05-18 08:00:00.000
101,"india reports, india cases, cases india, deaths india, india records",13,2020-05-18 08:00:00.000
102,"self quarantine, quarantine, quarantined, epidemic, containment",19,2020-05-18 08:00:00.000
103,"fascinating, interesting, incredible, excellent, great news",9,2020-05-18 08:00:00.000
104,"antibodies, antibody, antibody cocktail, diseases, viral",8,2020-05-18 08:00:00.000
105,"covid19india, corona virus, india reports, deaths india, india cases",15,2020-05-18 08:00:00.000
106,"alcohol, drinking, drink, liquor, beverage",14,2020-05-18 08:00:00.000
107,"new zealand, zealand, nz, countries world, country world",55,2020-05-18 08:00:00.000
108,"az, arizona, deaths today, phoenix, new deaths",55,2020-05-18 08:00:00.000
109,"pcr tests, pcr test, pcr testing, rt pcr, pcr",11,2020-05-18 08:00:00.000
110,"health canada, received vaccine, million vaccines, vaccine, million vaccine",4,2020-05-18 08:00:00.000
111,"social distancing, distancing, physical distancing, socialdistancing, maintain social",22,2020-05-18 08:00:00.000
113,"meatpacking, meat, outbreak, outbreaks, poultry",13,2020-05-18 08:00:00.000
114,"nancy pelosi, pelosi, nancy, bipartisan, gop",4,2020-05-18 08:00:00.000
115,"million deaths, 000 deaths, total deaths, deaths recorded, death rates",5,2020-05-18 08:00:00.000
116,"precautions, stay safe, prevention, help prevent, prevent spread",14,2020-05-18 08:00:00.000
117,"tested positive, tests positive, test positive, positive test, tests negative",34,2020-05-18 08:00:00.000
118,"antibody test, antibody tests, antibody testing, antibody, antibodies",14,2020-05-18 08:00:00.000
119,"deadly virus, fight virus, virus spread, viruses, spread virus",11,2020-05-18 08:00:00.000
120,"wisconsin, wi, state reported, cases reported, deaths reported",3,2020-05-18 08:00:00.000
121,"turkey, turkish, syria, medical supplies, cyprus",7,2020-05-18 08:00:00.000
122,"thailand, thai, cambodia, disease 2019, quarantine",5,2020-05-18 08:00:00.000
123,"art, arts, painting, exhibition, artists",14,2020-05-18 08:00:00.000
124,"cinema, covid19uk, film, theaters, filming",18,2020-05-18 08:00:00.000
125,"county health, cases tuesday, cases today, new cases, cases reported",19,2020-05-18 08:00:00.000
126,"chinese virus, virus, india, indian variant, cases indian",1,2020-05-18 08:00:00.000
127,"barber, tested positive, infected, health ministry, health officials",22,2020-05-18 08:00:00.000
128,"ontario reports, ontario reporting, cases ontario, breaking ontario, ontario",10,2020-05-18 08:00:00.000
129,"cuba, cuban, hospitals, military, combating",13,2020-05-18 08:00:00.000
130,"trump pence, mike pence, pence, mike_pence, vice president",13,2020-05-18 08:00:00.000
131,"press briefing, briefings, briefing, presidential task, aid",16,2020-05-18 08:00:00.000
132,"scottish government, scotland, scottish, nhs, glasgow",16,2020-05-18 08:00:00.000
133,"exclamation mark, double exclamation, exclamation, red exclamation, question mark",7,2020-05-18 08:00:00.000
134,"tourism, tourism industry, tourists, tourist, travel",10,2020-05-18 08:00:00.000
135,"loudspeaker, speaker, covidー19, grants, speakers",9,2020-05-18 08:00:00.000
136,"airborne spread, aerosol, aerosols, airborne transmission, airborne",5,2020-05-18 08:00:00.000
137,"georgia, ga, hospitalized, patients hospitalized, hospitalizations",6,2020-05-18 08:00:00.000
138,"getting tested, rapid testing, new test, rapid test, testing",18,2020-05-18 08:00:00.000
139,"healthcare workers, health workers, care workers, medical staff, frontline workers",6,2020-05-18 08:00:00.000
140,"nfl, players tested, tested positive, players test, vaccinated",5,2020-05-18 08:00:00.000
142,"cruise ship, cruise, ships, caribbean, coast",4,2020-05-18 08:00:00.000
143,"contact tracing, contact tracers, tracing app, tracing, contact",10,2020-05-18 08:00:00.000
144,"people disabilities, disabilities, disability, disabled people, disabled",8,2020-05-18 08:00:00.000
145,"scientists, scientific, scientific evidence, scientist, science",7,2020-05-18 08:00:00.000
146,"dominic cummings, cummings, dominic, breach, downing",12,2020-05-18 08:00:00.000
147,"americans dying, american deaths, 000 deaths, 000 americans, million americans",7,2020-05-18 08:00:00.000
148,"madagascar, tanzania, african countries, nigeria, africa",3,2020-05-18 08:00:00.000
149,"tested positive, testing positive, test positive, positive tests, tests positive",17,2020-05-18 08:00:00.000
151,"athletes, athletic, sports, sporting, athletics",15,2020-05-18 08:00:00.000
152,"nepal, covidー19, outbreak, 2021 cases, india",11,2020-05-18 08:00:00.000
153,"hong kong, hongkong, hong, beijing, kong",15,2020-05-18 08:00:00.000
154,"unemployment, unemployed, recession, job losses, lost jobs",26,2020-05-18 08:00:00.000
156,"corona warriors, coronawarriors, corona, risking, courage",1,2020-05-18 08:00:00.000
157,"climate crisis, climate change, climatechange, climate, emissions",11,2020-05-18 08:00:00.000
159,"mainstream media, conspiracies, infodemic, news, fake news",9,2020-05-18 08:00:00.000
160,"stock market, stocks, stock, markets, investing",20,2020-05-18 08:00:00.000
161,"died today, passed away, grandmother, dying, grandfather",15,2020-05-18 08:00:00.000
162,"telehealth, telemedicine, healthcare, nhs, innovations",10,2020-05-18 08:00:00.000
163,"zoo, park, wildlife, parks, recreation",12,2020-05-18 08:00:00.000
164,"cov, medical, hygiene, founder, narendramodi",19,2020-05-18 08:00:00.000
166,"public health, health officials, health crisis, publichealth, national health",13,2020-05-18 08:00:00.000
167,"homelessness, homeless, shelters, shelter, housing",5,2020-05-18 08:00:00.000
168,"piersmorgan, piers, morgan, matthancock, matt hancock",10,2020-05-18 08:00:00.000
169,"managing, enterprises, business, business owners, management",10,2020-05-18 08:00:00.000
170,"taste smell, smell, taste, symptom, common cold",10,2020-05-18 08:00:00.000
171,"cancer patients, cancer, patients, patients treated, people die",11,2020-05-18 08:00:00.000
172,"neurological, alzheimer, longcovid, disease, diseases",3,2020-05-18 08:00:00.000
173,"vietnam, vietnam war, asia, outbreak, southeast",6,2020-05-18 08:00:00.000
174,"ghana, health minister, tests positive, virus, current situation",11,2020-05-18 08:00:00.000
175,"quotes, quote, crisis, communicate, response",9,2020-05-18 08:00:00.000
176,"spain, spanish, infection, madrid, barcelona",13,2020-05-18 08:00:00.000
177,"ppe, protective equipment, personal protective, nhs, nhs staff",11,2020-05-18 08:00:00.000
178,"mrna vaccines, mrna vaccine, vaccine developed, vaccines, vaccine",2,2020-05-18 08:00:00.000
179,"covid19vaccine, breast, vaccination, vaccine safe, vaccines safe",2,2020-05-18 08:00:00.000
180,"nhscovid19app, nhs app, apps, app, mobile",2,2020-05-18 08:00:00.000
181,"doug ford, ford, fordnation, premier doug, doug",5,2020-05-18 08:00:00.000
182,"digital transformation, digital, transformation, technology, microsoft",14,2020-05-18 08:00:00.000
183,"deaths reported, reports deaths, additional deaths, new deaths, deaths",6,2020-05-18 08:00:00.000
184,"cybersecurity, security, outbreak, threats, threat",19,2020-05-18 08:00:00.000
185,"johnson vaccine, immunity, vaccine, immune, immune response",2,2020-05-18 08:00:00.000
186,"taiwan, china, epidemic, global health, world health",4,2020-05-18 08:00:00.000
187,"nova scotia, scotia, cases province, province, cbc news",2,2020-05-18 08:00:00.000
188,"chennai, tamil nadu, tamil, tamilnadu, nadu",9,2020-05-18 08:00:00.000
189,"disinfect, disinfection, disinfectant, disinfectants, sanitizers",7,2020-05-18 08:00:00.000
190,"kenya, nairobi, uhuru kenyatta, kenyan, kenyatta",16,2020-05-18 08:00:00.000
191,"obesity, obese, fat, diet, diseases like",5,2020-05-18 08:00:00.000
193,"disease 2019, philippine, philippines, manila, davao",9,2020-05-18 08:00:00.000
195,"vaccine children, immunization, vaccines, vaccinations, vaccine",1,2020-05-18 08:00:00.000
196,"pathogen, coronaviruses, wuhan lab, lab wuhan, labs",1,2020-05-18 08:00:00.000
197,"mexico, new mexico, mexican, outbreak, people dying",10,2020-05-18 08:00:00.000
198,"retail, customers, retailers, consumers, consumer",12,2020-05-18 08:00:00.000
199,"novavax, new vaccine, vaccine new, vaccine trials, vaccine vaccine",2,2020-05-18 08:00:00.000
200,"diabetes, pandemics, patients, new study, diagnosis",7,2020-05-18 08:00:00.000
201,"joyface tears, tears joyface, tears joy, joyface, face tears",6,2020-05-18 08:00:00.000
202,"stimulus package, stimulus, fiscal, cares act, trillion",4,2020-05-18 08:00:00.000
203,"youtube, new video, viral, videos, video",5,2020-05-18 08:00:00.000
204,"deaths caused, deaths linked, deaths, deaths recorded, kano",8,2020-05-18 08:00:00.000
205,"cat, cats, pets, pet, sars cov",6,2020-05-18 08:00:00.000
207,"breitbartnews, fox news, msnbc, foxnews, cnn",9,2020-05-18 08:00:00.000
208,"receive vaccine, vaccination, vaccinations, vaccinated, vaccine",1,2020-05-18 08:00:00.000
209,"floor laughingrolling, laughingrolling floor, laughingrolling, floor laughing, joyrolling floor",12,2020-05-18 08:00:00.000
210,"curfew, easing restrictions, enforcement, enforce, protests",5,2020-05-18 08:00:00.000
212,"navajo nation, navajo, native american, tribes, epidemiology",10,2020-05-18 08:00:00.000
214,"hiv, hiv aids, aids, pandemics, transmitted",3,2020-05-18 08:00:00.000
216,"neet jee, jee neet, jee, neet, exams",5,2020-05-18 08:00:00.000
217,"amazon, fired, warehouse, employee, sued",6,2020-05-18 08:00:00.000
218,"indonesia, indonesian, infectious, infected, epidemiologist",11,2020-05-18 08:00:00.000
219,"deaths india, mortality rate, death rate, fatality rate, mortality",3,2020-05-18 08:00:00.000
220,"merkel, germany, holocaust, berlin, german",8,2020-05-18 08:00:00.000
221,"nairobi, kenya, kenyatta, moh_kenya, infections",14,2020-05-18 08:00:00.000
222,"brazil, brazilian, deaths reported, new deaths, death toll",29,2020-05-18 08:00:00.000
223,"hcq, fda, patients treated, treatment, epidemiologist",9,2020-05-18 08:00:00.000
224,"cancelled, canceled, 2021, postponed, 2020",14,2020-05-18 08:00:00.000
225,"tories, tory, brexit, mps, nhs",8,2020-05-18 08:00:00.000
226,"herbal, ayush, medicines, medicine, andhrapradesh",10,2020-05-18 08:00:00.000
227,"nurses, nursing, nurse, care patients, patients",7,2020-05-18 08:00:00.000
228,"cannabis, marijuana, smoking, researchers say, potential vaccine",6,2020-05-18 08:00:00.000
229,"symptoms, coughing, coronavir, symptom, fever",13,2020-05-18 08:00:00.000
230,"indigenous, native american, tribes, tribe, native",11,2020-05-18 08:00:00.000
231,"mild symptoms, symptoms, symptom, showing symptoms, people symptoms",6,2020-05-18 08:00:00.000
232,"tested positive, testing positive, tests positive, test positive, diagnosis",1,2020-05-18 08:00:00.000
234,"ventilation, ventilated, aerosol, aerosols, breathe",3,2020-05-18 08:00:00.000
235,"5g, mobile, phone, technology, network",13,2020-05-18 08:00:00.000
236,"ramaphosa, cyril ramaphosa, quarantine, cape, sa",7,2020-05-18 08:00:00.000
238,"reopening plan, provincial, province, quebec, reopens",4,2020-05-18 08:00:00.000
239,"scott morrison, morrison, protesting, protests, scott",7,2020-05-18 08:00:00.000
240,"tax, taxes, irs, taxpayers, fiscal",9,2020-05-18 08:00:00.000
241,"total deaths, maharashtra, deaths reported, death rate, deaths today",7,2020-05-18 08:00:00.000
242,"cases deaths, cases 18, cases 13, deaths reported, cases 14",2,2020-05-18 08:00:00.000
243,"complete lockdown, lockdown extended, lockdown restrictions, lockdown lockdown, extends lockdown",4,2020-05-18 08:00:00.000
244,"donate plasma, plasma donor, plasma therapy, blood plasma, need plasma",19,2020-05-18 08:00:00.000
245,"tn, tennessee, cases reported, new deaths, state health",5,2020-05-18 08:00:00.000
247,"suicides, suicide, depression, mental health, deaths",3,2020-05-18 08:00:00.000
248,"vaccine developed, vaccine, says vaccine, develop vaccine, vaccine available",7,2020-05-18 08:00:00.000
249,"volunteers, volunteering, volunteer, thanked, kindness",8,2020-05-18 08:00:00.000
250,"wildlife, livestock, zoo, animals, animal",8,2020-05-18 08:00:00.000
251,"recovered plasma, blood plasma, need plasma, plasma, need blood",1,2020-05-18 08:00:00.000
252,"insurance, insurers, health insurance, liability, coverage",9,2020-05-18 08:00:00.000
254,"transplant, dialysis, donor, hospitalized, hospitalized patients",5,2020-05-18 08:00:00.000
255,"bcci, ipl2021, cricket, tour, ipl",2,2020-05-18 08:00:00.000
256,"americans die, americans died, americans dead, 000 americans, million americans",5,2020-05-18 08:00:00.000
257,"democrats, gop, dems, democrat, republicans",8,2020-05-18 08:00:00.000
258,"travel restrictions, traveling, international travel, travelling, travel",6,2020-05-18 08:00:00.000
259,"aap, cremation, twitter, data, abandoned",1,2020-05-18 08:00:00.000
260,"lending, loans, loan, financing, mortgage",13,2020-05-18 08:00:00.000
261,"overview, resources, guide, resource, comprehensive",4,2020-05-18 08:00:00.000
262,"bats, bat, coronaviruses, animals, species",11,2020-05-18 08:00:00.000
263,"medical, patients, physicians, doctor, doctors",2,2020-05-18 08:00:00.000
264,"manitoba, cases province, cases today, province, winnipeg",6,2020-05-18 08:00:00.000
265,"lungs, lung, pneumonia, respiratory, disease",15,2020-05-18 08:00:00.000
266,"refugees, refugee, migrants, humanitarian, migrant",16,2020-05-18 08:00:00.000
269,"supreme court, courts, judicial, court, justice",10,2020-05-18 08:00:00.000
270,"dogs, dog, detect, infected, detection",5,2020-05-18 08:00:00.000
271,"sewage, sars cov, virus, virus causes, viral",8,2020-05-18 08:00:00.000
272,"patients discharged, discharged hospital, patients recovered, recovered patients, covid1",11,2020-05-18 08:00:00.000
273,"arsenal, premier league, united, chelsea, liverpool",7,2020-05-18 08:00:00.000
274,"dental, oral, infection rate, hygiene, infection",6,2020-05-18 08:00:00.000
276,"webinar, join webinar, webinars, webinar series, free webinar",12,2020-05-18 08:00:00.000
277,"myanmar, unicef, rohingya, thailand, coronavirusupdates",4,2020-05-18 08:00:00.000
280,"received vaccine, vaccine today, receive vaccine, getting vaccine, vaccine shot",1,2020-05-18 08:00:00.000
281,"oil, recession, markets, fuels, declining",11,2020-05-18 08:00:00.000
282,"greece, greek, refugees, refugee, gmt coronavirusupdate",8,2020-05-18 08:00:00.000
283,"zinc, vitamin, patients treated, treat patients, hcq",8,2020-05-18 08:00:00.000
284,"gavin newsom, newsom, gavinnewsom, governor, public health",3,2020-05-18 08:00:00.000
287,"jamaica, island, new cases, cases deaths, experiencing",5,2020-05-18 08:00:00.000
288,"bolsonaro, brazilian, threatens, threatened, impeachment",12,2020-05-18 08:00:00.000
291,"flu deaths, flu, influenza, cold flu, like flu",5,2020-05-18 08:00:00.000
292,"cases deaths, utah, fatality rate, deaths reported, total deaths",6,2020-05-18 08:00:00.000
293,"gretchen whitmer, gretchen, governor whitmer, whitmer, govwhitmer",3,2020-05-18 08:00:00.000
294,"cities, pandemics, city, urban, resilience",6,2020-05-18 08:00:00.000
295,"immunity, immune response, natural immunity, immune, immunology",4,2020-05-18 08:00:00.000
296,"tulsa, blue, blue heart, houston, texas",1,2020-05-18 08:00:00.000
297,"racing, marathon, race, running, sport",6,2020-05-18 08:00:00.000
298,"data, information, backlog, worldbank, privacy",4,2020-05-18 08:00:00.000
299,"g7 summit, g7, g7 leaders, proposal, nations",1,2020-05-18 08:00:00.000
300,"000 tests, million tests, total tests, testing capacity, tests conducted",5,2020-05-18 08:00:00.000
301,"hospital beds, hospital bed, beds available, icu beds, hospital",11,2020-05-18 08:00:00.000
303,"covid19vaccine, treat patients, moscow, russia, russian",1,2020-05-18 08:00:00.000
304,"uk government, brexit, handling crisis, britons, crisis",6,2020-05-18 08:00:00.000
305,"work home, working home, home stay, home, stay home",6,2020-05-18 08:00:00.000
306,"shirts, shirt, clothes, wearing, fashion",3,2020-05-18 08:00:00.000
307,"cycling, bike, ride, mobility, roads",13,2020-05-18 08:00:00.000
308,"cardiac, heart disease, heart inflammation, cardiovascular, heart attack",1,2020-05-18 08:00:00.000
309,"brexit, austerity, labour, government response, looming",14,2020-05-18 08:00:00.000
311,"joebiden, joe, obama, breitbartnews, biden administration",2,2020-05-18 08:00:00.000
312,"plasma therapy, convalescent plasma, blood plasma, plasma, clinical trials",7,2020-05-18 08:00:00.000
313,"deadly virus, covid19sa, covidiots, virus, viruses",9,2020-05-18 08:00:00.000
314,"bleach, disinfectant, disinfectants, infections, poison",4,2020-05-18 08:00:00.000
315,"dexamethasone, steroid, treatment, clinical trial, inflammatory",20,2020-05-18 08:00:00.000
316,"fintech, banking, banks, bank, bankers",11,2020-05-18 08:00:00.000
317,"extreme poverty, poverty, poor countries, poor people, current crisis",10,2020-05-18 08:00:00.000
318,"quebec, ottawa, breaking ontario, ontario, edmonton",3,2020-05-18 08:00:00.000
319,"folded hands, folded handsfolded, handsfolded, folded, handsfolded hands",3,2020-05-18 08:00:00.000
321,"died today, died april, died, nursing, nurse",3,2020-05-18 08:00:00.000
323,"flu vaccine, flu shot, vaccination status, vaccine, vaccination",2,2020-05-18 08:00:00.000
324,"yemen, humanitarian, crisis, epidemic, famine",25,2020-05-18 08:00:00.000
325,"current crisis, crisis, crises, leaders, unprecedented",4,2020-05-18 08:00:00.000
326,"scottish government, scotland, number deaths, scottish, deaths",7,2020-05-18 08:00:00.000
327,"peru, indigenous, victims, deaths india, world news",6,2020-05-18 08:00:00.000
330,"cure, cured, cures, flu deaths, aids",5,2020-05-18 08:00:00.000
331,"infection rates, health england, infection rate, risk, new cases",2,2020-05-18 08:00:00.000
333,"tested positive, testing positive, tests positive, test positive, members tested",6,2020-05-18 08:00:00.000
334,"robots, robot, ai, artificial intelligence, technologies",3,2020-05-18 08:00:00.000
335,"private hospitals, hospitals, hospital, hospitalized, care providers",10,2020-05-18 08:00:00.000
337,"enforce, enforcement, osha, regulations, court",1,2020-05-18 08:00:00.000
338,"join tomorrow, meeting, conference, meetings, meet",10,2020-05-18 08:00:00.000
339,"impeachment, governor whitmer, federal judge, state response, whitmer",3,2020-05-18 08:00:00.000
340,"sri lanka, lanka, related deaths, sri, deaths reported",1,2020-05-18 08:00:00.000
341,"overdose, related deaths, deaths occurred, mortality, killed people",5,2020-05-18 08:00:00.000
342,"flatten curve, flattening curve, curve, flatten, flattening",5,2020-05-18 08:00:00.000
343,"afghanistan, uae, outbreak, troops, concern",8,2020-05-18 08:00:00.000
344,"scam, covid_19_za, scams, fraud, false positives",3,2020-05-18 08:00:00.000
345,"ghana, corona virus, malaria, cases recorded, deaths recorded",10,2020-05-18 08:00:00.000
346,"syria, iraq, middle east, regime, humanitarian",3,2020-05-18 08:00:00.000
347,"dementia, alzheimer, deaths, caregivers, older people",11,2020-05-18 08:00:00.000
348,"scotland, wales, scottish, england wales, scotgov",2,2020-05-18 08:00:00.000
349,"nicola sturgeon, sturgeon, scottish government, nicola, scottish",5,2020-05-18 08:00:00.000
350,"million tests, mass testing, people tested, 000 tests, testing",9,2020-05-18 08:00:00.000
351,"air pollution, pollution, quarantine, air, environmental",6,2020-05-18 08:00:00.000
352,"sops, sop, covidー19, som, government",6,2020-05-18 08:00:00.000
353,"police brutality, policing, brutality, riots, police",13,2020-05-18 08:00:00.000
354,"lab leak, leaked, leak, leak theory, lab",1,2020-05-18 08:00:00.000
355,"human rights, freedoms, freedom, liberties, humanrights",6,2020-05-18 08:00:00.000
356,"conferences, conference, attendees, meeting, press conference",6,2020-05-18 08:00:00.000
358,"fitness, health, exercise, rehabilitation, healthy",2,2020-05-18 08:00:00.000
359,"tested positive, testing positive, tests positive, positive tests, test positive",8,2020-05-18 08:00:00.000
360,"waste, pollution, environmental, reducing, garbage",10,2020-05-18 08:00:00.000
361,"treat patients, patients, patient, critical care, medical experts",5,2020-05-18 08:00:00.000
363,"pandemics, inequality, current crisis, inequalities, poor countries",6,2020-05-18 08:00:00.000
365,"coronavirusupdates, haryana, rajasthan, total deaths, deaths today",2,2020-05-18 08:00:00.000
366,"ccp, spread virus, self quarantine, virus, accountable",4,2020-05-18 08:00:00.000
367,"keycap, 1keycap, ontario, rt, real time",7,2020-05-18 08:00:00.000
368,"moderna vaccine, vaccine developed, vaccine available, experimental vaccine, approval vaccine",4,2020-05-18 08:00:00.000
369,"albertans, alberta, ndp, public schools, edmonton",1,2020-05-18 08:00:00.000
370,"museums, museum, exhibition, heritage, visitors",3,2020-05-18 08:00:00.000
371,"faceloudly crying, crying faceloudly, crying face, loudly crying, face tears",7,2020-05-18 08:00:00.000
372,"cases deaths, quebec, additional deaths, related deaths, new deaths",2,2020-05-18 08:00:00.000
374,"hoax, coronavirusuk, fakenews, believe, believed",9,2020-05-18 08:00:00.000
375,"fires, wildfires, firefighters, wildfire, burning",3,2020-05-18 08:00:00.000
378,"advertising, marketing, consumers, ads, brands",7,2020-05-18 08:00:00.000
379,"supply chains, supply chain, logistics, supply, supermarket",9,2020-05-18 08:00:00.000
381,"government failed, government response, governments, government, governance",3,2020-05-18 08:00:00.000
383,"abortion, health emergency, public health, clinic, liberties",5,2020-05-18 08:00:00.000
384,"budget, budgets, fiscal, spending, costs",8,2020-05-18 08:00:00.000
386,"rwanda, covidー19, united nations, response crisis, secretary general",9,2020-05-18 08:00:00.000
387,"flowers, rainbow, gardens, garden, small blue",1,2020-05-18 08:00:00.000
388,"americans die, american deaths, americans died, number deaths, 000 americans",1,2020-05-18 08:00:00.000
390,"inflammatory syndrome, inflammation, inflammatory, syndrome, diagnosed",2,2020-05-18 08:00:00.000
392,"refund, ticket, airline, credit, cancel",6,2020-05-18 08:00:00.000
393,"delhi police, maharashtra, delhi, delhi cm, access",1,2020-05-18 08:00:00.000
394,"000 cases, russia, million cases, moscow, number infections",4,2020-05-18 08:00:00.000
395,"pension, retirement, savings, seniors, insurance",10,2020-05-18 08:00:00.000
397,"telangana, andhrapradesh, andhra, hyderabad, tamil nadu",13,2020-05-18 08:00:00.000
398,"matt hancock, legal action, hancock, matt, accused",22,2020-05-18 08:00:00.000
399,"george floyd, floyd, autopsy, tested positive, deadly virus",73,2020-05-18 08:00:00.000
400,"coronaviru, relieved face, face, faceenraged, flushed face",6,2020-05-18 08:00:00.000
401,"ohio, cases reported, 000 cases, daily cases, probable cases",3,2020-05-18 08:00:00.000
402,"tanzania, uganda, rwanda, covidvaccination, zambia",4,2020-05-18 08:00:00.000
403,"weddings, wedding, ceremony, culture, marriage",2,2020-05-18 08:00:00.000
405,"lockdown measures, national lockdown, easing lockdown, lockdown restrictions, lockdowns",7,2020-05-18 08:00:00.000
406,"covid19india, antiviral, vaccine india, cov virus, medication",5,2020-05-18 08:00:00.000
407,"unicef, ngo, volunteers, youth, malawi",5,2020-05-18 08:00:00.000
408,"anti asian, asian, racist, racial, racism",2,2020-05-18 08:00:00.000
409,"corona virus, global news, protests, trumpvirus, racism",2,2020-05-18 08:00:00.000
410,"new restrictions, restrictions lifted, restrictions, easing restrictions, restrictions place",3,2020-05-18 08:00:00.000
411,"disease 2019, doh reports, cases reported, new infections, new cases",7,2020-05-18 08:00:00.000
412,"deaf, hearing, speech, disabled people, sign",5,2020-05-18 08:00:00.000
413,"need plasma, need blood, recovered plasma, blood plasma, urgently need",2,2020-05-18 08:00:00.000
414,"hotels, hotel, hospitality, spanish flu, resort",8,2020-05-18 08:00:00.000
415,"rand paul, rand, paul, randpaul, gop",3,2020-05-18 08:00:00.000
417,"cases reported, cases confirmed, new cases, cases tuesday, confirmed cases",11,2020-05-18 08:00:00.000
419,"lgbtq, minorities, refugees, gay, openly",5,2020-05-18 08:00:00.000
420,"outbreak, cases deaths, michigan, outbreaks, death rate",2,2020-05-18 08:00:00.000
421,"cases deaths, cases death, additional deaths, 000 cases, deaths",4,2020-05-18 08:00:00.000
422,"workers died, healthcare workers, health workers, deaths, care workers",7,2020-05-18 08:00:00.000
423,"megaphone, covid19vaccine, announcement, nhs app, latest update",8,2020-05-18 08:00:00.000
424,"drone, drones, surveillance, footage, vehicles",2,2020-05-18 08:00:00.000
425,"memorial day, memorial, ceremony, honoring, honored",4,2020-05-18 08:00:00.000
427,"cmomaharashtra, ashokgehlot51, request, kagutamuseveni, available",2,2020-05-18 08:00:00.000
429,"youth, young people, teens, participation, youths",8,2020-05-18 08:00:00.000
430,"covid19sa, fear, fears, don afraid, covidiots",5,2020-05-18 08:00:00.000
432,"nba, basketball, players tested, players, athletic",8,2020-05-18 08:00:00.000
433,"inflammatory syndrome, disease, diagnosed, fever, syndrome",3,2020-05-18 08:00:00.000
434,"surveys, new survey, public health, survey, health services",4,2020-05-18 08:00:00.000
435,"vegas, las vegas, nevada, las, phoenix",10,2020-05-18 08:00:00.000
436,"leader, leadership, leaders, civil society, authoritarian",2,2020-05-18 08:00:00.000
437,"global vaccine, million vaccines, access vaccines, vaccines, vaccine",2,2020-05-18 08:00:00.000
439,"mental health, mentalhealth, mental illness, health crisis, pediatric",3,2020-05-18 08:00:00.000
442,"saliva, face medical, medical mask, rapid antigen, nasal",3,2020-05-18 08:00:00.000
443,"walter reed, vaccines, physician, walter, medical",1,2020-05-18 08:00:00.000
444,"whatsapp, corona, vaccine just, messages, virus",6,2020-05-18 08:00:00.000
445,"warriors, coronawarriors, shout, warrior, combating",5,2020-05-18 08:00:00.000
448,"jared kushner, kushner, jared, trump administration, thank god",5,2020-05-18 08:00:00.000
449,"dashboard, latest data, indicators, daily update, latest",7,2020-05-18 08:00:00.000
450,"trumpvirus, coronavirusoutbreak, trump diagnosis, whitehouse, pathogen",1,2020-05-18 08:00:00.000
451,"zimbabwe, zambia, african, corruption, world bank",9,2020-05-18 08:00:00.000
453,"detention, detained, asylum, migrants, ice",6,2020-05-18 08:00:00.000
454,"hawaii, donation, 100 000, 400 000, outreach",1,2020-05-18 08:00:00.000
455,"need blood, donate plasma, donor, blood plasma, blood",4,2020-05-18 08:00:00.000
456,"play button, video, videos, youtube, oann",1,2020-05-18 08:00:00.000
458,"lebanon, refugee, israel, cases today, economic crisis",3,2020-05-18 08:00:00.000
459,"fines, fined, violations, regulations, enforcement",1,2020-05-18 08:00:00.000
460,"public transport, traveling, travelling, travel, essential travel",2,2020-05-18 08:00:00.000
461,"free vaccines, access vaccines, global vaccine, vaccine approved, vaccine new",1,2020-05-18 08:00:00.000
462,"stress, stressed, stressful, covidindia, coping",3,2020-05-18 08:00:00.000
463,"workforce, employment, outbreak, employees, workplace",5,2020-05-18 08:00:00.000
464,"somalia, east africa, ministry health, parliament, health ministry",6,2020-05-18 08:00:00.000
465,"outbreaks, epidemic, latest figures, december 2019, prevalence",3,2020-05-18 08:00:00.000
466,"cases reported, blue diamond, confirmed cases, chart, western cape",3,2020-05-18 08:00:00.000
468,"kaduna, cases identified, new cases, new case, cases yesterday",2,2020-05-18 08:00:00.000
469,"covid19sa, covidー19, gauteng, reported cases, cases recorded",5,2020-05-18 08:00:00.000
470,"railways, railway, trains, train, rail",6,2020-05-18 08:00:00.000
471,"ebola, epidemic, epidemics, outbreak, hiv",3,2020-05-18 08:00:00.000
472,"malaria, diseases, fever, getting sick, disease",12,2020-05-18 08:00:00.000
473,"beijing, cases announced, china china, case confirmed, confirmed cases",8,2020-05-18 08:00:00.000
474,"hindu, spread india, gandhi, muslim, mosque",2,2020-05-18 08:00:00.000
475,"hospitalisation, treating patients, hospitals, private hospitals, patients",5,2020-05-18 08:00:00.000
478,"uv light, uv, disinfect, disinfectant, disinfectants",5,2020-05-18 08:00:00.000
480,"happy birthday, birthday, anniversary, 11th, celebrate",1,2020-05-18 08:00:00.000
481,"florida department, fired, scientist, florida, whistleblower",6,2020-05-18 08:00:00.000
482,"covidー19, covidsecondwave, karnataka, number infections, cases reported",2,2020-05-18 08:00:00.000
483,"fur, outbreak, outbreaks, animals, farms",3,2020-05-18 08:00:00.000
484,"pharmacists, pharma, pharmacies, pharmacist, pharmacy",2,2020-05-18 08:00:00.000
485,"bihar, cases reported, patna, state health, cases 15",1,2020-05-18 08:00:00.000
487,"cdc reports, cdc, cdc director, new evidence, potus",1,2020-05-18 08:00:00.000
489,"vaccine passports, passports, vaccine passport, passport, immunity",2,2020-05-18 08:00:00.000
490,"deaths reported, cases deaths, additional deaths, deaths today, death rate",6,2020-05-18 08:00:00.000
491,"interview, interviewed, interviews, look forward, good time",3,2020-05-18 08:00:00.000
493,"current crisis, journalists, journalist, journalism, reporters",2,2020-05-18 08:00:00.000
495,"jab, jabs, help protect, protect, natural immunity",1,2020-05-18 08:00:00.000
496,"muslim, islamic, muslims, allah, mosque",3,2020-05-18 08:00:00.000
497,"jammu kashmir, related deaths, kashmir, deaths reported, deaths today",6,2020-05-18 08:00:00.000
500,"death rates, death rate, death numbers, death count, number deaths",2,2020-05-18 08:00:00.000
504,"albertans, alberta, cbc news, cases deaths, cases province",1,2020-05-18 08:00:00.000
505,"tested positive, testing positive, tests positive, test positive, positive virus",2,2020-05-18 08:00:00.000
508,"new zealand, zealand, jacinda ardern, ardern, nz",3,2020-05-18 08:00:00.000
510,"face smiling, smiling face, smiling_face_with_heart eyes, smiling_face_with_heart, grinning face",6,2020-05-18 08:00:00.000
512,"fashion, clothing, retailers, brands, clothes",6,2020-05-18 08:00:00.000
513,"uk deaths, deaths uk, infections deaths, covid19uk, uk reports",4,2020-05-18 08:00:00.000
514,"market 2020, market, manufacturers, trends, vendors",8,2020-05-18 08:00:00.000
515,"suicide, autopsy, murdered, man died, killer",1,2020-05-18 08:00:00.000
516,"vaccine available, brexit, vaccine rollout, post vaccination, vaccine hesitancy",1,2020-05-18 08:00:00.000
517,"beaches, beach, coast, shore, ocean",5,2020-05-18 08:00:00.000
518,"world population, death rates, population, percent, country world",3,2020-05-18 08:00:00.000
519,"whistleblower, nursing home, patients died, claims, nursing",1,2020-05-18 08:00:00.000
520,"tested positive, deaths reported, number deaths, hospital deaths, testing positive",6,2020-05-18 08:00:00.000
521,"fighting stigma, stigma, patients, outbreak, quarantine",9,2020-05-18 08:00:00.000
522,"great article, interesting article, article, articles, read article",1,2020-05-18 08:00:00.000
525,"portugal, spain, countries, eu, quarantine",2,2020-05-18 08:00:00.000
527,"losses, west, ncaa, past, end year",1,2020-05-18 08:00:00.000
529,"poetry, literature, write, writers, written",2,2020-05-18 08:00:00.000
530,"tweet, retweet, tweeted, twitter, corona",2,2020-05-18 08:00:00.000
531,"mental health, mentalhealth, mental illness, health wellbeing, health",1,2020-05-18 08:00:00.000
532,"kellyanne conway, conway, kellyanne, ann, kelly",1,2020-05-18 08:00:00.000
533,"uk deaths, deaths uk, death toll, number deaths, death rate",9,2020-05-18 08:00:00.000
534,"infectious diseases, infectious, virus spread, spread virus, infect",17,2020-05-18 08:00:00.000
535,"oklahoma, cases deaths, hospitalizations, health officials, tulsa",8,2020-05-18 08:00:00.000
536,"bbcnews, bbc, uk news, bbcworld, viewers",4,2020-05-18 08:00:00.000
537,"musk, elonmusk, elon, tweet, tweets",2,2020-05-18 08:00:00.000
538,"oregon, current stats, outbreaks, deaths reported, reports new",2,2020-05-18 08:00:00.000
539,"careers, jobs, hiring, career, employment",3,2020-05-18 08:00:00.000
540,"icu beds, oxygen cylinder, oxygen cylinders, hospital bed, covid19india",1,2020-05-18 08:00:00.000
542,"lagos, patients discharged, discharged hospital, discharges, discharge",9,2020-05-18 08:00:00.000
546,"duterte, health secretary, secretary, presidential, press briefing",4,2020-05-18 08:00:00.000
547,"azerbaijan, hospitals, humanitarian, aid, embassy",2,2020-05-18 08:00:00.000
548,"maine, covid1, cases reported, advisory, 2021 cases",2,2020-05-18 08:00:00.000
549,"photos, camera, pictures, photography, photo",5,2020-05-18 08:00:00.000
550,"innovation, technology, technologies, epidemics, healthcare",6,2020-05-18 08:00:00.000
551,"immigration, borders, cross border, border, manitoba",2,2020-05-18 08:00:00.000
552,"disney, sign petition, petition, park, parks",6,2020-05-18 08:00:00.000
553,"vegas, fighter, fights, las vegas, espn",3,2020-05-18 08:00:00.000
554,"kashmir, jammu kashmir, jammu, srinagar, terrorist",6,2020-05-18 08:00:00.000
555,"tested positive, jon, testing positive, utah, tests positive",1,2020-05-18 08:00:00.000
556,"personnel, police station, conducted, mps, patrol",2,2020-05-18 08:00:00.000
559,"president biden, joe biden, biden administration, biden, president realdonaldtrump",2,2020-05-18 08:00:00.000
561,"library, libraries, books, quarantine, lending",8,2020-05-18 08:00:00.000
564,"cure, jokes, joke, comedy, funny",3,2020-05-18 08:00:00.000
566,"governor, state governor, governors, governme, legislature",5,2020-05-18 08:00:00.000
567,"namibia, coronaviruspandemic, coronavirusupdate, coronavirusupdate coronaviruspandemic, gmt coronavirusupdate",3,2020-05-18 08:00:00.000
569,"rain, weather, evening, indoor, indoors",2,2020-05-18 08:00:00.000
570,"city, woke, sleeping, sleep, night",1,2020-05-18 08:00:00.000
571,"players tested, tested positive, mlb, players test, test positive",9,2020-05-18 08:00:00.000
572,"grandparents, hug, embrace, grandma, loved ones",2,2020-05-18 08:00:00.000
573,"fish, chinese, boat, waters, threatened",1,2020-05-18 08:00:00.000
574,"cloud, infrastructure, providers, technology, technologies",5,2020-05-18 08:00:00.000
575,"coronaviruspandemic, coronavirusupdate coronaviruspandemic, coronavirusupdate, corona virus, coronavirusindia",2,2020-05-18 08:00:00.000
578,"tested positive, testing positive, test positive, positive virus, goat",2,2020-05-18 08:00:00.000
579,"right arrow, arrow, arrow curving, today update, updates",2,2020-05-18 08:00:00.000
580,"hospital beds, hospitals, private hospitals, hospital bed, hospital",12,2020-05-18 08:00:00.000
581,"hospital patients, hospitals, hospital, medical care, patients",5,2020-05-18 08:00:00.000
582,"positi, player, tested positive, posi, francisco",1,2020-05-18 08:00:00.000
584,"tuberculosis, epidemic, infectious disease, models, tb",1,2020-05-18 08:00:00.000
585,"corruption, corrupt, government response, govt, reporting",4,2020-05-18 08:00:00.000
586,"fraud, fraudulent, investigative, report, scams",1,2020-05-18 08:00:00.000
587,"summer, beach, hotel, sunset, beaches",1,2020-05-18 08:00:00.000
590,"cyclone, storm, people dying, west bengal, india news",2,2020-05-18 08:00:00.000
591,"sage, new evidence, consultation, evidence, meetings",5,2020-05-18 08:00:00.000
592,"billionaires, billionaire, wealth, forbes, trillion",3,2020-05-18 08:00:00.000
593,"autism, disabilities, disabled people, disability, concern",4,2020-05-18 08:00:00.000
594,"blood clot, blood clots, clot, clots, patients",2,2020-05-18 08:00:00.000
595,"sanitation, water, world leaders, worldbank, infrastructure",3,2020-05-18 08:00:00.000
596,"asia, south asia, asean, singapore, pacific",3,2020-05-18 08:00:00.000
597,"medications, medication, drug, prescription, drugs",1,2020-05-18 08:00:00.000
598,"construction, building, buildings, contractors, build",5,2020-05-18 08:00:00.000
599,"fuck, coronavirusupdates, racism, shit, disgrace",4,2020-05-18 08:00:00.000
600,"care homes, care home, covid19uk, state health, home residents",6,2020-05-18 08:00:00.000
602,"twitter, tweet, tweets, tweeting, social media",1,2020-05-18 08:00:00.000
605,"fiji, pacific, islands, milestone, congratulations",1,2020-05-18 08:00:00.000
606,"bitcoin, economic crisis, crypto, 2023, crisis",2,2020-05-18 08:00:00.000
607,"immunity, natural immunity, immune, immune response, certificate",1,2020-05-18 08:00:00.000
612,"philippine, philippines, manila, filipino, filipinos",2,2020-05-18 08:00:00.000
613,"transmission, community transmission, news, transmit, dropped",1,2020-05-18 08:00:00.000
614,"nashville, tn, unemployed, flu season, local businesses",1,2020-05-18 08:00:00.000
616,"truck drivers, cases confirmed, new cases, truck, 2020 new",3,2020-05-18 08:00:00.000
619,"visa, visas, embassy, reopen, immigration",2,2020-05-18 08:00:00.000
621,"cases province, infection rates, province, cases today, cases reported",4,2020-05-18 08:00:00.000
622,"cases announced, new cases, cases increased, cases 20, cases 10",4,2020-05-18 08:00:00.000
624,"covid19vaccine, ontario, epidemiology, outbreak, quebec",2,2020-05-18 08:00:00.000
626,"day weekend, weekend, today tomorrow, tonight, stay safe",4,2020-05-18 08:00:00.000
627,"industrial, ceo, ceos, chairman, chief executive",2,2020-05-18 08:00:00.000
628,"000 cases, million cases, cases today, cases reported, cases hit",4,2020-05-18 08:00:00.000
630,"deaths total, cases deaths, cases infection, death numbers, deaths",2,2020-05-18 08:00:00.000
632,"sonusood, himantabiswa, patient, father, infected",1,2020-05-18 08:00:00.000
633,"saskatchewan, cases reported, cases wednesday, cases today, cases province",2,2020-05-18 08:00:00.000
634,"recruiting, alabama, ncaa, coaches, coaching",1,2020-05-18 08:00:00.000
638,"died complications, mortality, people dying, deaths people, people die",7,2020-05-18 08:00:00.000
639,"conspiracies, conspiracy theories, conspiracy theory, conspiracy theorists, conspiracy",1,2020-05-18 08:00:00.000
640,"kerala, cases deaths, cases reported, reported deaths, deaths related",2,2020-05-18 08:00:00.000
641,"illnesses, severe illness, longcovid, illness, health issues",4,2020-05-18 08:00:00.000
642,"forest, wildlife, pandemics, woods, tree",2,2020-05-18 08:00:00.000
643,"quarantine, argentina, population, deaths million, coronavirusupdate coronaviruspandemic",1,2020-05-18 08:00:00.000
644,"biohazard, wuhan lab, lab wuhan, wuhan institute, wuhan",1,2020-05-18 08:00:00.000
645,"audio, podcast, sports, nbc, music",2,2020-05-18 08:00:00.000
646,"sioux, villages, tribes, north dakota, delta",1,2020-05-18 08:00:00.000
647,"stay safe, cases deaths, michigan, vaccines safe, report today",1,2020-05-18 08:00:00.000
649,"maps, map, covid19vaccine, atlas, charts",3,2020-05-18 08:00:00.000
650,"palliatives, palliative, care patients, life death, care",4,2020-05-18 08:00:00.000
652,"apps, launched, warning, app, million people",1,2020-05-18 08:00:00.000
653,"cov virus, inflammation, blood clot, disease, blood",1,2020-05-18 08:00:00.000
655,"saudi, saudi arabia, arabia, saudiarabia, qatar",3,2020-05-18 08:00:00.000
656,"couple, couples, marriage, married, wife",3,2020-05-18 08:00:00.000
659,"tested positive, trump rally, testing positive, staff tested, test positive",66,2020-05-18 08:00:00.000
661,"camps, camp, summer, 2020, new cdc",2,2020-05-18 08:00:00.000
663,"vaccination, vaccinate, vaccinations, vaccinated, getting vaccinated",1,2020-05-18 08:00:00.000
664,"barbados, caribbean, expensive, sale, cases today",1,2020-05-18 08:00:00.000
666,"conspiracies, conspiracy theory, conspiracy theories, conspiracy theorists, conspiracy",2,2020-05-18 08:00:00.000
668,"swab, swabs, antibody test, nasal, diagnostic",4,2020-05-18 08:00:00.000
669,"travel restrictions, maps, map, alerts, restrictions",3,2020-05-18 08:00:00.000
670,"blockchain, crypto, bitcoin, chain, technology",6,2020-05-18 08:00:00.000
671,"patients, virus, dr erickson, dr, doctors",4,2020-05-18 08:00:00.000
672,"mayor, mayors, city council, municipal, city",4,2020-05-18 08:00:00.000
673,"funeral, funerals, related death, covid19sa, mourning",4,2020-05-18 08:00:00.000
674,"missouri, mo, arrests, hospitalizations, state reported",2,2020-05-18 08:00:00.000
675,"treating patients, help patients, hospitalized patients, rehabilitation, patients",4,2020-05-18 08:00:00.000
676,"broadband, internet, network, communications, imp",1,2020-05-18 08:00:00.000
677,"coronaviruspandemic, corona virus, coronavirusoutbreak, cartoon, corona",4,2020-05-18 08:00:00.000
678,"channels, streaming, broadcast, radio, news",2,2020-05-18 08:00:00.000
679,"new brunswick, brunswick, cbc news, cbcnews, ctvnews",2,2020-05-18 08:00:00.000
680,"gdp, recession, economy, austerity, economic recovery",17,2020-05-18 08:00:00.000
681,"transplant, lung, lungs, ill patients, critically ill",17,2020-05-18 08:00:00.000
683,"loneliness, self isolation, social distancing, isolation, social",7,2020-05-18 08:00:00.000
684,"covid19sa, quarantined, democracy, elections, lockdown",1,2020-05-18 08:00:00.000
687,"cases indian, travel ban, spread india, indian variant, indian",1,2020-05-18 08:00:00.000
688,"coronavirusupdate, coronavirusupdates, coronavirusuk, coronavirusindia, latest updates",7,2020-05-18 08:00:00.000
689,"wuhan lab, healthcare workers, health authorities, lab wuhan, wuhan institute",1,2020-05-18 08:00:00.000
690,"monkeys, outbreak, wildlife, 2020, new vaccine",1,2020-05-18 08:00:00.000
692,"odisha, covidvaccination, getting infected, cases reported, daily infections",1,2020-05-18 08:00:00.000
694,"north carolina, carolina, nc, south carolina, cases today",9,2020-05-18 08:00:00.000
695,"social media, socialmedia, social, facebook, new blog",5,2020-05-18 08:00:00.000
698,"iot, analytics, cloud, devices, socialmedia",2,2020-05-18 08:00:00.000
699,"chicago, illinois, il, virus, central",4,2020-05-18 08:00:00.000
703,"check mark, mark button, button, box check, checks",2,2020-05-18 08:00:00.000
704,"reopens, reopening, reopen, white house, reopened",1,2020-05-18 08:00:00.000
705,"remotely, remote work, remote, services, memory",1,2020-05-18 08:00:00.000
706,"clinical trials, clinical trial, trials, clinical, trial",2,2020-05-18 08:00:00.000
707,"singer, saddened, nurse, dies complications, nursing",1,2020-05-18 08:00:00.000
710,"rural, rural areas, sustainable, revolution, wef",1,2020-05-18 08:00:00.000
711,"ambulance, ambulances, paramedics, care unit, critically ill",3,2020-05-18 08:00:00.000
716,"quarantine, quarantine center, positive tests, ministry health, diagnosed",1,2020-05-18 08:00:00.000
717,"hogan, matches, raw, clash, reportedly",6,2020-05-18 08:00:00.000
720,"assam, coronavirusupdates, coronavirusindia, odisha, karnataka",3,2020-05-18 08:00:00.000
721,"additional deaths, deaths reported, new deaths, reported deaths, deaths new",1,2020-05-18 08:00:00.000
723,"arrested, zimbabwe, illegally, accused, minister health",1,2020-05-18 08:00:00.000
724,"birthday, celebrated, happy birthday, celebrating, celebrates",3,2020-05-18 08:00:00.000
725,"mainstream media, media, journalism, newspapers, newspaper",1,2020-05-18 08:00:00.000
729,"ill patients, complications, blood clots, hospitalized patients, patients",3,2020-05-18 08:00:00.000
730,"seanhannity, realdonaldtrump, fox news, foxnews, msnbc",1,2020-05-18 08:00:00.000
732,"bjp4india, narendramodi pmoindia, bjp, pmoindia narendramodi, arvindkejriwal",3,2020-05-18 08:00:00.000
733,"football, stadium, sports, soccer, sport",3,2020-05-18 08:00:00.000
735,"tyson, meatpacking, poultry, food supply, meat",5,2020-05-18 08:00:00.000
736,"epidemics, netherlands, infected people, outbreaks, dutch",3,2020-05-18 08:00:00.000
737,"steroid, steroids, treatment, fatality rate, risk severe",9,2020-05-18 08:00:00.000
740,"immunity, positive virus, immunology, antibody, antibodies",2,2020-05-18 08:00:00.000
741,"parliamentary, parliament, mps, commons, debate",4,2020-05-18 08:00:00.000
743,"governors, state governor, governor, govmurphy, govmikedewine",6,2020-05-18 08:00:00.000
746,"financially, finances, financial, taking care, wellbeing",2,2020-05-18 08:00:00.000
747,"awareness, safety, precautions, spread awareness, chandigarh",1,2020-05-18 08:00:00.000
748,"tweets, tweet, tweeting, twitter, nba",1,2020-05-18 08:00:00.000
749,"cases reported, deaths reported, related deaths, new cases, 000 cases",4,2020-05-18 08:00:00.000
753,"vaccine emergency, vaccine, taking vaccine, vaccines, receive vaccine",1,2020-05-18 08:00:00.000
754,"death certificate, death certificates, certificate, death reported, deceased",1,2020-05-18 08:00:00.000
755,"funder, trump supporters, trump, trump campaign, president trump",1,2020-05-18 08:00:00.000
758,"swiss, switzerland, germany, insurance, economy",2,2020-05-18 08:00:00.000
759,"wildlife, zoo, cov virus, delayed, forest",1,2020-05-18 08:00:00.000
760,"paid sick, sick leave, employer, employers, taxes",1,2020-05-18 08:00:00.000
761,"isolation centre, isolation, home isolation, isolated, facility",4,2020-05-18 08:00:00.000
763,"maldives, luxury, private hospital, hospital, tourist",1,2020-05-18 08:00:00.000
764,"chile, peru, outbreak, death toll, flu season",5,2020-05-18 08:00:00.000
765,"testing, tests, travel, traveling, rapid tests",1,2020-05-18 08:00:00.000
769,"believe, real, fake, don believe, fact",6,2020-05-18 08:00:00.000
771,"gyms, gym, fitness, bankruptcy, closes",4,2020-05-18 08:00:00.000
772,"infections, infection, medicines, disease 2019, patients",4,2020-05-18 08:00:00.000
775,"detection, coronavir, detect, detecting, scan",2,2020-05-18 08:00:00.000
776,"uk deaths, deaths uk, number deaths, deaths related, 000 deaths",4,2020-05-18 08:00:00.000
777,"employers, employer, employment, employ, employee",3,2020-05-18 08:00:00.000
778,"malaria drug, malaria, medications, infection, fda",7,2020-05-18 08:00:00.000
779,"covid_19_za, outbreaks, latest numbers, infectious disease, coronav",2,2020-05-18 08:00:00.000
780,"golf, tournament, clubs, club, swing",8,2020-05-18 08:00:00.000
781,"european_union, netherlands, dutch, poland, hungary",2,2020-05-18 08:00:00.000
784,"mosques, mosque, churches, islamic, muslims",6,2020-05-18 08:00:00.000
785,"nancy, actress, woman, hillaryclinton, miss",7,2020-05-18 08:00:00.000
787,"new infections, cases wednesday, cases announced, infections, cases increased",5,2020-05-18 08:00:00.000
789,"unwell, actress, coronavir, health, covid19india",1,2020-05-18 08:00:00.000
791,"pib_india, mohfw_india, narendramodi pmoindia, devisridhar, authackeray",2,2020-05-18 08:00:00.000
792,"infecting, virus, symptomatic, symptoms, suffered",4,2020-05-18 08:00:00.000
794,"crisis india, agriculture, agricultural, india cases, farmers",1,2020-05-18 08:00:00.000
796,"arkansas, cases deaths, additional deaths, new cases, reported cases",7,2020-05-18 08:00:00.000
798,"indigenous, tribes, native american, covi, native",1,2020-05-18 08:00:00.000
799,"education minister, student, students, promotion, education",5,2020-05-18 08:00:00.000
800,"malawi, zambia, rwanda, african, health authorities",3,2020-05-18 08:00:00.000
801,"lysol, treatment, dr, suspected, cure",1,2020-05-18 08:00:00.000
802,"people recovered, epidemiology, recovery rate, survivors, new recoveries",4,2020-05-18 08:00:00.000
805,"vermont, outdoors, play, residents, hear",1,2020-05-18 08:00:00.000
807,"tested positive, pregnant, rapid test, infected, patients",3,2020-05-18 08:00:00.000
810,"recession, gdp, global economy, economy, economic",3,2020-05-18 08:00:00.000
811,"county, oregon, ct, health department, tulsa",1,2020-05-18 08:00:00.000
812,"fda, rick, dr, appointed, obama",1,2020-05-18 08:00:00.000
813,"allergies, cold flu, influenza, flu, symptoms",1,2020-05-18 08:00:00.000
814,"hospital, hospitals, private hospitals, treat patients, general hospital",5,2020-05-18 08:00:00.000
818,"researchers, viral, vaccine candidate, sars cov, technology",4,2020-05-18 08:00:00.000
820,"fema, donated, disasters, hurricane, burial",2,2020-05-18 08:00:00.000
822,"hospital, grieving, memorial, dying, people died",2,2020-05-18 08:00:00.000
824,"bame, impact, likely die, affected, doctors died",21,2020-05-18 08:00:00.000
825,"energy, emissions, fuels, electricity, consumption",8,2020-05-18 08:00:00.000
826,"capitalism, socialism, pandemics, revolution, crises",2,2020-05-18 08:00:00.000
828,"speedy recovery, prayers, prayer, recovery, pray",3,2020-05-18 08:00:00.000
829,"bars restaurants, restaurants bars, clubs, club, outbreak",3,2020-05-18 08:00:00.000
830,"child care, childcare, children, pediatric, child",3,2020-05-18 08:00:00.000
831,"symptoms tested, symptom, showing symptoms, symptoms, mild symptoms",3,2020-05-18 08:00:00.000
832,"high voltage, voltage, ways, fund, power",1,2020-05-18 08:00:00.000
833,"world bank, nigeria, financing, loan, african countries",4,2020-05-18 08:00:00.000
834,"corona virus, coronaviruses, common cold, cold flu, coronaisnotajoke",1,2020-05-18 08:00:00.000
835,"zimbabwe, new infections, deaths, deaths new, confirmed cases",1,2020-05-18 08:00:00.000
836,"covid_19_za, recovery rate, infection rate, recovery, percent",5,2020-05-18 08:00:00.000
837,"covid19uk, outbreak, uk news, united kingdom, london",3,2020-05-18 08:00:00.000
838,"sign petition, need vaccine, petition, petitions, vaccination",2,2020-05-18 08:00:00.000
839,"baker, gov, governor, quarantine, investment",1,2020-05-18 08:00:00.000
841,"senior citizens, seniors, elderly, older people, realdonaldtrump trump",2,2020-05-18 08:00:00.000
844,"latin america, peru, north america, countries, globe_showing_americas",2,2020-05-18 08:00:00.000
846,"court, delhi govt, delhi police, courts, supreme court",5,2020-05-18 08:00:00.000
847,"colombia, latin america, venezuela, argentina, mexico",5,2020-05-18 08:00:00.000
848,"circuit breaker, breaker, coronavirusupdates, cautious, circuit",1,2020-05-18 08:00:00.000
852,"london, virus, essex, concern, britons",1,2020-05-18 08:00:00.000
853,"pandemics, covidiots, epidemics, spanish flu, current crisis",2,2020-05-18 08:00:00.000
854,"vaccine, vaccines, vaccine trials, vaccine development, effective vaccine",1,2020-05-18 08:00:00.000
855,"fever, diagnostic, camera, thermometer, screening",6,2020-05-18 08:00:00.000
858,"packages, deliveries, package, shop, shipping",2,2020-05-18 08:00:00.000
859,"workforce, recruitment, employees, hr, hiring",7,2020-05-18 08:00:00.000
860,"antibody testing, employees vaccinated, antibody, employers, employer",1,2020-05-18 08:00:00.000
861,"state emergency, louisiana, state health, governor, state",2,2020-05-18 08:00:00.000
862,"putin, moscow, russia, russian, like trump",1,2020-05-18 08:00:00.000
868,"testing kits, test kit, test kits, antigen test, new testing",4,2020-05-18 08:00:00.000
871,"wa, updates, daily update, april 2020, wednesday june",4,2020-05-18 08:00:00.000
874,"asthma, cdcgov, risk infection, severe illness, risk severe",2,2020-05-18 08:00:00.000
875,"ukraine, confirmed cases, 2021 cases, regions, war",1,2020-05-18 08:00:00.000
878,"self employed, financial support, income, grants, payments",2,2020-05-18 08:00:00.000
880,"roosevelt, navy, captain, sailors, ship",2,2020-05-18 08:00:00.000
881,"rishisunak, rishi, duri, urgent, brief",3,2020-05-18 08:00:00.000
882,"allah, muslim, muslims, almighty, blessings",4,2020-05-18 08:00:00.000
883,"graduation, medical college, graduates, graduate, certificates",1,2020-05-18 08:00:00.000
886,"apology, apologize, korean, korea, south korea",1,2020-05-18 08:00:00.000
888,"lunch, meals, schools, public school, school district",2,2020-05-18 08:00:00.000
890,"qr, nhscovid19app, test trace, nz, track trace",1,2020-05-18 08:00:00.000
892,"donate plasma, plasma therapy, donate, donation, donates",48,2020-05-18 08:00:00.000
894,"islands, island, climate crisis, pacific, herd",4,2020-05-18 08:00:00.000
895,"outdoor, indoor, safely, outdoors, outside",1,2020-05-18 08:00:00.000
896,"isolate, tested positive, symptoms tested, self isolate, tests positive",2,2020-05-18 08:00:00.000
898,"zambia, malawi, tanzania, prayer, overcome",2,2020-05-18 08:00:00.000
900,"anxious, anxiety, stress, stressed, stressful",2,2020-05-18 08:00:00.000
902,"trump rally, rallies, rally, trump campaign, campaign",20,2020-05-18 08:00:00.000
904,"lost jobs, job losses, workers need, workforce, workers",1,2020-05-18 08:00:00.000
907,"coronaviruspandemic, coronavirusupdate, coronavirusupdate coronaviruspandemic, gmt coronavirusupdate, morocco",1,2020-05-18 08:00:00.000
908,"coronavirusupdates, coronavirusupdate, countries, usa, russia",4,2020-05-18 08:00:00.000
910,"india crisis, india reports, crisis india, economy, gdp",1,2020-05-18 08:00:00.000
911,"life, infecting, living, fever, passed away",2,2020-05-18 08:00:00.000
912,"cow, animals, labs, immune, cure",5,2020-05-18 08:00:00.000
914,"weddings, wedding, attendees, orders, anniversary",2,2020-05-18 08:00:00.000
915,"epidemiologist, epidemiology, epidemiologists, diseases, disease",3,2020-05-18 08:00:00.000
917,"monitoring, monitor, surveillance, tracker, watch",2,2020-05-18 08:00:00.000
918,"duration, analysis, studied, study, critical",1,2020-05-18 08:00:00.000
919,"pib_india, pmoindia narendramodi, narendramodi pmoindia, bjp4india, pmoindia",1,2020-05-18 08:00:00.000
920,"temple, gold, demand, money, silver",3,2020-05-18 08:00:00.000
922,"testing positive, 000 tests, showing symptoms, test results, million tests",1,2020-05-18 08:00:00.000
925,"herbal, medicines, drugs, drug, medication",1,2020-05-18 08:00:00.000
926,"hygiene, sanitation, cleaning, disease control, wash",2,2020-05-18 08:00:00.000
927,"died complications, dies complications, coronavirusupdates, died, precautions",1,2020-05-18 08:00:00.000
928,"reports, just published, report, situation report, published",2,2020-05-18 08:00:00.000
929,"latest updates, updates, previously, instagram, social media",2,2020-05-18 08:00:00.000
930,"pool, swimming, cdc says, summer, precautions",4,2020-05-18 08:00:00.000
931,"symptoms tested, getting tested, tested today, positive test, testing today",3,2020-05-18 08:00:00.000
932,"home deaths, related deaths, reported deaths, care home, care homes",3,2020-05-18 08:00:00.000
934,"government failed, government, kenya, kenyan, president uhuru",5,2020-05-18 08:00:00.000
935,"day giving, celebrating, givingtuesdaynow, kindness, generosity",1,2020-05-18 08:00:00.000
940,"free vaccines, vaccine free, free vaccine, receive vaccine, pfizer vaccine",2,2020-05-18 08:00:00.000
945,"thread, threatening, life threatening, deeper, look",1,2020-05-18 08:00:00.000
948,"cases reported, 000 cases, new cases, cases state, cases saturday",2,2020-05-18 08:00:00.000
949,"immune response, immune, inflammation, disease 2019, immunology",1,2020-05-18 08:00:00.000
950,"yoga, community health, healthy, healing, guru",5,2020-05-18 08:00:00.000
951,"agriculture, plague, floods, rice, farmers",2,2020-05-18 08:00:00.000
952,"chandigarh, chhattisgarh, cases reported, jharkhand, uttar pradesh",2,2020-05-18 08:00:00.000
955,"40 days, exam, days, government, govt",43,2020-05-18 08:00:00.000
956,"ill patients, patients hospitalized, injection, hospitalized patients, hospitalized",3,2020-05-18 08:00:00.000
958,"protocol, protocols, march 2020, just announced, new related",1,2020-05-18 08:00:00.000
959,"tested positive, test positive, confirmed positive, people test, scotland",1,2020-05-18 08:00:00.000
960,"minister health, public health, scottish, edinburgh, narendramodi pmoindia",1,2020-05-18 08:00:00.000
963,"symptoms, symptoms tested, showing symptoms, symptom, diagnosed",3,2020-05-18 08:00:00.000
965,"ceo, james, companies, donated, donating",1,2020-05-18 08:00:00.000
968,"public transport, transit, buses, transportation, mobility",4,2020-05-18 08:00:00.000
969,"oyo state, oyo, updates, update june, 25 2020",7,2020-05-18 08:00:00.000
971,"tested positive, arrested, arrest, ogun, detention",2,2020-05-18 08:00:00.000
973,"county health, state health, local health, current stats, county",2,2020-05-18 08:00:00.000
976,"covidvaccination, nagaland, tested positive, cases reported, health minister",2,2020-05-18 08:00:00.000
977,"breast, mentalhealth, cancer, md, inviting",1,2020-05-18 08:00:00.000
979,"tested positive, tests positive, test positive, symptoms tested, hospitalised",1,2020-05-18 08:00:00.000
981,"hotel quarantine, quarantine, tourist, hotels, resort",1,2020-05-18 08:00:00.000
984,"symptoms tested, mild symptoms, showing symptoms, symptom, symptoms",2,2020-05-18 08:00:00.000
987,"vaccine available, vaccine developed, vaccines world, access vaccines, vaccines",2,2020-05-18 08:00:00.000
988,"medications, cardiovascular, heart disease, med, heart problems",3,2020-05-18 08:00:00.000
989,"deaths reported, deaths total, number deaths, new deaths, deaths 24",1,2020-05-18 08:00:00.000
990,"nhl, hockey, provinces, new cdc, vaccinated",1,2020-05-18 08:00:00.000
992,"swabs, swab, tests, screening, test kits",3,2020-05-18 08:00:00.000
994,"travel restrictions, abroad, borders, travellers, border",1,2020-05-18 08:00:00.000
997,"party popper, winners, contest, prize, celebration",2,2020-05-18 08:00:00.000
1000,"sneezing, coughing, flu shot, cold flu, flu",4,2020-05-18 08:00:00.000
1001,"liberals, conservatives, liberal, like trump, dems",1,2020-05-18 08:00:00.000
1003,"new cases, cases deaths, saskatchewan, cases 13, new case",3,2020-05-18 08:00:00.000
1005,"people vaccine, vaccine, vaccines, vaccine rollout, vaccinate",2,2020-05-18 08:00:00.000
1006,"economic recovery, climate crisis, recovery, green, climate change",4,2020-05-18 08:00:00.000
1007,"survival rate, survival rates, survival, according cdc, comorbidities",1,2020-05-18 08:00:00.000
1008,"afghanistan, iraq, relief funds, spending, funding",1,2020-05-18 08:00:00.000
1014,"infection rates, people infected, risk infection, infections, infection",4,2020-05-18 08:00:00.000
1015,"municipalities, city council, funding, taxpayer, legislation",3,2020-05-18 08:00:00.000
1016,"nycmayor, covidvaccine, nygovcuomo, face medical, nyc",2,2020-05-18 08:00:00.000
1017,"hogan, maryland, politicians, md, business leaders",1,2020-05-18 08:00:00.000
1018,"coronavir, infecting, covidー19, infected, jailed",4,2020-05-18 08:00:00.000
1019,"convention, new guidelines, guidelines, enforced, follow guidelines",1,2020-05-18 08:00:00.000
1020,"fatality rate, death rate, mortality rate, fatalities, deaths",3,2020-05-18 08:00:00.000
1023,"blood type, risk infection, blood group, blood, coronavirusupdates",9,2020-05-18 08:00:00.000
1026,"pharmaceutical, pharma, pharmacies, medicines, big pharma",2,2020-05-18 08:00:00.000
1027,"barr, civil rights, protesting, law enforcement, enforcement",1,2020-05-18 08:00:00.000
1029,"cybersecurity, security, scam, fraud, cyber",4,2020-05-18 08:00:00.000
1031,"infection rates, infection rate, infections deaths, number infections, new infections",5,2020-05-18 08:00:00.000
1032,"orange county, new deaths, case counts, county reports, additional deaths",3,2020-05-18 08:00:00.000
1033,"cases infection, maldives, spoked_asterisk, infection, infections",3,2020-05-18 08:00:00.000
1045,"blue states, states, state, red, karma",1,2020-05-18 08:00:00.000
1048,"dating, covid19india, date, dates, getting vaccine",1,2020-05-18 08:00:00.000
1049,"old woman, woman, flu, grandmother, recover",3,2020-05-18 08:00:00.000
1052,"statistics, lost jobs, employed, workers, employ",1,2020-05-18 08:00:00.000
1053,"print, manufacturing, corona virus, crisis, industry",2,2020-05-18 08:00:00.000
1057,"genome, sequencing, pathogen, dna, gene",2,2020-05-18 08:00:00.000
1059,"updates, nhscovid19app, app, updated, tracing",1,2020-05-18 08:00:00.000
1062,"reform, guns, episode, gun, shooting",1,2020-05-18 08:00:00.000
1063,"indigenous, brazilian, amazon, tribes, campaign",3,2020-05-18 08:00:00.000
1064,"cdc says, new cdc, age groups, age group, people age",2,2020-05-18 08:00:00.000
1065,"feared, status, latest news, earlier, headlines",1,2020-05-18 08:00:00.000
1067,"covidiots, scientists, scientific, studies, science",3,2020-05-18 08:00:00.000
1068,"yankees, staff members, members tested, staff test, players test",1,2020-05-18 08:00:00.000
1071,"brands, brand, marketing, company, business owners",1,2020-05-18 08:00:00.000
1072,"quarantined, quarantine, people hospitalized, hospitalized, cases today",6,2020-05-18 08:00:00.000
1073,"jack, provide support, support, generous, provide",1,2020-05-18 08:00:00.000
1074,"article, read article, articles, headlines, headline",1,2020-05-18 08:00:00.000
1076,"executive order, lying, lies, lie, lied",2,2020-05-18 08:00:00.000
1078,"coronaviruses, coronavir, genome, pathogen, corona",1,2020-05-18 08:00:00.000
1079,"vaccine available, getting vaccine, vaccine shot, free vaccine, people vaccine",2,2020-05-18 08:00:00.000
1081,"market 2020, outbreak, market, trading, trends",2,2020-05-18 08:00:00.000
1083,"michael, recovery, worried, recovers, surviving",2,2020-05-18 08:00:00.000
1084,"000 tests, lagos, nigeria, nigerians, rapid test",2,2020-05-18 08:00:00.000
1085,"lawyers, lawyer, attorney, law, documents",3,2020-05-18 08:00:00.000
1086,"deaths reported, reports deaths, fatalities, related deaths, deaths",1,2020-05-18 08:00:00.000
1087,"bankruptcy, car, filed, cars, ford",1,2020-05-18 08:00:00.000
1088,"vote mail, ballots, ballot, texans, tx",1,2020-05-18 08:00:00.000
1089,"coronavirusoutbreak, saudi, saudiarabia, saudi arabia, arabia",2,2020-05-18 08:00:00.000
1092,"data, new data, amazon, exchange, 24",1,2020-05-18 08:00:00.000
1093,"riots, wildfires, 2020, world war, year 2020",3,2020-05-18 08:00:00.000
1095,"nasa, mission, cou, observing, summit",2,2020-05-18 08:00:00.000
1096,"government response, citizens, suppress, government officials, silence",1,2020-05-18 08:00:00.000
1098,"trump rally, rally, tulsa, trump campaign, oklahoma",30,2020-05-18 08:00:00.000
1101,"plasma donor, need plasma, blood plasma, recovered plasma, plasma therapy",3,2020-05-18 08:00:00.000
1102,"breaking ontario, ontario government, emergency, ontario, orders",1,2020-05-18 08:00:00.000
1103,"hurricane, storm, disasters, forecasts, coast",3,2020-05-18 08:00:00.000
1104,"drug, medications, treatments, smoking, jkenney",2,2020-05-18 08:00:00.000
1109,"disappear, flu, trump told, cure, trump said",1,2020-05-18 08:00:00.000
1113,"buses, bus, public transport, passengers, transportation",4,2020-05-18 08:00:00.000
1116,"provincial, canadians, travel restrictions, canadian, canada",5,2020-05-18 08:00:00.000
1117,"pride, proud, lgbtq, parade, celebrated",4,2020-05-18 08:00:00.000
1118,"excess deaths, mortality, risk dying, risk death, death rates",1,2020-05-18 08:00:00.000
1123,"egypt, spread virus, virus, africa, million vaccines",1,2020-05-18 08:00:00.000
1124,"edo, governor, state govt, election, elections",3,2020-05-18 08:00:00.000
1125,"panic, fear, anxiety, afraid, uncertainty",2,2020-05-18 08:00:00.000
1126,"covid19india, outbreak, latest article, new article, interesting article",2,2020-05-18 08:00:00.000
1127,"covid_19_za, relax, concern, suffering, stayathome",1,2020-05-18 08:00:00.000
1128,"spanish flu, flu, influenza, swine flu, pandemics",5,2020-05-18 08:00:00.000
1129,"bollywood, rahulgandhi, crying face, anger, act",1,2020-05-18 08:00:00.000
1130,"americans dying, dead americans, trump campaign, trump, rudy",1,2020-05-18 08:00:00.000
1132,"sign petition, petition, petitions, just signed, signing",2,2020-05-18 08:00:00.000
1134,"vaccines, vaccination, develop vaccine, taking vaccine, vaccin",1,2020-05-18 08:00:00.000
1136,"coronavirusuk, biohazard, hospital, funeral, deaths",2,2020-05-18 08:00:00.000
1139,"coronavirusupdate, coronaviruspandemic, coronavirusupdate coronaviruspandemic, gmt coronavirusupdate, outbreak",4,2020-05-18 08:00:00.000
1140,"covid19uk, number infections, north, rate, north west",5,2020-05-18 08:00:00.000
1143,"million cases, 000 cases, reported cases, cases days, cases confirmed",2,2020-05-18 08:00:00.000
1144,"burial, bury, buried, grave, cremation",2,2020-05-18 08:00:00.000
1150,"health officials, health department, counties, county, county public",1,2020-05-18 08:00:00.000
1152,"fitness, exercise, good health, yoga, routine",1,2020-05-18 08:00:00.000
1153,"canceled, july, celebration, event, celebrates",1,2020-05-18 08:00:00.000
1154,"apple, stores, store, cases spike, shops",9,2020-05-18 08:00:00.000
1157,"refugees, refugee, rohingya, migrant, covid1",1,2020-05-18 08:00:00.000
1160,"lockdown, lockdowns, economic recovery, crisis, lock",1,2020-05-18 08:00:00.000
1161,"venezuela, coronaviruspandemic, medi, global health, epidemic",1,2020-05-18 08:00:00.000
1162,"albertans, alberta, provincial, province, ontario",1,2020-05-18 08:00:00.000
1168,"taxi, passenger, driver, hamilton, driving",3,2020-05-18 08:00:00.000
1169,"cases reported, newfoundland, positive test, case reported, report today",1,2020-05-18 08:00:00.000
1172,"coronavirusindia, covidsecondwave, cases reported, pradesh, cases detected",2,2020-05-18 08:00:00.000
1175,"hospital, viruses, maharashtra, patient, mumbai",1,2020-05-18 08:00:00.000
1179,"entrepreneurs, entrepreneur, teaching, innovation, lessons",1,2020-05-18 08:00:00.000
1181,"puerto, scientists, hurricane, data, unvaccinated people",1,2020-05-18 08:00:00.000
1184,"covid19uk, covid19india, war, country, fighting",1,2020-05-18 08:00:00.000
1187,"mortality, oxygen, ventilation, breathe, patients",1,2020-05-18 08:00:00.000
1188,"isolation, railways, delhi, railway, trains",2,2020-05-18 08:00:00.000
1189,"broke, crisis, blasio, handling crisis, nyc",1,2020-05-18 08:00:00.000
1194,"free vaccine, global vaccine, vaccine vaccine, develop vaccine, vaccines",1,2020-05-18 08:00:00.000
1195,"globe meridians, meridians, globe, covidー19, visit",3,2020-05-18 08:00:00.000
1196,"effective vaccine, vaccine, develop vaccine, vaccine development, mrna vaccine",1,2020-05-18 08:00:00.000
1197,"ohio, statewide, dewine, state emergency, gov mike",5,2020-05-18 08:00:00.000
1200,"ambassador, leaders, delegation, leadership, urged",2,2020-05-18 08:00:00.000
1201,"prayers, singh ji, patna, singh, union minister",1,2020-05-18 08:00:00.000
1203,"inflation, economic crisis, markets, trending, economy",3,2020-05-18 08:00:00.000
1204,"infected, 14 days, infection, weeks, 11 days",4,2020-05-18 08:00:00.000
1205,"chinese virus, support india, situation india, china, help india",3,2020-05-18 08:00:00.000
1207,"hospital bed, ventilator, hospital, ventilated, covid19india",1,2020-05-18 08:00:00.000
1209,"coronaviruspandemic, coronaviru, data, sarscov2, worldwide",2,2020-05-18 08:00:00.000
1212,"procurement, relief funds, corruption, auditor, audit",2,2020-05-18 08:00:00.000
1213,"sign petition, petition, nhs, passed, reform",2,2020-05-18 08:00:00.000
1215,"west bengal, bengal, deaths india, bjp, banerjee",2,2020-05-18 08:00:00.000
1216,"protest, rally, protestors, blm, tested positive",1,2020-05-18 08:00:00.000
1218,"covidindia, cases identified, infection rate, cases 24, people infected",1,2020-05-18 08:00:00.000
1219,"getting tested, tests positive, doug ford, tested today, people tested",8,2020-05-18 08:00:00.000
1220,"cooper, legislation, nc, roy, north carolina",1,2020-05-18 08:00:00.000
1221,"tested positive, test positive, secret service, infection, infected",1,2020-05-18 08:00:00.000
1222,"debt, financing, fiscal, spending, deficit",1,2020-05-18 08:00:00.000
1223,"deaths reported, cases deaths, virginia, related deaths, deaths related",3,2020-05-18 08:00:00.000
1226,"kogi, ncdcgov, illness, disease, disease control",3,2020-05-18 08:00:00.000
1227,"diseases, patients, disease, infection, physicians",1,2020-05-18 08:00:00.000
1228,"digital, forecast, digital transformation, trends, oct 2020",1,2020-05-18 08:00:00.000
1231,"closing, closed, reopen, test positive, tests positive",3,2020-05-18 08:00:00.000
1233,"viral, superspreader, infections deaths, causing, events",1,2020-05-18 08:00:00.000
1234,"training, new guidance, new guidelines, train, courses",2,2020-05-18 08:00:00.000
1239,"infect, 14 days, 10 days, infectious, fever",3,2020-05-18 08:00:00.000
1240,"celliottability, rapid testing, infection, hiv, doctors",2,2020-05-18 08:00:00.000
1242,"labour, childcare, labor, unicef, children",10,2020-05-18 08:00:00.000
1246,"doh reports, new deaths, reported cases, new cases, deaths",4,2020-05-18 08:00:00.000
1247,"parade, york, nyc, cancelled, york city",1,2020-05-18 08:00:00.000
1249,"relief funds, relief fund, aid, funding, tribes",5,2020-05-18 08:00:00.000
1250,"zoom, ride, considerations, health professionals, meeting",1,2020-05-18 08:00:00.000
1252,"ships, ship, sailors, sea, crew",4,2020-05-18 08:00:00.000
1254,"new cases, cases wednesday, cases reported, montana, state health",1,2020-05-18 08:00:00.000
1256,"privacy, concerns, new data, security, data",2,2020-05-18 08:00:00.000
1257,"tested positive, testing positive, positive test, positive, positive today",2,2020-05-18 08:00:00.000
1258,"world bank, banks, bank, financial, bankers",1,2020-05-18 08:00:00.000
1261,"workers, outdoor, employees, worker, precautions",1,2020-05-18 08:00:00.000
1267,"cases ontario, cases deaths, ontario reports, ontario reporting, ottawa",3,2020-05-18 08:00:00.000
1269,"volunteering, volunteer, volunteers, ngos, recruiting",2,2020-05-18 08:00:00.000
1270,"deaths reported, number deaths, deaths recorded, deaths, related deaths",2,2020-05-18 08:00:00.000
1272,"wellbeing, healthcare workers, health workers, staff, care workers",1,2020-05-18 08:00:00.000
1273,"corona virus, covidー19, disease 2019, corona, infectious disease",2,2020-05-18 08:00:00.000
1283,"nebraska, infection rates, vaccination rates, hospitalizations, cdc says",1,2020-05-18 08:00:00.000
1284,"flights, passengers, flight, carriers, airports",1,2020-05-18 08:00:00.000
1285,"cardiac, cardiovascular, heart disease, hearts, heart",2,2020-05-18 08:00:00.000
1287,"buhari, nigerian, nigerians, nigeria, kaduna",2,2020-05-18 08:00:00.000
1290,"frontliners, designed, chairman, 100, nomination",1,2020-05-18 08:00:00.000
1296,"pandemics, crises, globe_showing_europe africa, world health, global response",2,2020-05-18 08:00:00.000
1298,"debt, loans, owe, financing, treasury",1,2020-05-18 08:00:00.000
1300,"new cases, nj, cases new, cases deaths, additional cases",1,2020-05-18 08:00:00.000
1301,"people infected, million americans, spread virus, infected, 000 americans",1,2020-05-18 08:00:00.000
1305,"income, economic, economics, economies, households",5,2020-05-18 08:00:00.000
1311,"fir, singh, uttar pradesh, detained, pradesh",4,2020-05-18 08:00:00.000
1315,"ugandans, tanzania, uganda, rwanda, malawi",2,2020-05-18 08:00:00.000
1316,"serco, contract, profits, profit, test trace",16,2020-05-18 08:00:00.000
1317,"speedy recovery, recovery, recovering, fasting, recoveries",1,2020-05-18 08:00:00.000
1320,"death reported, demise, treat patients, dies, died",3,2020-05-18 08:00:00.000
1321,"cases reported, cases rising, new cases, cases increasing, daily cases",6,2020-05-18 08:00:00.000
1322,"books, reading, readers, new book, book",1,2020-05-18 08:00:00.000
1326,"alabama, positive tests, health reports, cases wednesday, cases increased",3,2020-05-18 08:00:00.000
1328,"climate change, carbon, climatechange, emissions, climate",3,2020-05-18 08:00:00.000
1331,"toilet, paper, panic, shit, tedcruz",3,2020-05-18 08:00:00.000
1332,"switzerland, migrants, world bank, worldbank, overseas",1,2020-05-18 08:00:00.000
1333,"drtedros, hospitals, remarks, trump told, investigative",3,2020-05-18 08:00:00.000
1335,"reckless, responsibility, irresponsible, save lives, humanity",4,2020-05-18 08:00:00.000
1336,"nhs, nhs england, antibodies, nhs staff, patients",1,2020-05-18 08:00:00.000
1338,"tested positive, test positive, tests conducted, false positive, police",3,2020-05-18 08:00:00.000
1339,"reopening plan, reopening, reopens, reopen, return work",2,2020-05-18 08:00:00.000
1341,"cure, hearts, red heart, heartred heart, vaccine",1,2020-05-18 08:00:00.000
1343,"murder, whistleblower, murdered, patients, nurse",3,2020-05-18 08:00:00.000
1349,"cambodia, vietnam, thailand, quarantined, outbreak",2,2020-05-18 08:00:00.000
1350,"periods, women, period, women girls, hygiene",2,2020-05-18 08:00:00.000
1352,"situation india, students, andhra pradesh, covidー19, andhra",5,2020-05-18 08:00:00.000
1357,"rtenews, uk government, article, criticised, journalists",2,2020-05-18 08:00:00.000
1359,"tested positive, testing positive, tests positive, test positive, coronavirusoutbreak",1,2020-05-18 08:00:00.000
1360,"wearing masks, wear masks, masks, face masks, graves",1,2020-05-18 08:00:00.000
1362,"stimulus package, heroes, cares act, legislation, congress",2,2020-05-18 08:00:00.000
1365,"hospital patients, blue circle, hospital, people hospital, patients hospital",1,2020-05-18 08:00:00.000
1366,"argentina, colombia, venezuela, mexico, america",1,2020-05-18 08:00:00.000
1372,"harry, excited announce, waiting, announce, seeing",1,2020-05-18 08:00:00.000
1375,"graphs, graph, chart, charts, scientific",4,2020-05-18 08:00:00.000
1376,"risk severe, male, sex, high risk, higher risk",2,2020-05-18 08:00:00.000
1379,"covidiots, health care, carers, term care, caring",3,2020-05-18 08:00:00.000
1382,"kerala, india, india response, karnataka, indian",1,2020-05-18 08:00:00.000
1383,"save lives, aid, ministry health, respo, health",1,2020-05-18 08:00:00.000
1384,"spanish, language, languages, translation, english",3,2020-05-18 08:00:00.000
1389,"covid19sa, district, breakdown, residents, 2021",1,2020-05-18 08:00:00.000
1390,"reading, reads, wrote, written, new book",2,2020-05-18 08:00:00.000
1392,"carers, caring, care, critical care, health care",2,2020-05-18 08:00:00.000
1393,"legal, thousands legal, product, constitutional, bring fairness",1,2020-05-18 08:00:00.000
1395,"care homes, care facilities, care home, home residents, homes",2,2020-05-18 08:00:00.000
1396,"right arrow, ohio, arrow, data, update",1,2020-05-18 08:00:00.000
1397,"outbreak, new cases, missouri, cases hospitalizations, cases people",7,2020-05-18 08:00:00.000
1399,"oregon, counties, county, portland, statewide",2,2020-05-18 08:00:00.000
1404,"organisations, agreement, principles, signed, standards",1,2020-05-18 08:00:00.000
1405,"minnesota, mn, lake, wa, county",1,2020-05-18 08:00:00.000
1406,"climate, weather, epidemic, cold, temperature",4,2020-05-18 08:00:00.000
1416,"covidー19, virus, today, tomorrow, tonight",4,2020-05-18 08:00:00.000
1419,"people infected, world population, population, million people, estimates",3,2020-05-18 08:00:00.000
1420,"shoes, donates, volunteers, aga, donate",3,2020-05-18 08:00:00.000
1423,"mental health, distress, facebook, student, adolescents",1,2020-05-18 08:00:00.000
1428,"tested positive, testing positive, tests positive, test positive, cov",15,2020-05-18 08:00:00.000
1429,"mental health, depression, hospitalized, hospitalized patients, mental",1,2020-05-18 08:00:00.000
1430,"publichealth, warnings, hospitalized, hospitalised, florida",1,2020-05-18 08:00:00.000
1432,"flights, airline, flight, airlines, travel",1,2020-05-18 08:00:00.000
1433,"icmr, covidvaccine, india news, icmrdelhi, findings",4,2020-05-18 08:00:00.000
1434,"vaccine, vaccinations, risk, worried, lag",1,2020-05-18 08:00:00.000
1437,"stimulus package, mitch mcconnell, stimulus, mcconnell, senator",2,2020-05-18 08:00:00.000
1441,"finland, european union, covi, european, eu",1,2020-05-18 08:00:00.000
1442,"rugby, roadmap, sport, players, tackle",1,2020-05-18 08:00:00.000
1444,"stadium, sporting, sports, football, athletes",2,2020-05-18 08:00:00.000
1445,"coronavirusupdates, cases india, play button, indiafightscorona round, 2021",1,2020-05-18 08:00:00.000
1446,"sars, black lives, sars cov, risk contracting, risk",1,2020-05-18 08:00:00.000
1447,"cancel, cmomaharashtra, mamataofficial, pmoindia narendramodi, control",2,2020-05-18 08:00:00.000
1450,"year 2020, 2020, 2023, june 2020, august 2020",3,2020-05-18 08:00:00.000
1451,"booking, hotel, hotels, booked, guests",1,2020-05-18 08:00:00.000
1452,"physician, physicians, dr, specialist, medical journal",1,2020-05-18 08:00:00.000
1453,"check mark, jared, middle east, police brutality, mark",1,2020-05-18 08:00:00.000
1456,"elections, election, voting, campaign, politicians",1,2020-05-18 08:00:00.000
1461,"deaths reported, death toll, deaths recorded, 000 deaths, related deaths",1,2020-05-18 08:00:00.000
1465,"holocaust, genocide, corona, wars, governments",4,2020-05-18 08:00:00.000
1467,"epidemiology, epidemiologists, infectious, diseases, infection",1,2020-05-18 08:00:00.000
1471,"computer, intel, scientists, researcher, machinelearning",3,2020-05-18 08:00:00.000
1473,"unions, union, workers need, employer, employee",2,2020-05-18 08:00:00.000
1474,"vaccine trial, vaccine trials, volunteers, vaccination, new vaccine",1,2020-05-18 08:00:00.000
1475,"mortality rate, death rates, cdc, mortality, flu",1,2020-05-18 08:00:00.000
1484,"covid19india, government india, indian government, wave india, kolkata",2,2020-05-18 08:00:00.000
1488,"mohfw_india, pib_india, narendramodi pmoindia, arvindkejriwal, cmomaharashtra",2,2020-05-18 08:00:00.000
1489,"relationships, relationship, covidiots, dating, face",1,2020-05-18 08:00:00.000
1492,"census, october, form, register, bureau",1,2020-05-18 08:00:00.000
1493,"medical experts, chinese government, chinese, president xi, xi jinping",1,2020-05-18 08:00:00.000
1494,"global vaccine, vaccine available, vaccine, potential vaccine, vaccines",1,2020-05-18 08:00:00.000
1499,"deadly, disease, plague, viral, kills",1,2020-05-18 08:00:00.000
1500,"briefing, arkansas, covi, live updates, outbreak",3,2020-05-18 08:00:00.000
1501,"analytics, testing site, data, apps, virtual event",2,2020-05-18 08:00:00.000
1505,"million vaccines, vaccines world, vaccines, vaccination campaign, vaccine people",1,2020-05-18 08:00:00.000
1508,"vaccinations, vaccination, vaccine, conspiracy theorists, conspiracies",2,2020-05-18 08:00:00.000
1509,"states, outbreaks, nevada, virginia, north carolina",4,2020-05-18 08:00:00.000
1515,"fda, pharmaceutical, fda approved, drug, medicines",1,2020-05-18 08:00:00.000
1516,"health, life, living, lives, survive",3,2020-05-18 08:00:00.000
1517,"death toll, toll rises, toll, deaths, infection",2,2020-05-18 08:00:00.000
1519,"hospitalized, icu, icus, infection, patients died",1,2020-05-18 08:00:00.000
1523,"budget, funding, proposals, spending, fiscal",1,2020-05-18 08:00:00.000
1524,"corona spread, india reports, spread india, cases india, corona",2,2020-05-18 08:00:00.000
1526,"police officers, officers, police, deaths, police officer",2,2020-05-18 08:00:00.000
1527,"critically ill, critical care, hospitalised, patients hospitalized, patients",1,2020-05-18 08:00:00.000
1528,"movies, movie, netflix, film, comedy",2,2020-05-18 08:00:00.000
1530,"retail, retailers, marketing, commerce, consumers",2,2020-05-18 08:00:00.000
1533,"pandemics, destruction, species, outbreaks, climate change",2,2020-05-18 08:00:00.000
1540,"hospitalized, soldiers, armed forces, recruitment, waivers",2,2020-05-18 08:00:00.000
1541,"infectious disease, illnesses, infectious, diseases, illness",2,2020-05-18 08:00:00.000
1550,"gombe, covidー19, nigeria, niger, corona virus",2,2020-05-18 08:00:00.000
1551,"beijing, china, outbreak, epidemic, outbreaks",11,2020-05-18 08:00:00.000
1555,"sustainable, sustainability, environment, environmental, economic",3,2020-05-18 08:00:00.000
1557,"oyo, deaths, government announced, govt, oyo state",1,2020-05-18 08:00:00.000
1558,"als, diagnosed, cancer, disease, treatments",1,2020-05-18 08:00:00.000
1559,"symbols mouthface, mouthface symbols, symbols mouth, mouthface, face symbols",2,2020-05-18 08:00:00.000
1561,"use, safe, drivers, pay, save life",1,2020-05-18 08:00:00.000
1563,"000 deaths, million deaths, 000 people, million people, people die",1,2020-05-18 08:00:00.000
1564,"gps, patients, concerns, referral, concern",1,2020-05-18 08:00:00.000
1565,"social security, senate, senator, iowa, republican",1,2020-05-18 08:00:00.000
1566,"chat, covidsecondwave, coronavirusindia, tool, robot",1,2020-05-18 08:00:00.000
1567,"government response, uk government, health england, public health, national health",1,2020-05-18 08:00:00.000
1568,"covid19ab, tested today, new testing, new infections, samples tested",2,2020-05-18 08:00:00.000
1569,"layoffs, job losses, labour, jobs, productivity",2,2020-05-18 08:00:00.000
1574,"travel, trips, rebound, fastest, trends",1,2020-05-18 08:00:00.000
1578,"beijing, china, chinese, outbreak, epidemic",1,2020-05-18 08:00:00.000
1579,"pulse, oxygen, levels, study, ventilators",1,2020-05-18 08:00:00.000
1585,"getting infected, clinical, diagnosed, health dr, medical",3,2020-05-18 08:00:00.000
1586,"health ministry, new cases, cases detected, workers, residents",1,2020-05-18 08:00:00.000
1588,"mobile, pay, network, income, internet",1,2020-05-18 08:00:00.000
1589,"disease 2019, infected, cdc says, disease, new cdc",1,2020-05-18 08:00:00.000
-1,"news, 2020, trump, deaths, tested positive",6519,2020-07-04 16:00:00.000
0,"students, university students, campus, campuses, school students",510,2020-07-04 16:00:00.000
1,"wear masks, wear mask, wearing masks, wearing mask, face masks",245,2020-07-04 16:00:00.000
2,"communist china, china virus, chinese communist, china china, china",52,2020-07-04 16:00:00.000
3,"india crisis, indians, indian, india cases, cases india",52,2020-07-04 16:00:00.000
4,"president realdonaldtrump, realdonaldtrump trump, realdonaldtrump, trump, mr president",95,2020-07-04 16:00:00.000
5,"food security, food supply, food insecurity, foods, food",81,2020-07-04 16:00:00.000
6,"prayers, prayer, worship, praying, pray",77,2020-07-04 16:00:00.000
7,"boris johnson, minister boris, boris, pm boris, borisjohnson",25,2020-07-04 16:00:00.000
8,"black lives, black americans, african americans, blacks, americans dying",32,2020-07-04 16:00:00.000
9,"vaccine available, vaccine safe, getting vaccine, vaccine, vaccines safe",16,2020-07-04 16:00:00.000
10,"domestic violence, violence, women, woman, women girls",51,2020-07-04 16:00:00.000
11,"south_africa, south africa, african countries, africa, south africans",35,2020-07-04 16:00:00.000
12,"vaccine india, oxford vaccine, vaccine trial, astrazeneca vaccine, new vaccine",8,2020-07-04 16:00:00.000
13,"pak, pakistani, pakistan, imran khan, punjab",30,2020-07-04 16:00:00.000
14,"lockdown lockdown, lockdown, lockdowns, lockdown measures, end lockdown",49,2020-07-04 16:00:00.000
15,"dr fauci, anthony fauci, fauci said, fauci says, fauci",18,2020-07-04 16:00:00.000
16,"nigeria, nigerian, lagos, new infections, niger",32,2020-07-04 16:00:00.000
17,"clapping hands, clapping_hands_medium, clapping handsclapping, hands light, folded_hands_medium light_skin_tone",36,2020-07-04 16:00:00.000
18,"mortgage, assistance program, tenants, landlords, landlord",33,2020-07-04 16:00:00.000
19,"spread virus, infected, virus causes, cdc says, common cold",65,2020-07-04 16:00:00.000
20,"andrews, australians, auspol, victoria, australian",53,2020-07-04 16:00:00.000
21,"lockdown, anti lockdown, lockdowns, lockdown lockdown, lockdown measures",26,2020-07-04 16:00:00.000
22,"florida governor, ron desantis, florida, florida department, desantis",18,2020-07-04 16:00:00.000
23,"northern ireland, ireland, dublin, irish, irishtimes",26,2020-07-04 16:00:00.000
24,"trump diagnosis, trump response, trump said, trump says, president trump",20,2020-07-04 16:00:00.000
25,"corona virus, coronaviruses, coronavir, coronaviru, reinfection",53,2020-07-04 16:00:00.000
26,"testing available, mobile testing, testing centre, free testing, free tests",33,2020-07-04 16:00:00.000
27,"protests, protesting, protest, protesters, protestors",42,2020-07-04 16:00:00.000
28,"hydroxychloroquine, chloroquine, malaria drug, patients treated, treatment",29,2020-07-04 16:00:00.000
29,"exams, examinations, exam, examination, quarantined",100,2020-07-04 16:00:00.000
30,"japan, japanese, tokyo, health care, mortality",17,2020-07-04 16:00:00.000
31,"nygovcuomo, adding, ll, code, juliahb1",25,2020-07-04 16:00:00.000
32,"delta, delta variant, airlines, deltavariant, travel",1,2020-07-04 16:00:00.000
33,"charity, charities, fundraising, donations, donation",16,2020-07-04 16:00:00.000
34,"inmates, inmate, prisons, incarcerated, prisoners",25,2020-07-04 16:00:00.000
35,"sars cov, cov virus, sarscov2, coronaviruses, sars",25,2020-07-04 16:00:00.000
36,"covidiots, 2019, 2020, 21, day",18,2020-07-04 16:00:00.000
38,"2nd wave, second wave, wave infections, 3rd wave, wave",11,2020-07-04 16:00:00.000
39,"coronavirusupdates, september 2020, 2021, 30 2020, latest updates",20,2020-07-04 16:00:00.000
40,"remdesivir, antiviral drug, antiviral, medication, treatment",9,2020-07-04 16:00:00.000
42,"iranian, iran, victims, political prisoners, number deaths",24,2020-07-04 16:00:00.000
43,"texans, paso, tx, el paso, texas",15,2020-07-04 16:00:00.000
44,"uae, dubai, coronavirusupdate, gmt coronavirusupdate, qatar",15,2020-07-04 16:00:00.000
45,"cases reported, cases today, cases 24, cases confirmed, cases total",21,2020-07-04 16:00:00.000
46,"restaurant, restaurants, bars restaurants, restaurants bars, cafe",26,2020-07-04 16:00:00.000
47,"sinovac vaccine, sinopharm vaccine, vaccine developed, use vaccine, vaccine trial",13,2020-07-04 16:00:00.000
48,"death toll, million deaths, 000 deaths, deaths reported, deaths",25,2020-07-04 16:00:00.000
49,"gov cuomo, cuomo, governor cuomo, cuomo says, andrew cuomo",17,2020-07-04 16:00:00.000
50,"reopening plan, reopens, reopening, reopen, reopened",7,2020-07-04 16:00:00.000
51,"malaysia, malaysian, sabah, selangor, death toll",18,2020-07-04 16:00:00.000
52,"astrazeneca vaccine, astrazeneca vaccines, approval vaccine, astrazeneca, dose astrazeneca",7,2020-07-04 16:00:00.000
53,"sweden, swedish, norway, herd immunity, finland",23,2020-07-04 16:00:00.000
54,"nursing home, nursing homes, home deaths, patients died, patients nursing",9,2020-07-04 16:00:00.000
55,"car lightpolice, car light, lightpolice car, police car, lightpolice",15,2020-07-04 16:00:00.000
56,"gaza, palestinian, palestine, israeli, israel",33,2020-07-04 16:00:00.000
57,"herd immunity, immunity, immune, infection rates, herd",33,2020-07-04 16:00:00.000
58,"pandemics, epidemic, researchers, disaster, saving lives",19,2020-07-04 16:00:00.000
59,"air travel, aviation, airline, airlines, flights",8,2020-07-04 16:00:00.000
60,"patents, patent, intellectual property, viruses, technology",3,2020-07-04 16:00:00.000
61,"new podcast, podcast, new episode, audio, episode",18,2020-07-04 16:00:00.000
62,"clinical trials, clinical trial, treatments, trials, antiviral drug",7,2020-07-04 16:00:00.000
63,"covi, cr, support india, help india, crore",15,2020-07-04 16:00:00.000
64,"crises, response crisis, crisis, humanity, threats",6,2020-07-04 16:00:00.000
65,"economic crisis, economy, global economy, recession, economists",10,2020-07-04 16:00:00.000
66,"france, french, europe, spain, paris",17,2020-07-04 16:00:00.000
67,"trump tested, tested positive, testing positive, million tests, says tested",5,2020-07-04 16:00:00.000
68,"mental illness, mental health, mentalhealth, illness, health crisis",13,2020-07-04 16:00:00.000
69,"people hospitalized, hospitalizations, patients hospitalized, hospitalized patients, hospitalized",10,2020-07-04 16:00:00.000
70,"ivermectin, clinical trials, pharma, medication, big pharma",5,2020-07-04 16:00:00.000
71,"singapore, cases infection, new infections, infection, cases today",17,2020-07-04 16:00:00.000
72,"demise, passes away, dies complications, passed away, died",9,2020-07-04 16:00:00.000
73,"uganda, ugandans, tanzania, infection, ministry health",15,2020-07-04 16:00:00.000
74,"myocarditis, heart inflammation, heart disease, heart problems, cardiac",1,2020-07-04 16:00:00.000
75,"small businesses, businesses, impacts, recession, small business",9,2020-07-04 16:00:00.000
76,"viral, virus, viruses, created lab, laboratory",2,2020-07-04 16:00:00.000
77,"biden says, trump biden, joe biden, president biden, biden campaign",27,2020-07-04 16:00:00.000
78,"hand sanitizer, hand washing, washing hands, wash hands, handwashing",25,2020-07-04 16:00:00.000
79,"vitamin, immunity, immune, immune response, serum",2,2020-07-04 16:00:00.000
80,"new york, york, ny, nyc, new yorkers",10,2020-07-04 16:00:00.000
81,"pregnant women, maternity, maternal, pregnancy, pregnant",16,2020-07-04 16:00:00.000
82,"ai, artificialintelligence, artificial intelligence, pandemics, intelligence",10,2020-07-04 16:00:00.000
83,"smoking, tobacco, smokers, smoke, lungs",11,2020-07-04 16:00:00.000
84,"trudeau, justin trudeau, justintrudeau, ndp, canadians",12,2020-07-04 16:00:00.000
85,"webinar, webinars, join webinar, webinar series, free webinar",12,2020-07-04 16:00:00.000
86,"cases deaths, deaths reported, total deaths, new deaths, additional deaths",13,2020-07-04 16:00:00.000
87,"ventilator, ventilators, ventilated, ventilation, respiratory",9,2020-07-04 16:00:00.000
88,"billionaire, viruses, scandal, billgates, cure",10,2020-07-04 16:00:00.000
89,"italy, italian, europe, european countries, milan",8,2020-07-04 16:00:00.000
90,"music, songs, tune, musical, musicians",10,2020-07-04 16:00:00.000
91,"grants, grant, response fund, funding, fund",9,2020-07-04 16:00:00.000
92,"south korea, north korea, korea, outbreak, korean",20,2020-07-04 16:00:00.000
93,"000 cases, cases reported, cases today, million cases, case count",9,2020-07-04 16:00:00.000
94,"ballot, ballots, vote mail, voter, vote",25,2020-07-04 16:00:00.000
95,"nhs staff, nhs, nhs england, health england, care workers",12,2020-07-04 16:00:00.000
96,"backhand index, downbackhand index, index pointing, index, pointing downbackhand",16,2020-07-04 16:00:00.000
97,"senate, senator, mitch mcconnell, mcconnell, senators",5,2020-07-04 16:00:00.000
98,"european_union, european union, eu, eu_commission, europe",8,2020-07-04 16:00:00.000
99,"people age, age groups, people aged, older people, elderly",7,2020-07-04 16:00:00.000
100,"tested positive, tests negative, tested negative, testing positive, tests positive",16,2020-07-04 16:00:00.000
101,"india cases, deaths india, india reports, cases india, india records",33,2020-07-04 16:00:00.000
102,"self quarantine, quarantine, quarantined, quarantining, cdc",14,2020-07-04 16:00:00.000
103,"interesting, wow, read story, fascinating, know",12,2020-07-04 16:00:00.000
104,"antibody, antibodies, antibody cocktail, immune, treatments",6,2020-07-04 16:00:00.000
105,"coronavirusindia, corona virus, india reports, india cases, cases india",42,2020-07-04 16:00:00.000
106,"alcohol, drinking, beverage, liquor, drink",8,2020-07-04 16:00:00.000
107,"new zealand, zealand, nz, migrants, migrant",22,2020-07-04 16:00:00.000
108,"az, arizona, cases deaths, state health, reported cases",7,2020-07-04 16:00:00.000
109,"pcr tests, pcr test, pcr testing, pcr, rt pcr",7,2020-07-04 16:00:00.000
110,"million vaccines, vaccine new, vaccine trials, vaccination rate, potential vaccine",8,2020-07-04 16:00:00.000
111,"covidiots, social distancing, physical distancing, distancing, prevent spread",7,2020-07-04 16:00:00.000
112,"happy friday, hearts, smiling_face_with_heart, smiling_face_with_heart eyes, heartblue",16,2020-07-04 16:00:00.000
113,"poultry, chicken, meatpacking, outbreak, farms",8,2020-07-04 16:00:00.000
114,"nancy pelosi, pelosi, bipartisan, nancy, stimulus package",5,2020-07-04 16:00:00.000
115,"corona virus, number deaths, million deaths, 000 deaths, total deaths",26,2020-07-04 16:00:00.000
116,"precautions, stay safe, prevention, help prevent, protect",8,2020-07-04 16:00:00.000
117,"tested positive, testing positive, tests positive, test positive, positive test",28,2020-07-04 16:00:00.000
118,"antibody tests, antibody test, antibody testing, antibody, antibodies",9,2020-07-04 16:00:00.000
119,"spread virus, virus spread, fight virus, viruses, virus",9,2020-07-04 16:00:00.000
120,"wisconsin, wi, cases deaths, state reported, milwaukee",4,2020-07-04 16:00:00.000
121,"turkey, turkish, syria, medical supplies, aid",5,2020-07-04 16:00:00.000
122,"thailand, cambodia, thai, disease 2019, malaysian",7,2020-07-04 16:00:00.000
123,"art, arts, artists, painting, artist",10,2020-07-04 16:00:00.000
124,"cinema, theaters, theater, theatre, movies",20,2020-07-04 16:00:00.000
125,"cases reported, cases today, cases tuesday, county health, new cases",15,2020-07-04 16:00:00.000
126,"chinese virus, indian variant, cases indian, indian, india",2,2020-07-04 16:00:00.000
127,"salon, barber, hair, scared, shop",4,2020-07-04 16:00:00.000
128,"ontario reports, ontario reporting, cases ontario, ontario, breaking ontario",4,2020-07-04 16:00:00.000
129,"cuba, cuban, vaccine candidate, vaccine, venezuela",10,2020-07-04 16:00:00.000
130,"trump pence, pence, mike pence, mike_pence, vice president",3,2020-07-04 16:00:00.000
131,"press briefing, briefings, briefing, moratorium, outbreak",4,2020-07-04 16:00:00.000
132,"scottish government, scotland, scottish, glasgow, edinburgh",10,2020-07-04 16:00:00.000
133,"red exclamation, exclamation mark, exclamation, double exclamation, question mark",10,2020-07-04 16:00:00.000
134,"tourism industry, tourism, tourists, tourist, travel",10,2020-07-04 16:00:00.000
135,"loudspeaker, speaker, hearing, speakers, high volume",5,2020-07-04 16:00:00.000
136,"aerosol, aerosols, airborne spread, airborne transmission, airborne",17,2020-07-04 16:00:00.000
137,"georgia, ga, atlanta, hospitalized, supreme court",2,2020-07-04 16:00:00.000
138,"getting tested, new test, rapid testing, rapid tests, rapid test",11,2020-07-04 16:00:00.000
139,"healthcare workers, health workers, care workers, medical staff, healthcare professionals",5,2020-07-04 16:00:00.000
140,"false positives, false positive, positive tests, players tested, nfl",26,2020-07-04 16:00:00.000
141,"tested positive, testing positive, corona virus, tests positive, positive test",6,2020-07-04 16:00:00.000
142,"cruise ship, cruise, outbreak, ships, quarantined",4,2020-07-04 16:00:00.000
143,"contact tracing, contact tracers, tracing app, tracing, contact",7,2020-07-04 16:00:00.000
144,"disabled people, disability, people disabilities, disabilities, disabled",9,2020-07-04 16:00:00.000
145,"scientists, scientific, scientist, science, studies",11,2020-07-04 16:00:00.000
146,"cummings, dominic cummings, contrast, compare, closely",3,2020-07-04 16:00:00.000
147,"american deaths, 000 americans, million americans, americans dying, 000 deaths",10,2020-07-04 16:00:00.000
148,"madagascar, poison, malaria, africa, herbal",3,2020-07-04 16:00:00.000
149,"tested positive, testing positive, positive tests, test positive, positive test",6,2020-07-04 16:00:00.000
150,"flu deaths, number deaths, flu season, influenza, mortality rate",6,2020-07-04 16:00:00.000
151,"sports, sporting, athletic, athletics, sport",13,2020-07-04 16:00:00.000
152,"nepal, new infections, outbreak, death toll, 2021 cases",7,2020-07-04 16:00:00.000
153,"reinfection, infected, hong kong, hongkong, infection",31,2020-07-04 16:00:00.000
154,"unemployment, unemployed, recession, job losses, employment",4,2020-07-04 16:00:00.000
156,"deadly virus, awareness, people infected, safety, epidemic",1,2020-07-04 16:00:00.000
157,"climate change, climate crisis, climatechange, climate, threat",8,2020-07-04 16:00:00.000
159,"mainstream media, scandal, fake news, news, conspiracies",8,2020-07-04 16:00:00.000
160,"stock market, markets, investments, investing, invest",5,2020-07-04 16:00:00.000
161,"passed away, lost parents, grandfather, died today, died",4,2020-07-04 16:00:00.000
162,"telemedicine, telehealth, treat patients, patients, clinics",2,2020-07-04 16:00:00.000
163,"park, parks, parking, visiting, gardens",6,2020-07-04 16:00:00.000
164,"socialdistancing, social distance, social distancing, maintain social, social",8,2020-07-04 16:00:00.000
165,"vaccine pfizer, pfizer vaccine, vaccine candidate, vaccine, vaccine doses",1,2020-07-04 16:00:00.000
166,"protect health, healthcare, health care, public health, national health",5,2020-07-04 16:00:00.000
167,"homelessness, homeless, shelters, shelter, housing",6,2020-07-04 16:00:00.000
168,"piersmorgan, piers, morgan, journalist, agenda",10,2020-07-04 16:00:00.000
169,"local businesses, small businesses, small business, businesses, business",6,2020-07-04 16:00:00.000
170,"common cold, mild symptoms, taste smell, symptom, symptoms",7,2020-07-04 16:00:00.000
171,"cancer patients, cancer, diagnosed, patients treated, patients",8,2020-07-04 16:00:00.000
172,"neurological, patients, diseases, disease, hospitalized patients",2,2020-07-04 16:00:00.000
173,"vietnam, tech, vietnam war, valley, industrial",1,2020-07-04 16:00:00.000
174,"ghana, current situation, progress, delayed, international",8,2020-07-04 16:00:00.000
175,"inevitable, new normal, conflict, conversation, conversations",7,2020-07-04 16:00:00.000
176,"spain, barcelona, madrid, virus, europe",11,2020-07-04 16:00:00.000
177,"protective equipment, medical supplies, medical equipment, health officials, personal protective",2,2020-07-04 16:00:00.000
178,"mrna vaccine, mrna vaccines, mrna, moderna vaccines, vaccine developed",2,2020-07-04 16:00:00.000
179,"breast, vaccination, getting vaccine, receive vaccine, vaccines safe",2,2020-07-04 16:00:00.000
181,"ford, fordnation, government, doug ford, gov",1,2020-07-04 16:00:00.000
182,"digital transformation, digital, technology, microsoft, innovation",9,2020-07-04 16:00:00.000
183,"iowa, positivity rate, deaths reported, reports deaths, positive cases",24,2020-07-04 16:00:00.000
184,"cybersecurity, security, help protect, threats, threat",7,2020-07-04 16:00:00.000
185,"johnson vaccine, vaccine rollout, vaccine candidate, vaccine trial, vaccine vaccine",1,2020-07-04 16:00:00.000
186,"taiwan, china, chinese, tweet, mainland",3,2020-07-04 16:00:00.000
187,"nova scotia, scotia, deaths related, related death, virus",1,2020-07-04 16:00:00.000
188,"tamil nadu, tamil, tamilnadu, chennai, nadu",10,2020-07-04 16:00:00.000
189,"disinfect, disinfectant, disinfection, disinfectants, sanitization",10,2020-07-04 16:00:00.000
190,"kenya, nairobi, kenyan, kenyans, kenyatta",10,2020-07-04 16:00:00.000
191,"obesity, obese, diabetes, fat, diseases like",9,2020-07-04 16:00:00.000
192,"facebook, fb, viral, disinformation, health",6,2020-07-04 16:00:00.000
193,"disease 2019, coronaviruspandemic, philippine, philippines, coronavirusupdate coronaviruspandemic",24,2020-07-04 16:00:00.000
194,"ramadan, celebrations, celebration, celebrating, islamic",1,2020-07-04 16:00:00.000
195,"getting vaccinated, vaccine children, receive vaccine, vaccination, vaccinating",1,2020-07-04 16:00:00.000
197,"new mexico, mexico, mexican, latino, 2021 cases",4,2020-07-04 16:00:00.000
198,"sales, retailers, commerce, shopping, retail",7,2020-07-04 16:00:00.000
199,"novavax, new vaccine, vaccine new, vaccine trial, vaccin",4,2020-07-04 16:00:00.000
200,"diabetes, severe illness, sugar, risk severe, patients",10,2020-07-04 16:00:00.000
201,"joyface tears, tears joyface, joyface, tears joy, face tears",5,2020-07-04 16:00:00.000
202,"stimulus package, fiscal, stimulus, funding, fed",2,2020-07-04 16:00:00.000
205,"pets, pet, dogs, cats, animals",6,2020-07-04 16:00:00.000
207,"cnn, breitbartnews, foxnews, fox news, msnbc",16,2020-07-04 16:00:00.000
209,"floor laughingrolling, laughingrolling floor, laughingrolling, floor laughing, laughing",7,2020-07-04 16:00:00.000
210,"curfew, weekend, benefits, night, lockdown",1,2020-07-04 16:00:00.000
212,"navajo nation, navajo, deaths reported, cases death, infection rates",3,2020-07-04 16:00:00.000
214,"hiv, hiv aids, aids, pandemics, epidemic",2,2020-07-04 16:00:00.000
215,"employees vaccinated, vaccination status, vaccines, vaccine, vaccination",1,2020-07-04 16:00:00.000
216,"neet jee, jee neet, neet, jee, postpone",136,2020-07-04 16:00:00.000
218,"indonesia, indonesian, new infections, infectious, infections",10,2020-07-04 16:00:00.000
219,"deaths india, death toll, number deaths, death rate, india reports",2,2020-07-04 16:00:00.000
220,"germany, berlin, german, merkel, europe",5,2020-07-04 16:00:00.000
221,"kenya, nairobi, covid1, kenyatta, moh_kenya",5,2020-07-04 16:00:00.000
223,"hcq, fda, fda approved, patients treated, treatment",20,2020-07-04 16:00:00.000
224,"cancelled, canceled, postponed, cancellation, festivals",10,2020-07-04 16:00:00.000
225,"tory, tories, mps, brexit, westminster",4,2020-07-04 16:00:00.000
226,"prevention, treatment, cured, kerala, medicines",1,2020-07-04 16:00:00.000
227,"nurses, nurse, nursing, care patients, patients",4,2020-07-04 16:00:00.000
228,"cannabis, marijuana, smoking, legal, market",3,2020-07-04 16:00:00.000
229,"coughing, symptom, symptoms, like symptoms, taste smell",11,2020-07-04 16:00:00.000
230,"native american, indigenous, tribes, tribe, indians",4,2020-07-04 16:00:00.000
231,"symptoms, mild symptoms, showing symptoms, symptom, severe illness",14,2020-07-04 16:00:00.000
232,"kayleigh, conspiracy theorists, kellyanne conway, tested positive, conspiracy",2,2020-07-04 16:00:00.000
233,"uk cases, cases uk, uk reports, cases reported, cases today",11,2020-07-04 16:00:00.000
234,"ventilation, air, aerosol, aerosols, fresh air",9,2020-07-04 16:00:00.000
235,"5g, mobile, radio, viruses, technology",10,2020-07-04 16:00:00.000
236,"cyril ramaphosa, ramaphosa, cyrilramaphosa, president cyril, sa",6,2020-07-04 16:00:00.000
237,"sputnik vaccine, sputnik, vaccine developed, vaccine india, approval vaccine",9,2020-07-04 16:00:00.000
239,"scott morrison, morrison, crisis, scott, aged care",14,2020-07-04 16:00:00.000
240,"tax, fiscal, taxes, debt, taxpayers",3,2020-07-04 16:00:00.000
241,"maharashtra, deaths reported, cases reported, total deaths, deaths today",9,2020-07-04 16:00:00.000
242,"deaths reported, cases deaths, additional deaths, deaths related, excess deaths",5,2020-07-04 16:00:00.000
243,"lockdown restrictions, complete lockdown, lockdown extended, lockdown lockdown, extends lockdown",5,2020-07-04 16:00:00.000
244,"plasma donor, donate plasma, donor, donors, recovered patients",4,2020-07-04 16:00:00.000
245,"tn, tennessee, cases reported, deaths related, new deaths",8,2020-07-04 16:00:00.000
246,"according cdc, cdc says, related deaths, reported deaths, deaths related",65,2020-07-04 16:00:00.000
247,"suicides, suicide, related deaths, deaths, murder",5,2020-07-04 16:00:00.000
248,"vaccination campaign, vaccine available, vaccine, received vaccine, vaccine developed",15,2020-07-04 16:00:00.000
249,"honored, award, awards, appreciation, celebrating",4,2020-07-04 16:00:00.000
250,"wildlife, zoo, pandemics, animals, livestock",6,2020-07-04 16:00:00.000
251,"need plasma, recovered plasma, blood plasma, plasma donor, recovered patient",8,2020-07-04 16:00:00.000
252,"insurers, insurance, health insurance, coverage, covi",3,2020-07-04 16:00:00.000
253,"died april, passed away, died, survived, retired",14,2020-07-04 16:00:00.000
254,"kidney, dialysis, patients, hospitalized patients, hospitalized",1,2020-07-04 16:00:00.000
255,"ipl, ipl2021, 2021, premier league, 2020",4,2020-07-04 16:00:00.000
256,"americans die, americans died, 000 americans, americans dead, million americans",11,2020-07-04 16:00:00.000
257,"gop, democrats, democratic, convention, dems",9,2020-07-04 16:00:00.000
258,"travel restrictions, traveling, travelling, international travel, travel",8,2020-07-04 16:00:00.000
260,"loan, loans, lending, debt, financing",6,2020-07-04 16:00:00.000
261,"outbreak, recommendations, comprehensive, provides, sources",6,2020-07-04 16:00:00.000
262,"bats, bat, coronaviruses, infect, viruses",3,2020-07-04 16:00:00.000
263,"physicians, physician, medical, doctors, medicine",3,2020-07-04 16:00:00.000
264,"manitoba, cases deaths, cases province, deaths reported, cases announced",4,2020-07-04 16:00:00.000
265,"lungs, respiratory, illnesses, lung, breathing",2,2020-07-04 16:00:00.000
266,"refugees, refugee, migrants, migrant, humanitarian",7,2020-07-04 16:00:00.000
267,"orange county, county, wi, beach, san",1,2020-07-04 16:00:00.000
268,"indiafightscorona round, indiafightscorona, cases india, round pushpin, mohfw_india",10,2020-07-04 16:00:00.000
269,"judicial, courts, court, supreme court, judge",2,2020-07-04 16:00:00.000
270,"dogs, covi, dog, hospitals, infection",3,2020-07-04 16:00:00.000
271,"colorado, cov, detects, outbreaks, surveillance",1,2020-07-04 16:00:00.000
272,"patients discharged, discharged hospital, patients recovered, recovered patients, discharged",7,2020-07-04 16:00:00.000
273,"chelsea, premier league, teams, arsenal, madrid",2,2020-07-04 16:00:00.000
274,"dental, oral, nhs, world health, hygiene",5,2020-07-04 16:00:00.000
275,"doctors nurses, nurse, nurses, nursing, hospital staff",3,2020-07-04 16:00:00.000
276,"webinar, webinars, free webinar, join webinar, webinar series",4,2020-07-04 16:00:00.000
277,"myanmar, genocide, country reportedly, quarantine, preparing quarantine",7,2020-07-04 16:00:00.000
278,"disinfect, disinfectant, disinfectants, trump said, trump claims",1,2020-07-04 16:00:00.000
279,"mothers, mother, mother day, mum, mom",3,2020-07-04 16:00:00.000
280,"getvaccinated, covid19vaccine, vaccine today, getting vaccine, got vaccinated",1,2020-07-04 16:00:00.000
281,"oil, economic recovery, fuels, hurricane, exports",6,2020-07-04 16:00:00.000
282,"coronavirusupdate coronaviruspandemic, greece, coronavirusupdate, gmt coronavirusupdate, greek",6,2020-07-04 16:00:00.000
283,"hydroxychloroquine, zinc, chloroquine, hcq, patients treated",7,2020-07-04 16:00:00.000
284,"wildfires, gavin newsom, news, gavinnewsom, newsom",9,2020-07-04 16:00:00.000
287,"jamaica, pandemics, recorded deaths, related deaths, new deaths",13,2020-07-04 16:00:00.000
288,"bolsonaro, threatens, diagnosis, crisis, threatened",1,2020-07-04 16:00:00.000
291,"flu season, flu, seasonal flu, influenza, cold flu",7,2020-07-04 16:00:00.000
292,"utah, deaths reported, flu vaccine, according cdc, cases deaths",3,2020-07-04 16:00:00.000
294,"cities, city, pandemics, urban, governments",5,2020-07-04 16:00:00.000
295,"immunity, natural immunity, immune response, immune, infected",6,2020-07-04 16:00:00.000
296,"flying, wing, flew, angels, aircraft",3,2020-07-04 16:00:00.000
297,"marathon, racing, running, track, run",6,2020-07-04 16:00:00.000
298,"new data, data, stats, information, important information",7,2020-07-04 16:00:00.000
300,"000 tests, million tests, tests conducted, tests day, total tests",22,2020-07-04 16:00:00.000
301,"hospital beds, icu beds, hospital bed, hospitals, hospital",2,2020-07-04 16:00:00.000
303,"vaccine developed, potential vaccine, vaccine development, use vaccine, vaccine",7,2020-07-04 16:00:00.000
304,"uk government, outbreak, handling crisis, britons, brexit",6,2020-07-04 16:00:00.000
305,"work home, working home, remote work, workplace, home",2,2020-07-04 16:00:00.000
306,"shirts, shirt, clothes, retweet, prices",5,2020-07-04 16:00:00.000
308,"heart disease, heart inflammation, heart problems, heart attack, cardiac",9,2020-07-04 16:00:00.000
309,"brexit, br, britain, climatechange, economy",5,2020-07-04 16:00:00.000
311,"joebiden, joe biden, joe, biden, breitbartnews",12,2020-07-04 16:00:00.000
312,"convalescent plasma, plasma therapy, blood plasma, plasma, need plasma",23,2020-07-04 16:00:00.000
313,"covidiots, deadly virus, virus spread, covid19sa, virus",3,2020-07-04 16:00:00.000
314,"bleach, disinfectants, disinfectant, poison, toxic",3,2020-07-04 16:00:00.000
316,"banking, fintech, banks, bankers, bank",7,2020-07-04 16:00:00.000
317,"extreme poverty, poverty, poor countries, poor people, current crisis",4,2020-07-04 16:00:00.000
318,"edmonton, quebec, breaking ontario, cases ontario, alberta",2,2020-07-04 16:00:00.000
319,"folded hands, folded handsfolded, handsfolded, handsfolded hands, handsfolded handsfolded",3,2020-07-04 16:00:00.000
320,"covidー19, reinfection, infected, viral, infection",20,2020-07-04 16:00:00.000
321,"died today, died april, died, grieving, nurse",11,2020-07-04 16:00:00.000
322,"blessings, allah, islamic, muslim, wishes",1,2020-07-04 16:00:00.000
323,"flu vaccine, flu shot, influenza, getting vaccinated, vaccine",5,2020-07-04 16:00:00.000
324,"coronaviruspandemic, coronavirusupdate, coronavirusupdate coronaviruspandemic, gmt coronavirusupdate, epidemic",3,2020-07-04 16:00:00.000
325,"leadership, leaders, leader, initiative, efforts",7,2020-07-04 16:00:00.000
326,"scottish government, scotland, scottish, glasgow, concern",4,2020-07-04 16:00:00.000
327,"peru, victims, excess deaths, deaths, extreme poverty",8,2020-07-04 16:00:00.000
328,"vaccine available, taking vaccine, vaccine approved, vaccine, people vaccine",3,2020-07-04 16:00:00.000
330,"cure, cures, cured, diseases, aids",6,2020-07-04 16:00:00.000
331,"infection rates, yorkshire, infection rate, essex, health england",4,2020-07-04 16:00:00.000
333,"tested positive, testing positive, tests positive, test positive, positive virus",5,2020-07-04 16:00:00.000
334,"robots, robot, ai, artificial intelligence, artificial",6,2020-07-04 16:00:00.000
335,"hospitalized, hospitals, private hospitals, rural, hospital patients",1,2020-07-04 16:00:00.000
337,"osha, investigation, incident, health safety, frontline workers",2,2020-07-04 16:00:00.000
338,"join tomorrow, event, events, conference, meeting",8,2020-07-04 16:00:00.000
339,"moratorium, wolf, eviction, options, state emergency",1,2020-07-04 16:00:00.000
340,"sri lanka, lanka, sri, srilanka, deaths reported",5,2020-07-04 16:00:00.000
341,"overdose, excess deaths, related deaths, mortality, deaths",7,2020-07-04 16:00:00.000
342,"flatten curve, flattening curve, curve, flatten, flattening",7,2020-07-04 16:00:00.000
343,"afghanistan, coronav, pakistan, outbreak, casualties",2,2020-07-04 16:00:00.000
344,"scam, scams, covid_19_za, fraud, false positives",7,2020-07-04 16:00:00.000
345,"ghana, cases increased, new deaths, death toll, case count",4,2020-07-04 16:00:00.000
346,"coronaviruspandemic, syria, coronavirusupdate, gmt coronavirusupdate, coronavirusupdate coronaviruspandemic",14,2020-07-04 16:00:00.000
347,"dementia, alzheimer, mortality, disease, older people",6,2020-07-04 16:00:00.000
348,"wales, uk government, welsh, england wales, local authorities",5,2020-07-04 16:00:00.000
349,"nicola sturgeon, sturgeon, nicola, scottish, scotland",4,2020-07-04 16:00:00.000
350,"000 tests, million tests, tests day, tests, rapid tests",7,2020-07-04 16:00:00.000
351,"air pollution, public health, pollution, health, respiratory",2,2020-07-04 16:00:00.000
352,"sops, sop, minofhealthug, som, health dept",1,2020-07-04 16:00:00.000
353,"policing, police brutality, enforcement, arrest, police",4,2020-07-04 16:00:00.000
355,"human rights, humanrights, freedom, freedoms, rights",3,2020-07-04 16:00:00.000
356,"conference, conferences, meeting, 2020, press conference",7,2020-07-04 16:00:00.000
358,"fitness, exercise, gym, gyms, strength",3,2020-07-04 16:00:00.000
359,"players tested, players test, tested positive, testing positive, tests positive",3,2020-07-04 16:00:00.000
360,"plastic, waste, protective equipment, engineered, pollution",10,2020-07-04 16:00:00.000
363,"pandemics, inequalities, inequality, current crisis, health",4,2020-07-04 16:00:00.000
365,"rajasthan, coronavirusupdates, haryana, cases deaths, jaipur",3,2020-07-04 16:00:00.000
366,"ccp, breitbartnews, aggressive, eradicate, self quarantine",2,2020-07-04 16:00:00.000
367,"keycap, 1keycap, tally, ontario, risk",5,2020-07-04 16:00:00.000
369,"lawsuits, albertans, alberta, cases announced, ndp",1,2020-07-04 16:00:00.000
370,"museums, museum, exhibition, covid19ab, heritage",5,2020-07-04 16:00:00.000
371,"covidindia, faceloudly crying, crying face, crying faceloudly, loudly crying",2,2020-07-04 16:00:00.000
372,"quebec, cases deaths, related deaths, additional deaths, cases ontario",2,2020-07-04 16:00:00.000
374,"hoax, coronavirusuk, fakenews, believe, believed",6,2020-07-04 16:00:00.000
375,"wildfires, wildfire, fires, firefighters, hurricane",17,2020-07-04 16:00:00.000
376,"housedemocrats, workers need, veterans, congressional, jobs",1,2020-07-04 16:00:00.000
378,"marketing, advertising, consumers, trends, customers",3,2020-07-04 16:00:00.000
379,"supply chains, supply chain, logistics, supply, companies",3,2020-07-04 16:00:00.000
380,"gst, dates, 31st, date, 2020 21",8,2020-07-04 16:00:00.000
381,"government response, government failed, government handling, governments, government",6,2020-07-04 16:00:00.000
383,"abortion, community health, health services, health care, clinic",2,2020-07-04 16:00:00.000
384,"20 million, 2020, 2020 21, 2020 2021, trillion",2,2020-07-04 16:00:00.000
386,"rwanda, africa, covidー19, sudan, east africa",6,2020-07-04 16:00:00.000
387,"heartsparkles, hearts, flowers, heartred, blue heart",2,2020-07-04 16:00:00.000
390,"inflammatory syndrome, inflammatory, inflammation, syndrome, epidemiology",2,2020-07-04 16:00:00.000
391,"moderna vaccine, vaccine trial, approval vaccine, vaccine people, vaccine safe",2,2020-07-04 16:00:00.000
392,"refund, airline, flights, airlines, ticket",3,2020-07-04 16:00:00.000
394,"new deaths, russia, moscow, deaths 24, deaths",1,2020-07-04 16:00:00.000
395,"pension, savings, retirement, cov, insurance",2,2020-07-04 16:00:00.000
396,"south dakota, north dakota, cases rising, 2021 cases, cases deaths",2,2020-07-04 16:00:00.000
397,"telangana, andhra, andhrapradesh, hyderabad, karnataka",6,2020-07-04 16:00:00.000
398,"resign, resignation, judge, commissioner, supreme court",1,2020-07-04 16:00:00.000
399,"george floyd, floyd, protests, riots, protest",2,2020-07-04 16:00:00.000
400,"faceenraged, face, coronaviru, thinking face, eyesface",2,2020-07-04 16:00:00.000
401,"ohio, people hospitalized, hospitalizations, cases reported, hospitalized",5,2020-07-04 16:00:00.000
402,"tanzania, rwanda, covidvaccination, hiv aids, zambia",3,2020-07-04 16:00:00.000
403,"wedding, weddings, marriage, ceremony, engaged",5,2020-07-04 16:00:00.000
405,"national lockdown, lockdown measures, lockdowns, easing lockdown, uk cases",2,2020-07-04 16:00:00.000
406,"antiviral, covid19india, cov virus, medicine, patients",1,2020-07-04 16:00:00.000
407,"unicef, ngo, families, famine, volunteers",2,2020-07-04 16:00:00.000
408,"anti asian, asian, racist, racial, racism",2,2020-07-04 16:00:00.000
409,"racist, trump, racial, racism, trump said",2,2020-07-04 16:00:00.000
410,"new restrictions, restrictions, restriction, restrictions lifted, restrictions place",3,2020-07-04 16:00:00.000
411,"disease 2019, cases today, cases reported, cases wednesday, new cases",15,2020-07-04 16:00:00.000
412,"deaf, disabled people, sign, hearing, clinicians",3,2020-07-04 16:00:00.000
413,"plasma donor, recovered plasma, need plasma, donor, blood plasma",9,2020-07-04 16:00:00.000
414,"hotels, hotel, risk, rooms, resort",1,2020-07-04 16:00:00.000
415,"randpaul, rand, rand paul, senator, senate",1,2020-07-04 16:00:00.000
416,"iranian, people died, died novel, iran, 000 people",3,2020-07-04 16:00:00.000
417,"cases reported, cases confirmed, confirmed cases, cases tuesday, new cases",5,2020-07-04 16:00:00.000
419,"lgbtq, discrimination, minorities, gay, gender",4,2020-07-04 16:00:00.000
420,"cases deaths, cases reported, total deaths, deaths recorded, 15 deaths",4,2020-07-04 16:00:00.000
421,"cases deaths, cases death, 000 cases, deaths, number cases",2,2020-07-04 16:00:00.000
422,"workers died, healthcare workers, care workers, aged care, health workers",9,2020-07-04 16:00:00.000
423,"megaphone, funding, nhs app, speakers, benefit",3,2020-07-04 16:00:00.000
424,"drone, drones, surveillance, policing, insurance",3,2020-07-04 16:00:00.000
425,"honoring, memorial day, tribute, honored, memorial",1,2020-07-04 16:00:00.000
427,"kagutamuseveni, ashokgehlot51, cmomaharashtra, imrankhanpti, swamy39",3,2020-07-04 16:00:00.000
429,"youth, young people, teens, teenagers, youths",2,2020-07-04 16:00:00.000
430,"covid19sa, covidiots, don afraid, fear, fears",4,2020-07-04 16:00:00.000
432,"nba, players tested, false positives, tested positive, basketball",2,2020-07-04 16:00:00.000
434,"surveys, new survey, survey, public health, infection",5,2020-07-04 16:00:00.000
435,"vegas, las vegas, nevada, las, coronav",2,2020-07-04 16:00:00.000
436,"leader, leaders, leadership, vigilant, protect",2,2020-07-04 16:00:00.000
437,"global vaccine, vaccination programme, access vaccines, vaccination, vaccine",2,2020-07-04 16:00:00.000
439,"mental health, mental illness, health crisis, mentalhealth, adolescents",6,2020-07-04 16:00:00.000
440,"contagious, highly contagious, contagion, infected people, cold flu",5,2020-07-04 16:00:00.000
442,"saliva, swabs, swab, rapid antigen, tests",12,2020-07-04 16:00:00.000
444,"whatsapp, messages, message, government india, helpline",3,2020-07-04 16:00:00.000
448,"jared kushner, kushner, jared, trump administration, realdonaldtrump",4,2020-07-04 16:00:00.000
449,"dashboard, latest data, today update, virus spread, daily update",6,2020-07-04 16:00:00.000
450,"trumpvirus, coronavirusoutbreak, trump knew, trump claims, trump said",6,2020-07-04 16:00:00.000
451,"zimbabwe, zambia, genocide, minister health, world health",5,2020-07-04 16:00:00.000
452,"scotland, scottish, glasgow, edinburgh, camera",12,2020-07-04 16:00:00.000
453,"detained, detention, quarantine, confinement, migrants",4,2020-07-04 16:00:00.000
454,"hawaii, pacific, island, travel, traveled",4,2020-07-04 16:00:00.000
457,"uk deaths, deaths uk, cases deaths, total deaths, deaths today",4,2020-07-04 16:00:00.000
458,"lebanon, israel, economic crisis, new deaths, deaths occurred",8,2020-07-04 16:00:00.000
459,"fines, fined, kentucky, quarantine, accused",1,2020-07-04 16:00:00.000
460,"public transport, transportation, transport, traveling, travel",6,2020-07-04 16:00:00.000
461,"global vaccine, access vaccines, vaccine, vaccine new, taking vaccine",2,2020-07-04 16:00:00.000
462,"anxiety, coping, anxious, covidindia, stressful",2,2020-07-04 16:00:00.000
463,"workplace, workforce, workplaces, employees, employers",4,2020-07-04 16:00:00.000
464,"somalia, jailed, sentenced, 18 years, jail",14,2020-07-04 16:00:00.000
465,"epidemic, outbreaks, prevalence, statistics, stats",5,2020-07-04 16:00:00.000
466,"small orange, orange, blue diamond, diamond, small blue",1,2020-07-04 16:00:00.000
467,"presidential debate, debates, debate, trump biden, biden campaign",2,2020-07-04 16:00:00.000
469,"covid19sa, covidー19, gauteng, cases province, cases recorded",4,2020-07-04 16:00:00.000
470,"railways, railway, trains, rail, train",2,2020-07-04 16:00:00.000
471,"ebola, epidemic, epidemics, outbreak, infected",2,2020-07-04 16:00:00.000
472,"malaria, diseases, disease, endemic, getting sick",2,2020-07-04 16:00:00.000
473,"cases announced, cases today, new cases, china china, confirmed cases",3,2020-07-04 16:00:00.000
474,"islamic, muslim, muslims, hindu, mosques",1,2020-07-04 16:00:00.000
475,"arena, hospital, facility, hospitals, facilities",1,2020-07-04 16:00:00.000
476,"vaccines, vaccine, potential vaccine, spike protein, viral",1,2020-07-04 16:00:00.000
477,"bc, bcpoli, ndp, public health, disease control",3,2020-07-04 16:00:00.000
478,"uv, uv light, viruses, disinfect, disinfectant",1,2020-07-04 16:00:00.000
480,"birthday, happy birthday, tickets, hi, celebrate",1,2020-07-04 16:00:00.000
481,"fired, florida department, whistleblower, scientist, coronavirusupdates",1,2020-07-04 16:00:00.000
482,"covidー19, karnataka, covidsecondwave, cases reported, cases today",2,2020-07-04 16:00:00.000
484,"pharma, big pharma, pharmacists, pharmacy, pharmacies",5,2020-07-04 16:00:00.000
485,"cases reported, bihar, ve cases, update day, cases 15",4,2020-07-04 16:00:00.000
487,"fda, cdc, cdc reports, trump administration, cdc director",1,2020-07-04 16:00:00.000
489,"vaccine passports, vaccine passport, passports, passport, freedoms",1,2020-07-04 16:00:00.000
490,"cases deaths, deaths reported, additional deaths, new deaths, deaths today",3,2020-07-04 16:00:00.000
491,"ambassador, interview, interviewed, professor, interviews",3,2020-07-04 16:00:00.000
493,"journalists, journalist, reporters, journalism, newspapers",4,2020-07-04 16:00:00.000
497,"related deaths, pharmacist, kashmir, deaths today, jammu kashmir",1,2020-07-04 16:00:00.000
500,"number deaths, deaths reported, total deaths, deaths occurred, deaths",1,2020-07-04 16:00:00.000
503,"design, smiling face, shirts, smiling, shirt",2,2020-07-04 16:00:00.000
504,"alberta, albertans, cases deaths, killer, additional deaths",1,2020-07-04 16:00:00.000
507,"cat, tears joy, paw, cats, smiling_face_with_heart",3,2020-07-04 16:00:00.000
508,"new zealand, zealand, jacinda ardern, nz, jacinda",2,2020-07-04 16:00:00.000
510,"smiling face, smiling_face_with_heart eyes, face smiling, smiling_face_with_heart, smiling eyes",1,2020-07-04 16:00:00.000
512,"infection rate, infection, industry, factories, latest article",1,2020-07-04 16:00:00.000
514,"market 2020, 2020, 2019, market, manufacturers",4,2020-07-04 16:00:00.000
516,"vaccine available, receive vaccine, vaccine approved, post vaccination, use vaccine",4,2020-07-04 16:00:00.000
517,"beach, beaches, coast, shore, resort",3,2020-07-04 16:00:00.000
518,"world population, global cases, death rates, population, percent",1,2020-07-04 16:00:00.000
519,"investigation, misinformation, rtenews, corrupt, watch",1,2020-07-04 16:00:00.000
520,"hospital deaths, deaths reported, tested positive, number deaths, testing positive",3,2020-07-04 16:00:00.000
521,"fighting stigma, stigma, patients, mental health, health workers",2,2020-07-04 16:00:00.000
522,"article, articles, great article, interesting article, read article",4,2020-07-04 16:00:00.000
523,"furlough, layoffs, financial support, employees, government announced",1,2020-07-04 16:00:00.000
525,"quarantine, spain, portugal, uk reports, eu",1,2020-07-04 16:00:00.000
526,"trudeau, canadians, justin trudeau, justintrudeau, recession",2,2020-07-04 16:00:00.000
527,"ncaa, football game, nfl, football, espn",7,2020-07-04 16:00:00.000
529,"poetry, literature, write, written, wrote",4,2020-07-04 16:00:00.000
530,"retweet, tweet, 300, tweeted, 3000",4,2020-07-04 16:00:00.000
531,"mentalhealth, mental health, mental illness, health services, health professionals",2,2020-07-04 16:00:00.000
532,"tested positive, tests positive, says tested, charlotte, positive just",1,2020-07-04 16:00:00.000
533,"uk deaths, deaths uk, uk reports, death toll, death rate",1,2020-07-04 16:00:00.000
534,"infectious diseases, virus spread, infectious, spread virus, according cdc",6,2020-07-04 16:00:00.000
535,"cases deaths, deaths reported, deaths total, additional deaths, new deaths",2,2020-07-04 16:00:00.000
536,"bbcnews, bbc, bbcworld, uk news, skynews",9,2020-07-04 16:00:00.000
537,"musk, elon, trump supporters, elonmusk, mask",2,2020-07-04 16:00:00.000
538,"oregon, public health, portland, county, health authority",2,2020-07-04 16:00:00.000
539,"hiring, recruitment, hire, employees, employment",1,2020-07-04 16:00:00.000
540,"icu beds, pune, hospital bed, beds available, beds",1,2020-07-04 16:00:00.000
541,"doctors died, medical workers, healthcare, health care, indonesia",1,2020-07-04 16:00:00.000
542,"recovered patients, lagos, lagos state, recover, recovered",1,2020-07-04 16:00:00.000
544,"vaccine passport, vaccine passports, vaccinating, vaccine, global vaccine",1,2020-07-04 16:00:00.000
546,"duterte, davao, philippine, manila, du",4,2020-07-04 16:00:00.000
547,"azerbaijan, cases infection, deaths today, new patients, deaths total",3,2020-07-04 16:00:00.000
548,"covid1, deaths linked, additional deaths, new deaths, deaths",5,2020-07-04 16:00:00.000
549,"camera, infecting, photos, photography, pictures",2,2020-07-04 16:00:00.000
550,"regulators, technology, technologies, innovation, productivity",1,2020-07-04 16:00:00.000
552,"orange county, orange, disney, parks, reopens",1,2020-07-04 16:00:00.000
553,"fighter, fights, fight, sporting, clash",2,2020-07-04 16:00:00.000
554,"kashmir, jammu kashmir, pakistan, jammu, karachi",2,2020-07-04 16:00:00.000
556,"mps, june 2021, 2021, conducted, 2021 06",1,2020-07-04 16:00:00.000
557,"trump tested, biden says, biden campaign, joe biden, biden",2,2020-07-04 16:00:00.000
560,"week cdc, cdc quietly, cdc, updated numbers, americans died",60,2020-07-04 16:00:00.000
561,"library, libraries, windsor, opening, visiting",8,2020-07-04 16:00:00.000
562,"deaths recorded, new deaths, barbados, trinidad tobago, deaths total",2,2020-07-04 16:00:00.000
563,"new delhi, delhi, deaths reported, deaths 24, death toll",2,2020-07-04 16:00:00.000
564,"joke, jokes, funny, really, fool",3,2020-07-04 16:00:00.000
566,"state governor, governor, governors, govmikedewine, governme",5,2020-07-04 16:00:00.000
567,"namibia, deaths related, new deaths, deaths, coronavirusupdate",3,2020-07-04 16:00:00.000
568,"tested positive, tests positive, test positive, csk, false positives",7,2020-07-04 16:00:00.000
569,"good morning, morning, good evening, weather, evening",3,2020-07-04 16:00:00.000
570,"sleep, sleeping, covid1, disease 2019, woke",3,2020-07-04 16:00:00.000
571,"tested positive, test positive, positive tests, positive test, oakland",15,2020-07-04 16:00:00.000
572,"hug, embrace, socialdistancing, loved ones, feeling",3,2020-07-04 16:00:00.000
574,"cloud, workforce, market 2020, microsoft, spending",2,2020-07-04 16:00:00.000
575,"coronaviruspandemic, coronavirusindia, corona virus, coronavirusupdates, coronavirusupdate",3,2020-07-04 16:00:00.000
578,"tested positive, testing positive, positive virus, test positive, goat",2,2020-07-04 16:00:00.000
579,"right arrow, arrow, epidemic, people affected, deadly virus",3,2020-07-04 16:00:00.000
580,"hospital, private hospitals, hospital beds, care centre, hospitals",1,2020-07-04 16:00:00.000
582,"reopen, tested positive, nfl, facility, testing positive",4,2020-07-04 16:00:00.000
583,"dismissed, flynn, appeals, federal judge, dismisses",1,2020-07-04 16:00:00.000
584,"tb, tuberculosis, infectious disease, infectious, epidemic",3,2020-07-04 16:00:00.000
585,"corruption, corrupt, governance, criminals, investigating",6,2020-07-04 16:00:00.000
586,"fraud, fraudulent, sars cov, criminals, crime",3,2020-07-04 16:00:00.000
587,"beach, beaches, hike, weekend, trip",7,2020-07-04 16:00:00.000
588,"soccer ball, stadium, soccer, ball, football",12,2020-07-04 16:00:00.000
589,"million vaccines, covidvaccination, vaccination programme, vaccine dose, vaccine doses",1,2020-07-04 16:00:00.000
592,"wealth, nbcnews, billionaire, rich, forbes",1,2020-07-04 16:00:00.000
593,"autism, disabilities, disability, disabled people, experiences",2,2020-07-04 16:00:00.000
594,"blood clots, blood clot, patients, clots, clot",1,2020-07-04 16:00:00.000
596,"asean, south asia, asian, asia, singapore",1,2020-07-04 16:00:00.000
598,"building, construction, buildings, hospital, hotel quarantine",1,2020-07-04 16:00:00.000
599,"coronavirusupdates, fuck, fucking, virus, enraged face",5,2020-07-04 16:00:00.000
600,"covid19uk, care homes, care home, aged care, home residents",5,2020-07-04 16:00:00.000
601,"need vaccine, vaccine available, receive vaccine, vaccination, vaccination clinic",1,2020-07-04 16:00:00.000
602,"twitter, tweets, tweet, don believe, believe",1,2020-07-04 16:00:00.000
604,"new cdc, according cdc, cdc says, cdc, cdc data",6,2020-07-04 16:00:00.000
605,"fiji, health authorities, ministry health, pacific, treatment",2,2020-07-04 16:00:00.000
607,"immunity, natural immunity, pathogen, immune response, immune",1,2020-07-04 16:00:00.000
609,"tucker carlson, climate change, carlson, world health, tucker",1,2020-07-04 16:00:00.000
612,"manila, philippines, philippine, filipino, filipinos",3,2020-07-04 16:00:00.000
613,"transmission, community transmission, transmit, prevent, updated guidance",3,2020-07-04 16:00:00.000
615,"herman cain, cain, herman, tweet, twitter",15,2020-07-04 16:00:00.000
618,"happy friday, weekend, saturday, friday, good night",5,2020-07-04 16:00:00.000
619,"embassy, visa, visas, issued, resumed",2,2020-07-04 16:00:00.000
620,"covidー19, uk reports, uk cases, daily report, cases confirmed",1,2020-07-04 16:00:00.000
621,"cases province, province, cases announced, cases reported, cases today",1,2020-07-04 16:00:00.000
622,"recovered patients, new recoveries, cases announced, cases increased, new cases",5,2020-07-04 16:00:00.000
624,"covid19vaccine, ontario, epidemiology, quebec, outbreak",4,2020-07-04 16:00:00.000
625,"tested positive, testing positive, test positive, tests positive, sen ron",1,2020-07-04 16:00:00.000
626,"friday, day weekend, saturday, weekend, today tomorrow",1,2020-07-04 16:00:00.000
627,"jeff, commons, ceo, chairman, alan",2,2020-07-04 16:00:00.000
628,"million cases, 000 cases, cases today, global cases, new cases",7,2020-07-04 16:00:00.000
629,"corona spread, coronaviru, corona, coronavi, spread",2,2020-07-04 16:00:00.000
630,"deaths total, gujarat, cases deaths, death toll, ahmedabad",1,2020-07-04 16:00:00.000
631,"golf, president trump, trump, president, realdonaldtrump",6,2020-07-04 16:00:00.000
632,"sonusood, neet, himantabiswa, treatment, respiratory",4,2020-07-04 16:00:00.000
634,"flags, ncaa, football, tes, alabama",1,2020-07-04 16:00:00.000
638,"people die, die, deaths people, death, people dying",3,2020-07-04 16:00:00.000
639,"conspiracy theorists, conspiracy theories, conspiracy theory, conspiracies, conspiracy",4,2020-07-04 16:00:00.000
640,"kerala, cases reported, cases today, case reported, new cases",1,2020-07-04 16:00:00.000
641,"longcovid, illnesses, severe illness, illness, health issues",3,2020-07-04 16:00:00.000
642,"climate change, pandemics, wildlife, forest, nature",4,2020-07-04 16:00:00.000
643,"argentina, mexico, 2021 cases, dictator, vaccinat",4,2020-07-04 16:00:00.000
645,"earnings, nbc, announce, news, drama",1,2020-07-04 16:00:00.000
647,"michigan, leaders, editorial, report today, vaccination rate",1,2020-07-04 16:00:00.000
648,"surface, surfaces, virus, coronaviruses, viruses",2,2020-07-04 16:00:00.000
649,"chart, charts, data, covid19vaccine, graph",2,2020-07-04 16:00:00.000
650,"palliatives, palliative, beneficiaries, primary care, governme",2,2020-07-04 16:00:00.000
652,"apps, app, tracker, virus, mobile",4,2020-07-04 16:00:00.000
653,"cov virus, blood clot, ill patients, critically ill, hospitalized patients",2,2020-07-04 16:00:00.000
655,"saudi, related deaths, saudiarabia, saudi arabia, arabia",3,2020-07-04 16:00:00.000
656,"marriage, married, wife, couples, couple",4,2020-07-04 16:00:00.000
657,"books, new book, literature, book, amazon",3,2020-07-04 16:00:00.000
658,"deaths, people died, iran, iranian, 000 people",6,2020-07-04 16:00:00.000
660,"corona virus, fan, donate plasma, tested positive, proud",11,2020-07-04 16:00:00.000
664,"barbados, tests positive, caribbean, transit, test negative",1,2020-07-04 16:00:00.000
666,"conspiracy theorists, conspiracy theory, conspiracy theories, conspiracies, conspiracy",2,2020-07-04 16:00:00.000
667,"haiti, ice, family, daughter, contractors",1,2020-07-04 16:00:00.000
668,"swabs, swab, antibody test, cdc, diagnostics",1,2020-07-04 16:00:00.000
670,"blockchain, korea, korean, south korea, tourist",2,2020-07-04 16:00:00.000
671,"dr erickson, erickson, briefing, lockdown, end lockdown",1,2020-07-04 16:00:00.000
673,"related death, funeral, funerals, covid19sa, mourning",2,2020-07-04 16:00:00.000
674,"missouri, cases week, cases days, cases saturday, hospitalizations",2,2020-07-04 16:00:00.000
675,"intensive care, hospitalized patients, rehabilitation, recovery, patients",1,2020-07-04 16:00:00.000
677,"coronaviruspandemic, corona virus, coronavirusoutbreak, cartoon, animation",2,2020-07-04 16:00:00.000
678,"streaming, tonight, tomorrow, stream, broadcast",2,2020-07-04 16:00:00.000
680,"gdp, austerity, recession, economists, poorest",1,2020-07-04 16:00:00.000
681,"transplant, lung, lungs, survivor, ill patients",2,2020-07-04 16:00:00.000
683,"seniors, loneliness, elderly, older adults, older people",1,2020-07-04 16:00:00.000
684,"covid19sa, kwara, mutahi kagwe, kagwe, health minister",2,2020-07-04 16:00:00.000
685,"tested positive, tests positive, testing positive, test positive, positive test",1,2020-07-04 16:00:00.000
688,"coronavirusupdates, coronavirusupdate, coronavirusindia, coronavirusuk, latest updates",2,2020-07-04 16:00:00.000
690,"vaccines, new vaccine, vaccine, experimental vaccine, vacci",2,2020-07-04 16:00:00.000
691,"retweet, tweet, tweets, twitter, trump diagnosis",7,2020-07-04 16:00:00.000
692,"covidvaccination, odisha, getting infected, cases reported, 15 deaths",5,2020-07-04 16:00:00.000
694,"north carolina, nc, deaths reported, south carolina, carolina",3,2020-07-04 16:00:00.000
695,"social media, socialmedia, social, facebook, post world",4,2020-07-04 16:00:00.000
699,"illinois, new restrictions, il, chicago, restrictions",2,2020-07-04 16:00:00.000
700,"dance, dancing, perform, bollywood, performance",2,2020-07-04 16:00:00.000
703,"mark button, button, check mark, mark, new_button",2,2020-07-04 16:00:00.000
704,"reopening, reopens, reopen, economic recovery, reopened",1,2020-07-04 16:00:00.000
705,"remote work, remotely, remote, workplace, employees",3,2020-07-04 16:00:00.000
706,"trials, clinical trials, clinical trial, trial, phase trial",2,2020-07-04 16:00:00.000
707,"mourning, dies complications, death, died, tragic",1,2020-07-04 16:00:00.000
708,"mohfw_india, india response, indiafightscorona, rajasthan, denied",3,2020-07-04 16:00:00.000
709,"hospital, patients, patients hospital, hospital patients, patient",1,2020-07-04 16:00:00.000
710,"federal government, federal, withholding, resp, medical care",1,2020-07-04 16:00:00.000
711,"ambulance, ambulances, emergencies, help patients, care unit",2,2020-07-04 16:00:00.000
712,"covid19uk, dark skin, fatigue, viral, symptom",2,2020-07-04 16:00:00.000
715,"language, languages, english, translation, latin",4,2020-07-04 16:00:00.000
720,"assam, coronavirusupdates, coronavirusindia, karnataka, odisha",2,2020-07-04 16:00:00.000
721,"cases 18, cases 10, massachusetts, 2021 cases, cases 13",1,2020-07-04 16:00:00.000
722,"testing positive, test positive, positive test, false positives, false positive",2,2020-07-04 16:00:00.000
723,"cases deaths, ethiopia, deaths reported, related deaths, deaths today",1,2020-07-04 16:00:00.000
724,"birthday, anthony, happy birthday, born, 21st",1,2020-07-04 16:00:00.000
725,"mainstream media, news today, news, journalist, journalism",3,2020-07-04 16:00:00.000
732,"bjp4india, mohfw_india, bjp, pib_india, narendramodi pmoindia",2,2020-07-04 16:00:00.000
735,"outbreak, tyson, infected, employees, workers",1,2020-07-04 16:00:00.000
736,"epidemics, infected people, hospitalizations, outbreaks, european countries",3,2020-07-04 16:00:00.000
737,"prevent, risk severe, infection, disease, recommends",1,2020-07-04 16:00:00.000
740,"immunity, immune response, immune, coronaviruses, immunology",3,2020-07-04 16:00:00.000
741,"parliamentary, hearings, parliament, supreme court, sessions",1,2020-07-04 16:00:00.000
743,"govrondesantis, state governor, governor, governors, govmurphy",2,2020-07-04 16:00:00.000
744,"china wuhan, wuhan china, china, chinese, chinese lab",1,2020-07-04 16:00:00.000
746,"finances, financial, bankruptcy, financially, finance",6,2020-07-04 16:00:00.000
747,"awareness, villages, village, spread awareness, precautions",1,2020-07-04 16:00:00.000
749,"additional deaths, new cases, new deaths, cases reported, deaths reported",2,2020-07-04 16:00:00.000
752,"test positive, positive tests, players tested, notre dame, players test",1,2020-07-04 16:00:00.000
754,"death certificate, death certificates, death reported, passed away, cremation",5,2020-07-04 16:00:00.000
758,"swiss, switzerland, economic recovery, 2021 cases, innovation",4,2020-07-04 16:00:00.000
761,"home isolation, isolation, isolated, isolation centre, patients",3,2020-07-04 16:00:00.000
762,"zoom, meetings, meeting, valley, conversation",2,2020-07-04 16:00:00.000
763,"maldives, migrants, palestine, genocide, pandemics",1,2020-07-04 16:00:00.000
764,"quarantine, chile, protest, activists, effective preventing",2,2020-07-04 16:00:00.000
766,"headphone, music, musical, play button, speaker",9,2020-07-04 16:00:00.000
769,"pande, fake, don believe, believe, real",1,2020-07-04 16:00:00.000
771,"gyms, gym, fitness, high risk, safety",2,2020-07-04 16:00:00.000
772,"infections, infection, disease 2019, clinical, patients",1,2020-07-04 16:00:00.000
773,"stroke, strokes, blood clots, neurological, patients",2,2020-07-04 16:00:00.000
775,"coronavir, deep, datascience, learning, chest",2,2020-07-04 16:00:00.000
776,"uk deaths, deaths uk, deaths related, number deaths, 000 deaths",2,2020-07-04 16:00:00.000
777,"employee, employer, employment, employers, employ",3,2020-07-04 16:00:00.000
779,"covid_19_za, outbreaks, latest numbers, infectious disease, numbers",2,2020-07-04 16:00:00.000
780,"golf, restrictions, clubs, swing, racing",2,2020-07-04 16:00:00.000
781,"european_union, europe, eu, brexit, poland",1,2020-07-04 16:00:00.000
784,"mosques, mosque, islamic, muslims, churches",2,2020-07-04 16:00:00.000
785,"woman, actress, symptoms, healthy, nancy",1,2020-07-04 16:00:00.000
787,"cases announced, cases reported, cases wednesday, new cases, cases increased",3,2020-07-04 16:00:00.000
791,"narendramodi pmoindia, pib_india, mohfw_india, cmomaharashtra, rahulgandhi",4,2020-07-04 16:00:00.000
792,"infecting, symptomatic, suffered, cope, deaths caused",2,2020-07-04 16:00:00.000
793,"globe_showing_europe africa, conference, excited announce, africa, south africa",1,2020-07-04 16:00:00.000
794,"agriculture, crisis india, agricultural, indian government, india",1,2020-07-04 16:00:00.000
795,"reports deaths, reported deaths, deaths today, deaths related, canadians",2,2020-07-04 16:00:00.000
796,"new cases, vaccination rates, cases additional, cases yesterday, arkansas",1,2020-07-04 16:00:00.000
798,"memorial, bags, capitol, packing, bag",1,2020-07-04 16:00:00.000
799,"students, student, india india, semester, india",13,2020-07-04 16:00:00.000
800,"malawi, zambia, rwanda, health authorities, regulations",2,2020-07-04 16:00:00.000
802,"people recovered, epidemiology, 000 people, million people, recovery rate",5,2020-07-04 16:00:00.000
808,"bitcoin, africans, africa, women, south africans",1,2020-07-04 16:00:00.000
810,"gdp, economies, economy, growth, global economy",5,2020-07-04 16:00:00.000
813,"allergies, common cold, cold flu, flu, fever",1,2020-07-04 16:00:00.000
818,"manufacture, company, israeli, abu, developed",1,2020-07-04 16:00:00.000
819,"convalescent plasma, plasma therapy, covidー19, blood plasma, plasma",51,2020-07-04 16:00:00.000
821,"buried, burial, ceremony, abba kyari, funeral",1,2020-07-04 16:00:00.000
822,"walk, 20 years, athletic, dying, old",1,2020-07-04 16:00:00.000
823,"columbia, provincial, enforce, bc, safety",1,2020-07-04 16:00:00.000
826,"capitalism, socialism, pandemics, crises, corporations",6,2020-07-04 16:00:00.000
829,"outbreak, outbreaks, bars, bar, bars restaurants",2,2020-07-04 16:00:00.000
831,"showing symptoms, symptoms, symptom, symptoms tested, mild symptoms",3,2020-07-04 16:00:00.000
834,"common cold, cold flu, cold, coronaviruses, flu season",2,2020-07-04 16:00:00.000
835,"zimbabwe, new infections, confirmed cases, total tests, 2021",3,2020-07-04 16:00:00.000
836,"covid_19_za, recovery rate, infection rate, recovery, cured",5,2020-07-04 16:00:00.000
837,"covid19uk, uk news, daily report, united kingdom, bbc news",1,2020-07-04 16:00:00.000
838,"need vaccine, vaccination, sign petition, petition, vaccine",3,2020-07-04 16:00:00.000
841,"older people, voters, older, trump, trump claims",1,2020-07-04 16:00:00.000
842,"mohfw_india, bjp4india, narendramodi pmoindia, ashokgehlot51, ministry health",1,2020-07-04 16:00:00.000
845,"protests, berlin, protest, protesting, protesters",23,2020-07-04 16:00:00.000
846,"bail, plea, accused, courts, court",5,2020-07-04 16:00:00.000
847,"colombia, latin america, venezuela, miles, peru",1,2020-07-04 16:00:00.000
851,"china virus, chinese scientists, nature, scientists created, scientist",1,2020-07-04 16:00:00.000
852,"new restrictions, restrictions lifted, restrictions place, restrictions, concern",2,2020-07-04 16:00:00.000
853,"pandemics, epidemics, covidiots, current crisis, viruses",1,2020-07-04 16:00:00.000
854,"effective vaccine, moderna vaccine, vaccine, vaccine development, vaccines",1,2020-07-04 16:00:00.000
855,"thermometer, fever, temperature, high temperature, self quarantine",1,2020-07-04 16:00:00.000
858,"orders, lockdown, order, ordered, deliveries",1,2020-07-04 16:00:00.000
859,"workforce, workplace, employee, recruitment, workplaces",3,2020-07-04 16:00:00.000
861,"disasters, state emergency, louisiana, emergency, state response",1,2020-07-04 16:00:00.000
862,"putin, russia, moscow, russian, regime",2,2020-07-04 16:00:00.000
864,"trump admin, hospitals, trump administration, funding, medical",1,2020-07-04 16:00:00.000
867,"greg, jones, pick, williams, depth",1,2020-07-04 16:00:00.000
870,"bollywood, kumar, dance, lockdown, shah",1,2020-07-04 16:00:00.000
871,"updates, daily update, wa, watch live, july 2021",3,2020-07-04 16:00:00.000
873,"cases infection, new cases, fresh cases, cases new, cases 24",1,2020-07-04 16:00:00.000
874,"asthma, respiratory, allergies, breathing, patients",3,2020-07-04 16:00:00.000
875,"ukraine, 2021 cases, new cases, positive tests, current stats",5,2020-07-04 16:00:00.000
876,"raise awareness, awareness, spread awareness, aids, prevention",3,2020-07-04 16:00:00.000
881,"rishisunak, rishi, sunak, finance minister, tax",2,2020-07-04 16:00:00.000
882,"blessings, allah, protect, blessed, pak",1,2020-07-04 16:00:00.000
884,"negligence, died, judiciary, sympathy, suffering",2,2020-07-04 16:00:00.000
885,"uk deaths, deaths uk, deaths today, deaths reported, related deaths",1,2020-07-04 16:00:00.000
886,"tour, postponed, frustrated, korean, trip",1,2020-07-04 16:00:00.000
887,"remote work, collaboration, remotely, collaborative, remote",2,2020-07-04 16:00:00.000
890,"qr, test trace, forms, trace, guidelines",2,2020-07-04 16:00:00.000
894,"april 30, cov, tomorrow, pacific, notified",3,2020-07-04 16:00:00.000
896,"tested positive, test positive, tests positive, positive test, 10 days",1,2020-07-04 16:00:00.000
899,"hospital deaths, nhs england, deaths reported, reported deaths, nhs",2,2020-07-04 16:00:00.000
900,"staying, health wellbeing, stress, anxiety, moving",1,2020-07-04 16:00:00.000
902,"trump rally, rally, rallies, trump campaign, crowded",1,2020-07-04 16:00:00.000
904,"lost jobs, job losses, workforce, employ, employment",3,2020-07-04 16:00:00.000
905,"sign petition, petition, public inquiry, minister narendra, hold public",8,2020-07-04 16:00:00.000
908,"coronavirusupdate, doctors nurses, coronavirusupdates, doctors, healthcare",2,2020-07-04 16:00:00.000
910,"india crisis, india reports, crisis india, gdp, government india",5,2020-07-04 16:00:00.000
911,"infecting, fever, life, stay home, living",5,2020-07-04 16:00:00.000
912,"cow, fight, engage, weapons, attacked",1,2020-07-04 16:00:00.000
914,"weddings, wedding, restrictions, marriage, venue",2,2020-07-04 16:00:00.000
917,"illnesses, tracker, tracking, devices, monitoring",4,2020-07-04 16:00:00.000
918,"researchers, research, studies, researcher, studied",1,2020-07-04 16:00:00.000
919,"pmoindia narendramodi, pib_india, narendramodi pmoindia, bjp4india, eduminofindia",14,2020-07-04 16:00:00.000
920,"trading, investing, canadians, stock market, gold",1,2020-07-04 16:00:00.000
921,"outbreak, outbreaks, tested positive, hospital, test positive",3,2020-07-04 16:00:00.000
922,"000 tests, million tests, tests conducted, new cases, deaths total",2,2020-07-04 16:00:00.000
923,"died complications, old woman, fatalities, complications, dying",1,2020-07-04 16:00:00.000
924,"neet jee, amitshah, jee neet, exams, examination",34,2020-07-04 16:00:00.000
926,"soap, hygiene, sanitation, shower, https",1,2020-07-04 16:00:00.000
928,"reporting, reports, situation report, september 2020, report",2,2020-07-04 16:00:00.000
929,"latest news, numbers, today update, today, latest updates",1,2020-07-04 16:00:00.000
930,"swimming, pool, wear, gyms, sport",1,2020-07-04 16:00:00.000
931,"getting tested, tested today, symptoms tested, positive test, testing today",3,2020-07-04 16:00:00.000
932,"home deaths, care homes, care home, residents died, reported deaths",1,2020-07-04 16:00:00.000
933,"stayhome staysafe, stayhome, staysafe stayhome, staysafe, stayhomestaysafe",1,2020-07-04 16:00:00.000
934,"president uhuru, uhuru kenyatta, kenya, nairobi, kenyan",3,2020-07-04 16:00:00.000
942,"wilson, chiefs, falcons, nfl, squad",2,2020-07-04 16:00:00.000
943,"christmas, holidays, december, coronavirusuk, september",1,2020-07-04 16:00:00.000
944,"cartoon, lockdown, dc, telegraph, bat",1,2020-07-04 16:00:00.000
945,"thread, life threatening, threatening, warning, bulletin",2,2020-07-04 16:00:00.000
949,"inflammation, inflammatory, immune, immune response, disease 2019",2,2020-07-04 16:00:00.000
950,"yoga, mental health, health, community health, overcome",1,2020-07-04 16:00:00.000
952,"uttar pradesh, cases reported, uttar, lucknow, 000 cases",1,2020-07-04 16:00:00.000
956,"alternative, effectiveness, treatment, pharma, sonusood",1,2020-07-04 16:00:00.000
958,"htt, secure, grant, hav, acc",1,2020-07-04 16:00:00.000
959,"tested positive, test positive, people test, tested, positive",4,2020-07-04 16:00:00.000
960,"treatment, narendramodi pmoindia, kerala, bn, minister health",1,2020-07-04 16:00:00.000
961,"investigation, governor whitmer, patients, infected, state governor",1,2020-07-04 16:00:00.000
963,"symptoms tested, showing symptoms, symptoms, symptom, stop spread",1,2020-07-04 16:00:00.000
967,"fatality rate, mortality rate, death rate, mortality, fatality",2,2020-07-04 16:00:00.000
968,"public transport, transportation, transit, passengers, risk",3,2020-07-04 16:00:00.000
969,"oyo state, cases confirmed, oyo, confirmed cases, cases recorded",1,2020-07-04 16:00:00.000
976,"covidvaccination, nagaland, cases reported, cases confirmed, cases today",4,2020-07-04 16:00:00.000
979,"tested positive, tests positive, test positive, symptoms tested, tests",2,2020-07-04 16:00:00.000
984,"symptoms tested, mild symptoms, showing symptoms, symptoms, symptom",5,2020-07-04 16:00:00.000
987,"vaccine available, vaccine developed, vaccines world, access vaccines, potential vaccine",1,2020-07-04 16:00:00.000
988,"medications, cardiovascular, heart disease, increase risk, survival",1,2020-07-04 16:00:00.000
989,"deaths reported, outbreaks, ms, number deaths, mississippi",3,2020-07-04 16:00:00.000
992,"swab, swabs, test kits, tests, screening",1,2020-07-04 16:00:00.000
994,"uk government, uk govt, pcr, westminster, uk",1,2020-07-04 16:00:00.000
995,"sinovac vaccine, vaccine approved, vaccine trial, vaccine, brazilian",2,2020-07-04 16:00:00.000
997,"party popper, party, popper, points, popular",1,2020-07-04 16:00:00.000
1000,"sneezing, nose, coughing, flu shot, allergies",5,2020-07-04 16:00:00.000
1002,"poor countries, wealth, handling crisis, income, pandemics",3,2020-07-04 16:00:00.000
1003,"deaths reported, sask, saskatchewan, cases deaths, death reported",2,2020-07-04 16:00:00.000
1004,"coronavirusoutbreak, death toll, follow updates, toll, new infections",1,2020-07-04 16:00:00.000
1006,"climate crisis, climate change, climate, green, environmental",1,2020-07-04 16:00:00.000
1013,"pharma, medications, drugs, pharmacists, needed",2,2020-07-04 16:00:00.000
1014,"risk infection, new infections, infection rates, infection, infections",2,2020-07-04 16:00:00.000
1015,"mps, mp, pay, parliament, tory",1,2020-07-04 16:00:00.000
1016,"nycmayor, nygovcuomo, nyc, wuhan, new yorkers",4,2020-07-04 16:00:00.000
1020,"fatality rate, death rate, mortality rate, fatalities, deaths",3,2020-07-04 16:00:00.000
1026,"pharmacies, pharmaceutical, pharma, pharmacy, medications",1,2020-07-04 16:00:00.000
1029,"scam, cybersecurity, fraud, scams, infecting",3,2020-07-04 16:00:00.000
1030,"cyprus, coronaviruspandemic, new cases, coronavirusupdate coronaviruspandemic, gmt coronavirusupdate",1,2020-07-04 16:00:00.000
1031,"infection rates, infection rate, southafrica, infections deaths, number infections",1,2020-07-04 16:00:00.000
1032,"orange county, new infections, oct 2020, update june, 2021",1,2020-07-04 16:00:00.000
1033,"cases infection, spoked_asterisk, maldives, infection, infections",1,2020-07-04 16:00:00.000
1034,"number deaths, death count, deaths, fatalities, 000 deaths",40,2020-07-04 16:00:00.000
1035,"sars cov, cov virus, sarscov2, focus, eye",2,2020-07-04 16:00:00.000
1040,"birthday, plans, hospit, boss, sister",1,2020-07-04 16:00:00.000
1044,"obama, trump response, presidency, trump administration, barackobama",1,2020-07-04 16:00:00.000
1046,"positivity rate, 14 days, rate, avg, 14 day",1,2020-07-04 16:00:00.000
1048,"2020, dating, dates, covid19india, date",1,2020-07-04 16:00:00.000
1049,"spanish flu, flu, old woman, anna, recover",2,2020-07-04 16:00:00.000
1050,"fda, fda approval, us_fda, fda approved, health officials",4,2020-07-04 16:00:00.000
1051,"passengers, crash, flights, airline, flight",2,2020-07-04 16:00:00.000
1052,"support india, hunger, rahul, rahul gandhi, gandhi",1,2020-07-04 16:00:00.000
1053,"print, corona virus, crisis, manufacturing, 3d",2,2020-07-04 16:00:00.000
1059,"notification, nhscovid19app, exposure, app, apps",1,2020-07-04 16:00:00.000
1062,"guns, gun, armed, shooting, shootings",1,2020-07-04 16:00:00.000
1064,"cdc says, recent study, cases increased, average daily, people age",1,2020-07-04 16:00:00.000
1065,"trigger, news new, breaking news, latest news, news",1,2020-07-04 16:00:00.000
1066,"cases india, airline, flights, airlines, travel restrictions",1,2020-07-04 16:00:00.000
1067,"covidiots, scientists, scientific, science, stop spread",1,2020-07-04 16:00:00.000
1071,"marketing, businesses, business, companies, company",1,2020-07-04 16:00:00.000
1072,"quarantined, quarantine, cases reported, people hospitalized, hospitalized",1,2020-07-04 16:00:00.000
1074,"journalism, journalist, journalists, newspaper, newspapers",1,2020-07-04 16:00:00.000
1075,"tune, music, african, fm, tracks",2,2020-07-04 16:00:00.000
1076,"lied, lying, lie, lies, live",1,2020-07-04 16:00:00.000
1079,"getting vaccine, vaccine, people vaccine, vaccine available, vaccine hesitancy",2,2020-07-04 16:00:00.000
1085,"honour, law, international, lawyer, lawyers",1,2020-07-04 16:00:00.000
1089,"coronavirusoutbreak, saudi, saudi arabia, number deaths, deaths 24",1,2020-07-04 16:00:00.000
1091,"purchase, concluded, commission, phase trial, preliminary",1,2020-07-04 16:00:00.000
1092,"new data, 2021 06, 2021, 2020, 13 new",2,2020-07-04 16:00:00.000
1093,"year 2020, 2020, crying face, year, crying",7,2020-07-04 16:00:00.000
1096,"government response, government officials, governance, government, authorities",4,2020-07-04 16:00:00.000
1097,"smiling_face_with_heart eyes, smiling_face_with_heart, smiling face, face smiling, smiling eyes",2,2020-07-04 16:00:00.000
1099,"labrador, dog, pet, infect, dogs",1,2020-07-04 16:00:00.000
1100,"migrant workers, migrants, migrant, refugees, immigrants",6,2020-07-04 16:00:00.000
1103,"hurricane, storm, stay safe, warnings, gulf",2,2020-07-04 16:00:00.000
1105,"hydroxychloroquine, epidemiology, covidー19, doctors, drug",1,2020-07-04 16:00:00.000
1108,"expired, pharmaceutical, pharmacies, pharmacy, products",1,2020-07-04 16:00:00.000
1111,"daily report, positive reported, england, new cases, essex",1,2020-07-04 16:00:00.000
1112,"petitions, billgates, life, petition, culture",1,2020-07-04 16:00:00.000
1113,"bank holiday, buses, bus, sunday, august",1,2020-07-04 16:00:00.000
1115,"burnout, healthcare workers, care workers, hospital, healthcare",2,2020-07-04 16:00:00.000
1116,"travel restrictions, international travel, restrictions, trudeau, canadians",1,2020-07-04 16:00:00.000
1118,"risk dying, mortality, risk death, death rates, people age",2,2020-07-04 16:00:00.000
1120,"survey, western, region, kindly, seeking",1,2020-07-04 16:00:00.000
1123,"egypt, million vaccines, deaths today, spread virus, fatalities",2,2020-07-04 16:00:00.000
1125,"fear, compassion, scared, humanity, feared",2,2020-07-04 16:00:00.000
1126,"covid19india, aftermath, consequences, proposal, laboratory",1,2020-07-04 16:00:00.000
1130,"rudy, white house, campaigning, trump campaign, trump",1,2020-07-04 16:00:00.000
1131,"number infections, 000 cases, reported cases, 2021 cases, total deaths",4,2020-07-04 16:00:00.000
1132,"petition, sign petition, petitions, just signed, signing",1,2020-07-04 16:00:00.000
1136,"biohazard, coronavirusuk, deaths, funeral, buried",2,2020-07-04 16:00:00.000
1138,"nurses, nurse, filipino, filipinos, philippine",1,2020-07-04 16:00:00.000
1139,"coronavirusupdate, coronavirusupdate coronaviruspandemic, coronaviruspandemic, gmt coronavirusupdate, virus spread",1,2020-07-04 16:00:00.000
1143,"mailonline, daily cases, million cases, 000 cases, day average",1,2020-07-04 16:00:00.000
1144,"related deaths, burial, bury, grave, buried",1,2020-07-04 16:00:00.000
1146,"coronaviruses, effective vaccine, corona virus, vaccine new, vaccines",1,2020-07-04 16:00:00.000
1148,"school closures, schools, schools open, education, educate",1,2020-07-04 16:00:00.000
1150,"updates, provide update, daily update, today update, update june",2,2020-07-04 16:00:00.000
1152,"fitness, exercise, gym, routine, yoga",5,2020-07-04 16:00:00.000
1154,"updates, headlines, apple, august, announcement",1,2020-07-04 16:00:00.000
1157,"refugees, humanitarian, covid1, refugee, rohingya",1,2020-07-04 16:00:00.000
1161,"coronaviruspandemic, test positive, venezuela, global health, quarantine",3,2020-07-04 16:00:00.000
1162,"albertans, alberta, poverty, saskatchewan, ontario",1,2020-07-04 16:00:00.000
1166,"kenyatta, kenya, moh_kenya, nairobi, kenyan",2,2020-07-04 16:00:00.000
1167,"bee, viral, infected, covi, sars cov",1,2020-07-04 16:00:00.000
1173,"youtube, msnbc, president trump, president donald, trump",1,2020-07-04 16:00:00.000
1174,"indiafightscorona, recovered patients, cases reported, reported cases, recovery",2,2020-07-04 16:00:00.000
1175,"assam, uttar pradesh, pradesh, pune, 000 cases",2,2020-07-04 16:00:00.000
1179,"entrepreneurs, entrepreneur, crises, crisis, small business",1,2020-07-04 16:00:00.000
1180,"prison, media, release, children, women",1,2020-07-04 16:00:00.000
1181,"virus, puerto, hurricane, tourism, unvaccinated people",1,2020-07-04 16:00:00.000
1184,"covid19uk, covid19india, efforts, war, attention",1,2020-07-04 16:00:00.000
1189,"blasio, nycmayor, brooklyn, staff, nyc",2,2020-07-04 16:00:00.000
1191,"madrid, players tested, squad, tested positive, tests",1,2020-07-04 16:00:00.000
1192,"lung, lungs, pneumonia, chest, clinical",2,2020-07-04 16:00:00.000
1196,"effective vaccine, vaccine, vaccine development, develop vaccine, mrna vaccine",2,2020-07-04 16:00:00.000
1199,"biden, president biden, polls, joe biden, polling",4,2020-07-04 16:00:00.000
1200,"communication, ministers, minister, technology, information",1,2020-07-04 16:00:00.000
1201,"tested positive, speedy recovery, testing positive, tests positive, recovery",6,2020-07-04 16:00:00.000
1202,"kerala, app, privacy, namo app, mobile",1,2020-07-04 16:00:00.000
1203,"inflation, demand, economic crisis, economy, markets",1,2020-07-04 16:00:00.000
1204,"infected, virus, infection, spread virus, 14 days",1,2020-07-04 16:00:00.000
1206,"thalapathy65, red heartred, support, red heart, heart staysafe",1,2020-07-04 16:00:00.000
1212,"audit, auditor, investigations, corruption, corrupt",2,2020-07-04 16:00:00.000
1215,"bengal, west bengal, banerjee, indiafightscorona, bjp",2,2020-07-04 16:00:00.000
1216,"rally, tested positive, infections, protestors, colorado",8,2020-07-04 16:00:00.000
1217,"health insurance, insurance, insurers, medicare, medicaid",2,2020-07-04 16:00:00.000
1218,"covidindia, andhra, andhra pradesh, infection rate, andhrapradesh",1,2020-07-04 16:00:00.000
1220,"cooper, restrictions, lift restrictions, nc, vaccine available",2,2020-07-04 16:00:00.000
1223,"deaths reported, related deaths, cases deaths, virginia, deaths related",1,2020-07-04 16:00:00.000
1224,"self quarantine, quarantine, quarantined, travellers, scotland",2,2020-07-04 16:00:00.000
1226,"kogi, salaries, state govt, govt, state government",1,2020-07-04 16:00:00.000
1227,"patients, training, new study, diseases, disease",1,2020-07-04 16:00:00.000
1228,"digital transformation, digital, tech, industry, increasingly",3,2020-07-04 16:00:00.000
1232,"iowa, highest, indiana, illinois, arkansas",1,2020-07-04 16:00:00.000
1235,"list, 12, 11, staysafe, congress",1,2020-07-04 16:00:00.000
1240,"celliottability, public health, responses, sciences, institutions",1,2020-07-04 16:00:00.000
1241,"cbn, philippine, rice, amid crisis, kano",1,2020-07-04 16:00:00.000
1245,"new vaccine, vaccine new, kenya, vaccine, kenyans",3,2020-07-04 16:00:00.000
1246,"doh reports, new deaths, deaths, fatalities, total number",4,2020-07-04 16:00:00.000
1257,"tested positive, testing positive, positive test, tested today, showing symptoms",3,2020-07-04 16:00:00.000
1260,"fear, anxiety, cas, netherlands, panic",1,2020-07-04 16:00:00.000
1261,"safety, health safety, precautions, help protect, safer",2,2020-07-04 16:00:00.000
1266,"camera flash, melbourne, flash, camera, sunset",2,2020-07-04 16:00:00.000
1270,"deaths recorded, number deaths, deaths reported, new deaths, deaths",1,2020-07-04 16:00:00.000
1273,"corona virus, covidー19, disease 2019, infectious disease, infectious",3,2020-07-04 16:00:00.000
1277,"flights, flight, immigration, migrants, immigrants",1,2020-07-04 16:00:00.000
1283,"colorado, denver, nebraska, agreed, cdc says",1,2020-07-04 16:00:00.000
1284,"flights, flight, passengers, calgary, airports",7,2020-07-04 16:00:00.000
1285,"cardiac, heart disease, cardiovascular, hearts, heart",1,2020-07-04 16:00:00.000
1288,"russian, worldbank, sanctions, world bank, uk news",3,2020-07-04 16:00:00.000
1290,"talent, actor, actress, birth, 25",1,2020-07-04 16:00:00.000
1292,"lawsuits, legislation, bills, senate, insurers",2,2020-07-04 16:00:00.000
1294,"contact, message, registered, sending, request",3,2020-07-04 16:00:00.000
1295,"vp, address, vice, vice president, assistance",1,2020-07-04 16:00:00.000
1296,"humanitarian, crises, pandemics, covidsecondwave, cooperation",3,2020-07-04 16:00:00.000
1298,"debt, owe, owing, payments, financing",2,2020-07-04 16:00:00.000
1299,"flu deaths, influenza, flu, flu season, seasonal flu",1,2020-07-04 16:00:00.000
1301,"american, americans, 000 americans, million americans, america",1,2020-07-04 16:00:00.000
1305,"income, liberals, benefits, liberal, basic",1,2020-07-04 16:00:00.000
1310,"riots, crisis, data, race, spanish flu",1,2020-07-04 16:00:00.000
1312,"volume, high volume, medium, sta, focus",1,2020-07-04 16:00:00.000
1313,"infections, viral, gut, diseases, treat",2,2020-07-04 16:00:00.000
1314,"melania trump, melania, president donald, donald, president trump",2,2020-07-04 16:00:00.000
1317,"speedy recovery, recovery, recovering, recover, corona virus",1,2020-07-04 16:00:00.000
1320,"jumped, hospital, demise, death, death reported",2,2020-07-04 16:00:00.000
1321,"new cases, cases rising, increase cases, case numbers, cases increasing",1,2020-07-04 16:00:00.000
1322,"amazon, books, new book, book, affordable",1,2020-07-04 16:00:00.000
1325,"chairs, white house, chair, 000 americans, number",1,2020-07-04 16:00:00.000
1326,"epidemic, cases wednesday, alabama, cases today, reported deaths",2,2020-07-04 16:00:00.000
1329,"nowplaying, musical, staysafe, listen, playing",7,2020-07-04 16:00:00.000
1330,"vaccination, vaccine, vaccinated, vaccinations, people vaccinated",1,2020-07-04 16:00:00.000
1331,"toilet, public, ban, people going, shortage",4,2020-07-04 16:00:00.000
1332,"migrants, world bank, tourism, worldbank, economic impact",1,2020-07-04 16:00:00.000
1333,"drtedros, stay home, postpone, trump told, today",2,2020-07-04 16:00:00.000
1335,"civic, duty, citizens, govern, responsibility",1,2020-07-04 16:00:00.000
1337,"cold flu, common cold, flu, symptoms, symptoms tested",2,2020-07-04 16:00:00.000
1339,"reopening plan, reopening, reopens, reopen, whitmer",2,2020-07-04 16:00:00.000
1341,"hearts, win, heartred heartred, heartred heart, heartred",1,2020-07-04 16:00:00.000
1345,"interns, employers, training, applying, colleges",2,2020-07-04 16:00:00.000
1348,"donate plasma, blood plasma, vaccine, vaccine new, covidー19",8,2020-07-04 16:00:00.000
1349,"cambodia, workers, vietnam, factories, thailand",1,2020-07-04 16:00:00.000
1352,"students, situation india, student, bjp, covidー19",5,2020-07-04 16:00:00.000
1353,"cabinet, crisis, costs, tory, costing",1,2020-07-04 16:00:00.000
1357,"critics, criticised, criticism, lazy, politics",1,2020-07-04 16:00:00.000
1359,"sri lanka, lanka, tested positive, uae, testing positive",1,2020-07-04 16:00:00.000
1360,"wear masks, wearing masks, indonesia, masks, face masks",2,2020-07-04 16:00:00.000
1361,"unemployment, unemployed, wave india, employment, bihar",5,2020-07-04 16:00:00.000
1364,"covidiots, covidー19, wearamask, vaccinate, getvaccinated",1,2020-07-04 16:00:00.000
1365,"disease 2019, blue circle, blue states, reinfection, blue",1,2020-07-04 16:00:00.000
1366,"cov, argentina, good luck, launch, colombia",1,2020-07-04 16:00:00.000
1375,"graphs, graph, chart, charts, cov",1,2020-07-04 16:00:00.000
1378,"seasonal flu, influenza, flu season, flu, flu vaccine",2,2020-07-04 16:00:00.000
1379,"covidiots, infection, doctors nurses, nurses, health care",1,2020-07-04 16:00:00.000
1382,"kerala, india response, projects, karnataka, 100 days",1,2020-07-04 16:00:00.000
1387,"tested positive, test positive, tests positive, state health, missouri",1,2020-07-04 16:00:00.000
1400,"rbi, banking, banks, bank, rates",2,2020-07-04 16:00:00.000
1404,"standards, standard, private sector, new normal, light",2,2020-07-04 16:00:00.000
1405,"minnesota, mn, emergency, phase, long",1,2020-07-04 16:00:00.000
1406,"epidemic, outdoors, weather, outside, climate",1,2020-07-04 16:00:00.000
1410,"vaccine rollout, vaccine ready, vaccinations, vaccination, vaccine distribution",1,2020-07-04 16:00:00.000
1414,"users, changed, affecting, people, narendramodi",1,2020-07-04 16:00:00.000
1419,"people infected, world population, million people, world health, population",2,2020-07-04 16:00:00.000
1424,"tickets, ticket, june 2021, stadium, rescheduled",4,2020-07-04 16:00:00.000
1425,"weight, eating, lose, fat, loss",1,2020-07-04 16:00:00.000
1428,"tested positive, quarantine, testing positive, tests positive, test positive",1,2020-07-04 16:00:00.000
1429,"stress, mental health, anxiety, depression, crisis",1,2020-07-04 16:00:00.000
1430,"hysteria, florida, fl, hospitalized, wife",10,2020-07-04 16:00:00.000
1436,"kamala harris, kamala, trump diagnosis, harris, trump response",1,2020-07-04 16:00:00.000
1437,"stimulus package, socialism, gop, stimulus, social security",1,2020-07-04 16:00:00.000
1438,"odds, super spreader, spreader, spreaders, event",1,2020-07-04 16:00:00.000
1441,"finland, european union, europe, eu, digital",2,2020-07-04 16:00:00.000
1444,"stadium, fans, clubs, venues, teams",1,2020-07-04 16:00:00.000
1445,"coronavirusupdates, cases india, india, indiafightscorona round, 2021",3,2020-07-04 16:00:00.000
1447,"cancel, drrpnishank, plea, cbse, closing",1,2020-07-04 16:00:00.000
1448,"coronaviruspandemic, coronavirusupdate coronaviruspandemic, coronavirusupdates, coronavirusupdate, gmt coronavirusupdate",1,2020-07-04 16:00:00.000
1452,"face sweat, face, infectious, sweat, cnn",1,2020-07-04 16:00:00.000
1453,"deaths yesterday, livelihoods, dems, spain, election",3,2020-07-04 16:00:00.000
1454,"nasal, respiratory, nose, airways, infection",1,2020-07-04 16:00:00.000
1456,"elections, election, voting, political, politicians",2,2020-07-04 16:00:00.000
1457,"vitamin, zinc, cure, immune, treatment",2,2020-07-04 16:00:00.000
1459,"tests, 000 tests, test kits, testing, nhs",1,2020-07-04 16:00:00.000
1465,"holocaust, genocide, discrimination, jews, false",1,2020-07-04 16:00:00.000
1472,"caribbean, trinidad, islands, island, african countries",2,2020-07-04 16:00:00.000
1473,"unions, union, fired, workers need, labour",1,2020-07-04 16:00:00.000
1476,"cash, payments, payment, banking, bank",1,2020-07-04 16:00:00.000
1479,"qanon, increasingly, cdc quietly, conspiracy theorists, conspiracy theory",4,2020-07-04 16:00:00.000
1480,"india news, spread india, tablighi jamaat, tablighi, propaganda",13,2020-07-04 16:00:00.000
1485,"death rate, fatality rate, people age, deaths, people dying",2,2020-07-04 16:00:00.000
1489,"relationships, relationship, dating, lockdown, love",1,2020-07-04 16:00:00.000
1490,"stayhome, video, new video, calling, movie",1,2020-07-04 16:00:00.000
1492,"census, register, population, npr, national",1,2020-07-04 16:00:00.000
1494,"vaccine available, access vaccines, global vaccine, potential vaccine, vaccine",2,2020-07-04 16:00:00.000
1496,"ca, los angeles, san diego, angeles, california",1,2020-07-04 16:00:00.000
1498,"cases deaths, caribbean, death, recorded, cases saturday",1,2020-07-04 16:00:00.000
1500,"arkansas, ar, outbreak, infected people, provides update",1,2020-07-04 16:00:00.000
1501,"corruption, data, recovery, analytics, challenges",1,2020-07-04 16:00:00.000
1502,"postal, deliveries, mail, delivering, coronav",14,2020-07-04 16:00:00.000
1503,"purple heart, heartred, heartblue, red heart, heart",1,2020-07-04 16:00:00.000
1504,"deadliest, august, california, deaths, 000 deaths",2,2020-07-04 16:00:00.000
1508,"vaccine, vaccines, conspiracies, vaccination, vaccinations",1,2020-07-04 16:00:00.000
1509,"new infections, infections, infection, north dakota, south dakota",1,2020-07-04 16:00:00.000
1510,"related death, deaths, corona virus, death, disease 2019",4,2020-07-04 16:00:00.000
1512,"coronavirusupdates, april 2021, 2021, june 2021, 2020",1,2020-07-04 16:00:00.000
1513,"prison, trump campaign, 11th, flynn, trump",1,2020-07-04 16:00:00.000
1514,"port, ports, nc, delays, delay",1,2020-07-04 16:00:00.000
1524,"cases india, india reports, corona, corona spread, cases today",3,2020-07-04 16:00:00.000
1526,"officers, police officers, deaths, officer, police officer",2,2020-07-04 16:00:00.000
1527,"critically ill, hospitalised, longcovid, patients hospitalized, patients",1,2020-07-04 16:00:00.000
1530,"retail, retailers, shop, commerce, shopping",2,2020-07-04 16:00:00.000
1533,"climate change, climate, pandemics, humanity, environmental",1,2020-07-04 16:00:00.000
1538,"taxi, passenger, industry, conversation, mps",2,2020-07-04 16:00:00.000
1541,"cov, infectious disease, infectious, diseases, disease",1,2020-07-04 16:00:00.000
1543,"cremation, funeral, people died, soldiers, victims",1,2020-07-04 16:00:00.000
1548,"risk dying, hiv, risk death, getting infected, mortality",1,2020-07-04 16:00:00.000
1554,"trump, lincoln, president trump, donald, donald trump",1,2020-07-04 16:00:00.000
1555,"sustainability, sustainable, environmental, environment, emerging",2,2020-07-04 16:00:00.000
1558,"als, cure, treatments, diagnosed, treatment",1,2020-07-04 16:00:00.000
1560,"million vaccine, global vaccine, vaccine trials, access vaccines, funding",1,2020-07-04 16:00:00.000
1561,"warnings, registration, advisory, gupta, register",2,2020-07-04 16:00:00.000
1563,"death toll, million deaths, 000 deaths, people dying, year 2020",1,2020-07-04 16:00:00.000
1569,"layoffs, job losses, firms, contracts, companies",1,2020-07-04 16:00:00.000
1574,"travel, trips, recover, crisis, visit",1,2020-07-04 16:00:00.000
1576,"covid19uk, suspend, wales, national lockdown, lockdown restrictions",1,2020-07-04 16:00:00.000
1588,"mobile, calls, connection, whatsapp, service",4,2020-07-04 16:00:00.000
-1,"president trump, gop, flu, tested positive, trump",52629,2020-08-21 00:00:00.000
0,"schools reopen, school closures, classrooms, schools closed, schools open",3199,2020-08-21 00:00:00.000
1,"wearing masks, wear masks, wear mask, wearing mask, mask wearing",2171,2020-08-21 00:00:00.000
2,"china virus, chinese virus, communist china, chinese communist, chinese government",412,2020-08-21 00:00:00.000
3,"india fight, india response, india crisis, help india, crisis india",216,2020-08-21 00:00:00.000
4,"president realdonaldtrump, realdonaldtrump, realdonaldtrump trump, donaldtrump, trumpvirus",1309,2020-08-21 00:00:00.000
5,"food insecurity, food security, hunger, food supply, eating",550,2020-08-21 00:00:00.000
6,"church, churches, prayer, pastor, prayers",539,2020-08-21 00:00:00.000
7,"boris johnson, minister boris, pm boris, boris, covid19uk",660,2020-08-21 00:00:00.000
8,"black lives, racial, minorities, black people, blacks",351,2020-08-21 00:00:00.000
9,"vaccine developed, vaccine safe, new vaccine, effective vaccine, vaccine available",207,2020-08-21 00:00:00.000
10,"domestic violence, gender, victims, violence, men women",451,2020-08-21 00:00:00.000
11,"covid19sa, south_africa, south africa, africa, south african",274,2020-08-21 00:00:00.000
12,"vaccine india, vaccine doses, vaccine update, vaccine distribution, potential vaccine",66,2020-08-21 00:00:00.000
13,"imran khan, pak, pakistani, pakistan, islamabad",276,2020-08-21 00:00:00.000
14,"lockdown, lockdowns, lockdown lockdown, lockdown extended, end lockdown",404,2020-08-21 00:00:00.000
15,"dr fauci, fauci said, anthony fauci, fauci says, fauci",245,2020-08-21 00:00:00.000
16,"nigeria, lagos, niger, nigerian, nigerians",255,2020-08-21 00:00:00.000
17,"backhand_index_pointing_down_medium light_skin_tone, skin tone, folded_hands_medium dark_skin_tone, folded_hands_medium light_skin_tone, dark_skin_tone",314,2020-08-21 00:00:00.000
18,"eviction, evictions, landlords, landlord, tenants",341,2020-08-21 00:00:00.000
19,"infected, severe illness, flu, young children, spread virus",250,2020-08-21 00:00:00.000
20,"melbourne, auspol, sydney, queensland, victoria",296,2020-08-21 00:00:00.000
21,"covid19uk, lockdowns, national lockdown, lockdown, lockdown restrictions",264,2020-08-21 00:00:00.000
22,"florida governor, florida, florida department, fl, floridians",359,2020-08-21 00:00:00.000
23,"northern ireland, ireland, irish, dublin, related deaths",417,2020-08-21 00:00:00.000
24,"trump diagnosis, diagnosed, diagnosis, fever, trump told",658,2020-08-21 00:00:00.000
25,"coronaviruses, corona virus, prevent spread, help prevent, prevent",353,2020-08-21 00:00:00.000
26,"free testing, free tests, testing available, testing centre, testing today",302,2020-08-21 00:00:00.000
27,"protests, protest, protesters, protesting, riots",310,2020-08-21 00:00:00.000
28,"hydroxychloroquine, chloroquine, malaria drug, malaria, patients treated",119,2020-08-21 00:00:00.000
29,"exams, examinations, exam, examination, postponement",119,2020-08-21 00:00:00.000
30,"japan, japanese, free vaccination, tokyo, vaccine trial",105,2020-08-21 00:00:00.000
31,"juliahb1, allisonpearson, keir_starmer, sent, fatemperor",236,2020-08-21 00:00:00.000
32,"delta, delta variant, airlines, minnesota, deltavariant",17,2020-08-21 00:00:00.000
33,"fundraising, fundraiser, charity, donations, charities",115,2020-08-21 00:00:00.000
34,"prisons, inmates, inmate, prison, incarcerated",129,2020-08-21 00:00:00.000
35,"sars cov, sarscov2, cov virus, sars, cov",208,2020-08-21 00:00:00.000
36,"covid19uk, covidiots, coronavirusuk, meng, li meng",221,2020-08-21 00:00:00.000
37,"vaccine clinic, vaccination clinic, vaccine clinics, vaccine appointment, vaccination clinics",9,2020-08-21 00:00:00.000
38,"second wave, 2nd wave, new wave, 3rd wave, wave",199,2020-08-21 00:00:00.000
39,"latest updates, updates, today update, provides update, latest update",165,2020-08-21 00:00:00.000
40,"remdesivir, antiviral drug, antiviral, ebola, treatments",179,2020-08-21 00:00:00.000
41,"oxygen cylinder, oxygen, oxygen cylinders, oxygen concentrators, breathe",19,2020-08-21 00:00:00.000
42,"iranian, iran, oct 2020, october 2020, september 2020",214,2020-08-21 00:00:00.000
43,"el paso, paso, people hospitalized, hospitalized, cases hospitalizations",136,2020-08-21 00:00:00.000
44,"uae, dubai, qatar, coronaviruspandemic, coronavirusupdate",177,2020-08-21 00:00:00.000
45,"number infections, cases today, cases reported, cases wednesday, new cases",169,2020-08-21 00:00:00.000
46,"restaurant, restaurants, dining, bars restaurants, restaurants bars",223,2020-08-21 00:00:00.000
47,"global vaccine, sinovac vaccine, vaccines world, sinopharm vaccine, access vaccines",106,2020-08-21 00:00:00.000
48,"000 deaths, million deaths, number deaths, total deaths, deaths million",202,2020-08-21 00:00:00.000
49,"andrew cuomo, gov cuomo, governor cuomo, cuomo says, cuomo",134,2020-08-21 00:00:00.000
50,"reopening plan, reopening, reopens, reopen, reopened",65,2020-08-21 00:00:00.000
51,"sabah, malaysia, malaysian, selangor, asean",183,2020-08-21 00:00:00.000
52,"astrazeneca vaccine, vaccine trials, astrazeneca vaccines, vaccine trial, vaccine developed",96,2020-08-21 00:00:00.000
53,"sweden, swedish, norway, finland, denmark",233,2020-08-21 00:00:00.000
54,"nursing homes, nursing home, home deaths, patients nursing, residents died",101,2020-08-21 00:00:00.000
55,"car light, car lightpolice, lightpolice car, police car, lightpolice",167,2020-08-21 00:00:00.000
56,"gaza, israeli, israel, palestine, palestinian",159,2020-08-21 00:00:00.000
57,"herd immunity, immunity, immune, herd, infectious",251,2020-08-21 00:00:00.000
58,"pandemics, epidemic, politico, infodemic, contagion",138,2020-08-21 00:00:00.000
59,"airline, airlines, air travel, flights, aviation",213,2020-08-21 00:00:00.000
60,"patent, patents, intellectual property, coronavir, wto",34,2020-08-21 00:00:00.000
61,"new podcast, podcast, channel, audio, new episode",125,2020-08-21 00:00:00.000
62,"antiviral drug, clinical trials, antiviral, clinical trial, treatments",118,2020-08-21 00:00:00.000
63,"crore, crores, help india, relief fund, finance minister",23,2020-08-21 00:00:00.000
64,"new normal, normalcy, normal, humanity, disastrous",108,2020-08-21 00:00:00.000
65,"global economy, economic crisis, economic recovery, economic impact, economy",151,2020-08-21 00:00:00.000
66,"france, french, paris, europe, new infections",173,2020-08-21 00:00:00.000
67,"tested positive, trump tested, testing positive, tests positive, test positive",317,2020-08-21 00:00:00.000
68,"mental illness, mental health, mentalhealth, illness, health crisis",125,2020-08-21 00:00:00.000
69,"hospital admissions, patients admitted, people hospitalized, patients hospitalized, hospitalizations",173,2020-08-21 00:00:00.000
70,"ivermectin, influenza, sars cov, flu, viruses",22,2020-08-21 00:00:00.000
71,"singapore, cases infection, new infections, hongkong, virus spread",88,2020-08-21 00:00:00.000
72,"demise, died today, passed away, saddened, passes away",76,2020-08-21 00:00:00.000
73,"uganda, ugandans, genocide, medics, refugee",35,2020-08-21 00:00:00.000
74,"myocarditis, heart inflammation, heart problems, cardiac, patients",6,2020-08-21 00:00:00.000
75,"small businesses, businesses, small business, local businesses, business",120,2020-08-21 00:00:00.000
76,"viral, investigation origins, researchers, scientists, new evidence",36,2020-08-21 00:00:00.000
77,"trump biden, joe biden, president biden, biden says, biden",238,2020-08-21 00:00:00.000
78,"handwashing, hand washing, wash hands, washing hands, hand sanitizer",143,2020-08-21 00:00:00.000
79,"vitamin, serum, immune, immune response, deficiency",169,2020-08-21 00:00:00.000
80,"ny, new yorkers, york, nyc, new york",117,2020-08-21 00:00:00.000
81,"pregnant women, disease 2019, pregnant, pregnancy, symptoms",105,2020-08-21 00:00:00.000
82,"ai, artificial intelligence, artificialintelligence, intelligence, artificial",93,2020-08-21 00:00:00.000
83,"smoking, tobacco, smokers, covid19uk, smoke",44,2020-08-21 00:00:00.000
84,"trudeau, justin trudeau, justintrudeau, canadians, canadian",105,2020-08-21 00:00:00.000
85,"webinar, free webinar, webinars, webinar series, join webinar",79,2020-08-21 00:00:00.000
86,"cases deaths, deaths reported, additional deaths, related deaths, deaths today",103,2020-08-21 00:00:00.000
87,"ventilators, ventilator, ventilated, ventilation, respiratory",58,2020-08-21 00:00:00.000
88,"global vaccine, vaccination campaign, anti vaxxers, vaccine, people vaccine",86,2020-08-21 00:00:00.000
89,"italy, italian, european countries, europe, milan",112,2020-08-21 00:00:00.000
90,"music, musicians, musical, songs, singing",91,2020-08-21 00:00:00.000
91,"grants, grant, relief fund, response fund, funding",118,2020-08-21 00:00:00.000
92,"kim jong, north korea, jong, korea, kim",108,2020-08-21 00:00:00.000
93,"case counts, case count, 000 cases, cases reported, total cases",152,2020-08-21 00:00:00.000
94,"vote mail, ballots, ballot, voting, voter",169,2020-08-21 00:00:00.000
95,"nhs staff, nhs, covid19uk, nhs england, health england",96,2020-08-21 00:00:00.000
96,"downbackhand index, backhand index, index pointing, pointing downbackhand, downbackhand",119,2020-08-21 00:00:00.000
97,"mitch mcconnell, mcconnell, senator, mitch, senate",208,2020-08-21 00:00:00.000
98,"european union, brussels, european_union, european countries, europe",94,2020-08-21 00:00:00.000
99,"older people, elderly, people age, older adults, aging",122,2020-08-21 00:00:00.000
100,"tested negative, tests negative, test negative, tested positive, negative test",127,2020-08-21 00:00:00.000
101,"india reports, deaths india, india cases, india records, cases india",80,2020-08-21 00:00:00.000
102,"quarantine, quarantined, self quarantine, quarantining, national security",95,2020-08-21 00:00:00.000
103,"interesting, fascinating, read story, read, surprising",79,2020-08-21 00:00:00.000
104,"antibody, antibody cocktail, antibodies, treatments, coronaviruses",106,2020-08-21 00:00:00.000
105,"coronaviruspandemic, corona virus, coronavirusupdate coronaviruspandemic, coronavirusoutbreak, gmt coronavirusupdate",100,2020-08-21 00:00:00.000
106,"alcohol, drinking, drink, beverage, liquor",76,2020-08-21 00:00:00.000
107,"new zealand, nz, zealand, deaths uk, united kingdom",91,2020-08-21 00:00:00.000
108,"arizona, az, cases deaths, phoenix, state health",78,2020-08-21 00:00:00.000
109,"pcr tests, pcr test, pcr testing, pcr, rt pcr",91,2020-08-21 00:00:00.000
110,"vaccine free, health canada, vaccines, vaccination rate, vaccine",24,2020-08-21 00:00:00.000
111,"social distancing, socialdistancing, covidiots, distancing, social distance",76,2020-08-21 00:00:00.000
112,"smiling_face_with_heart, smiling_face_with_heart eyes, face hearts, hearts, heartblue",118,2020-08-21 00:00:00.000
113,"outbreak, meat, outbreaks, meatpacking, poultry",45,2020-08-21 00:00:00.000
114,"nancy pelosi, pelosi, nancy, bipartisan, stimulus package",179,2020-08-21 00:00:00.000
115,"death rate, death rates, 000 deaths, million deaths, number deaths",141,2020-08-21 00:00:00.000
116,"stay safe, precautions, safe stay, help protect, help prevent",84,2020-08-21 00:00:00.000
117,"tested positive, tests positive, testing positive, test positive, positive virus",95,2020-08-21 00:00:00.000
118,"antibody tests, antibody test, antibody testing, antigen test, antibody",49,2020-08-21 00:00:00.000
119,"viruses, spread virus, virus, virus spread, smallpox",96,2020-08-21 00:00:00.000
120,"wisconsin, wi, milwaukee, cases deaths, state reported",193,2020-08-21 00:00:00.000
121,"turkey, turkish, plague, vaccine trials, health minister",79,2020-08-21 00:00:00.000
122,"thailand, thai, cambodia, deaths today, disease 2019",53,2020-08-21 00:00:00.000
123,"art, artists, arts, artist, painting",84,2020-08-21 00:00:00.000
124,"theaters, cinema, theater, theatre, movies",107,2020-08-21 00:00:00.000
125,"cases reported, cases wednesday, cases announced, cases today, state reported",71,2020-08-21 00:00:00.000
126,"mutations, mutation, variant detected, indian variant, mutant",3,2020-08-21 00:00:00.000
127,"pelosi, nancy pelosi, salon, nancy, hair",65,2020-08-21 00:00:00.000
128,"ontario reporting, ontario reports, cases ontario, breaking ontario, ontario",124,2020-08-21 00:00:00.000
129,"cuba, cuban, health workers, caribbean, volunteered",57,2020-08-21 00:00:00.000
130,"trump pence, pence, mike pence, tested positive, tested negative",160,2020-08-21 00:00:00.000
131,"press briefing, briefing, briefings, press conference, government announced",69,2020-08-21 00:00:00.000
132,"scottish government, scottish, scotland, uk government, glasgow",91,2020-08-21 00:00:00.000
133,"exclamation mark, double exclamation, exclamation, red exclamation, question mark",95,2020-08-21 00:00:00.000
134,"tourism, tourism industry, tourists, tourist, travel",107,2020-08-21 00:00:00.000
135,"loudspeaker, speaker, speakers, sound, high volume",97,2020-08-21 00:00:00.000
136,"airborne transmission, airborne spread, virus spread, spread virus, coronavirusupdates",111,2020-08-21 00:00:00.000
137,"georgia, ga, atlanta, tennessee, county",49,2020-08-21 00:00:00.000
138,"rapid tests, rapid testing, rapid test, mass testing, new testing",92,2020-08-21 00:00:00.000
139,"frontline workers, healthcare workers, health workers, care workers, hospital staff",27,2020-08-21 00:00:00.000
140,"nfl, falcons, bills, football game, bears",139,2020-08-21 00:00:00.000
141,"tested positive, testing positive, tests positive, test positive, ronaldo",238,2020-08-21 00:00:00.000
142,"cruise ship, cruise, ships, ship, coast",48,2020-08-21 00:00:00.000
143,"contact tracing, contact tracers, tracing, tracing app, contact",70,2020-08-21 00:00:00.000
144,"people disabilities, disabled people, disability, disabilities, disabled",61,2020-08-21 00:00:00.000
145,"scientists, scientist, scientific, scientific evidence, science",91,2020-08-21 00:00:00.000
146,"dominic cummings, cummings, dominic, scandal, resignation",17,2020-08-21 00:00:00.000
147,"000 americans, americans dying, americans die, million americans, americans died",126,2020-08-21 00:00:00.000
148,"madagascar, malaria, world health, cure, treatment",5,2020-08-21 00:00:00.000
149,"tested positive, testing positive, test positive, tests positive, positive tests",90,2020-08-21 00:00:00.000
150,"flu deaths, flu season, influenza, related deaths, flu",99,2020-08-21 00:00:00.000
151,"sporting, sports, athletes, athletics, athletic",88,2020-08-21 00:00:00.000
152,"nepal, india cases, new infections, related deaths, infection",39,2020-08-21 00:00:00.000
153,"hong kong, hongkong, hong, kong, beijing",62,2020-08-21 00:00:00.000
154,"unemployment, unemployed, recession, employment, wages",61,2020-08-21 00:00:00.000
155,"titans, nfl, pittsburgh, postponed, patriots",256,2020-08-21 00:00:00.000
156,"derasachasauda, people infected, epidemic, dera, volunteers",6,2020-08-21 00:00:00.000
157,"climate crisis, climate change, climatechange, climate, mitigation",81,2020-08-21 00:00:00.000
158,"pfizer vaccine, vaccine pfizer, vaccine children, vaccine available, vaccine trial",4,2020-08-21 00:00:00.000
159,"covid19uk, fake news, conspiracies, news, newspaper",54,2020-08-21 00:00:00.000
160,"stock market, stocks, stock, investors, markets",68,2020-08-21 00:00:00.000
161,"passed away, grief, died today, grandmother, died",48,2020-08-21 00:00:00.000
162,"telehealth, telemedicine, health services, healthcare, health response",61,2020-08-21 00:00:00.000
163,"park, parks, parking, recreation, gardens",55,2020-08-21 00:00:00.000
164,"social distancing, socialdistancing, maintain social, social distance, socially",73,2020-08-21 00:00:00.000
165,"pfizer vaccine, vaccine pfizer, approval vaccine, vaccine approved, biontech vaccine",60,2020-08-21 00:00:00.000
166,"public health, protect health, national health, publichealth, health crisis",78,2020-08-21 00:00:00.000
167,"homeless, homelessness, shelters, shelter, vulnerable people",62,2020-08-21 00:00:00.000
168,"piersmorgan, piers, journalist, morgan, journalism",53,2020-08-21 00:00:00.000
169,"local businesses, businesses, small businesses, small business, business",71,2020-08-21 00:00:00.000
170,"taste smell, smell, symptom, symptoms, mild symptoms",47,2020-08-21 00:00:00.000
171,"cancer patients, cancer, patients treated, treatments, patients",83,2020-08-21 00:00:00.000
172,"neurological, patients hospitalized, hospitalized patients, diseases, disease",64,2020-08-21 00:00:00.000
173,"vietnam, vietnam war, countries, south korea, korea",19,2020-08-21 00:00:00.000
174,"ghana, tests positive, quarantined, fg, sign petition",34,2020-08-21 00:00:00.000
175,"new normal, embrace, selfish, optimism, life",74,2020-08-21 00:00:00.000
176,"spain, madrid, barcelona, portugal, spanish",101,2020-08-21 00:00:00.000
177,"protective equipment, personal protective, medical equipment, medical supplies, ppe",30,2020-08-21 00:00:00.000
178,"mrna vaccine, mrna vaccines, vaccines, vaccine vaccine, vaccine",15,2020-08-21 00:00:00.000
179,"milk, breast, vaccination, feeding, maternal",13,2020-08-21 00:00:00.000
180,"nhs app, nhscovid19app, nhs, nhs test, app",179,2020-08-21 00:00:00.000
181,"doug ford, watch live, fordnation, cbc news, ford",93,2020-08-21 00:00:00.000
182,"digital transformation, digital, technology, technologies, microsoft",78,2020-08-21 00:00:00.000
183,"iowa, hospitalizations, deaths reported, reports deaths, deaths",81,2020-08-21 00:00:00.000
184,"cybersecurity, security, help protect, cyber, threats",67,2020-08-21 00:00:00.000
185,"johnson vaccine, vaccine trial, vaccine trials, vaccine, vaccine vaccine",100,2020-08-21 00:00:00.000
186,"taiwan, asia, china, vietnam, global health",30,2020-08-21 00:00:00.000
187,"nova scotia, scotia, cases province, cases reported, cases identified",27,2020-08-21 00:00:00.000
188,"tamil nadu, cases reported, tamil, chennai, cases today",36,2020-08-21 00:00:00.000
189,"disinfect, disinfection, disinfectant, disinfectants, sanitize",47,2020-08-21 00:00:00.000
190,"kenya, nairobi, kenyan, kenyans, kenyatta",49,2020-08-21 00:00:00.000
191,"obesity, obese, excess mortality, diseases like, fat",77,2020-08-21 00:00:00.000
192,"anti vaccine, vaccines, facebook, vaccine hesitancy, ban",31,2020-08-21 00:00:00.000
193,"philippine, philippines, coronaviruspandemic, manila, coronavirusupdate coronaviruspandemic",53,2020-08-21 00:00:00.000
195,"vaccine development, vaccine, vaccines, taking vaccine, vaccinations",19,2020-08-21 00:00:00.000
196,"wuhan lab, lab wuhan, wuhan institute, lab leak, pathogen",4,2020-08-21 00:00:00.000
197,"new mexico, mexico, new infections, mexican, 2021 cases",40,2020-08-21 00:00:00.000
198,"retail, retailers, shopping, shop, commerce",59,2020-08-21 00:00:00.000
199,"vaccine trials, novavax, vaccine trial, vaccine vaccine, experimental vaccine",17,2020-08-21 00:00:00.000
200,"diabetes, patients, sugar, primary care, lancet",40,2020-08-21 00:00:00.000
201,"joyface tears, tears joyface, joyface, tears joy, face tears",52,2020-08-21 00:00:00.000
202,"stimulus package, stimulus, fiscal, taxpayer, spending",62,2020-08-21 00:00:00.000
203,"youtube, video, watch video, videos, watched",53,2020-08-21 00:00:00.000
204,"kano, kano state, outbreak, reasons, kogi",3,2020-08-21 00:00:00.000
205,"pets, cats, cat, pet, dogs",43,2020-08-21 00:00:00.000
206,"singh, passed away, passes away, jones, singh ji",1,2020-08-21 00:00:00.000
207,"fox news, foxnews, fox, msnbc, news trump",56,2020-08-21 00:00:00.000
209,"floor laughingrolling, laughingrolling floor, laughingrolling, floor laughing, laughing",54,2020-08-21 00:00:00.000
210,"curfew, enforcement, imposed, authorities, gover",43,2020-08-21 00:00:00.000
211,"vaccinated people, need vaccine, vaccine, receiving vaccine, vaccines",5,2020-08-21 00:00:00.000
212,"navajo nation, navajo, native american, tribe, tribal",22,2020-08-21 00:00:00.000
213,"virus, biden says, threats, president biden, biden administration",2,2020-08-21 00:00:00.000
214,"hiv, hiv aids, aids, infecting, virology",38,2020-08-21 00:00:00.000
215,"employees vaccinated, vaccine, vaccines, vaccination, vaccinated",1,2020-08-21 00:00:00.000
216,"neet jee, jee neet, neet, jee, iit",33,2020-08-21 00:00:00.000
217,"tested positive, outbreaks, amazon, workers, employees",52,2020-08-21 00:00:00.000
218,"indonesia, indonesian, epidemiologist, hiv aids, pak",59,2020-08-21 00:00:00.000
219,"deaths india, 000 deaths, india reports, million deaths, death toll",22,2020-08-21 00:00:00.000
220,"merkel, germany, german, holocaust, berlin",72,2020-08-21 00:00:00.000
221,"kenya, nairobi, kenyans, kenyatta, new infections",40,2020-08-21 00:00:00.000
222,"brazilian, brazil, epidemic, 000 deaths, deaths",26,2020-08-21 00:00:00.000
223,"hcq, patients treated, treatment, hospitalized patients, fda",33,2020-08-21 00:00:00.000
224,"cancelled, canceled, postponed, cancels, cancel",31,2020-08-21 00:00:00.000
225,"tories, tory, mps, brexit, westminster",75,2020-08-21 00:00:00.000
226,"ayush, covid19india, treatments, treatment, immunity",41,2020-08-21 00:00:00.000
227,"nurses, nurse, nursing, nursing home, healthcare workers",26,2020-08-21 00:00:00.000
228,"cannabis, marijuana, researchers say, toronto, new studies",42,2020-08-21 00:00:00.000
229,"coughing, symptoms tested, symptom, symptoms, fever",54,2020-08-21 00:00:00.000
230,"indigenous, native american, tribes, tribal, indians",53,2020-08-21 00:00:00.000
231,"disease 2019, symptoms, mild symptoms, symptom, like symptoms",43,2020-08-21 00:00:00.000
232,"tested positive, testing positive, tests positive, test positive, positive test",161,2020-08-21 00:00:00.000
233,"uk reports, uk cases, cases uk, cases today, daily cases",83,2020-08-21 00:00:00.000
234,"ventilation, ventilated, air, aerosol, aerosols",52,2020-08-21 00:00:00.000
235,"5g, surveillance, network, cloud, wi",28,2020-08-21 00:00:00.000
236,"cyril ramaphosa, ramaphosa, cyrilramaphosa, sa, health minister",15,2020-08-21 00:00:00.000
237,"sputnik vaccine, vaccine india, vaccine trials, vaccine, vaccine today",29,2020-08-21 00:00:00.000
238,"reopening plan, reopening, reopens, ontario, reopen",5,2020-08-21 00:00:00.000
239,"scott morrison, morrison, handling crisis, quarantine, scott",39,2020-08-21 00:00:00.000
240,"taxes, tax, fiscal, irs, taxpayers",44,2020-08-21 00:00:00.000
241,"deaths reported, maharashtra, death toll, deaths today, cases reported",31,2020-08-21 00:00:00.000
242,"deaths reported, illinois, related deaths, additional deaths, il",47,2020-08-21 00:00:00.000
243,"lockdown extended, extends lockdown, lockdown lockdown, complete lockdown, lockdown till",8,2020-08-21 00:00:00.000
244,"donate plasma, plasma donor, convalescent plasma, plasma therapy, blood plasma",26,2020-08-21 00:00:00.000
245,"tn, tennessee, state health, deaths related, new deaths",59,2020-08-21 00:00:00.000
246,"according cdc, deaths related, reported deaths, death rate, deaths caused",63,2020-08-21 00:00:00.000
247,"suicides, suicide, depression, deaths caused, harm",77,2020-08-21 00:00:00.000
248,"new vaccine, vaccine available, vaccine, says vaccine, vaccine developed",70,2020-08-21 00:00:00.000
249,"awards, award, nominated, honored, winners",34,2020-08-21 00:00:00.000
250,"animals, wildlife, animal, zoo, pandemics",29,2020-08-21 00:00:00.000
251,"recovered plasma, blood plasma, need plasma, recovered patient, need blood",28,2020-08-21 00:00:00.000
252,"insurance, insurers, health insurance, coverage, policy",43,2020-08-21 00:00:00.000
253,"died complications, died april, died, retired, veteran",120,2020-08-21 00:00:00.000
254,"dialysis, kidney, disease 2019, transplant, hospitalized",31,2020-08-21 00:00:00.000
255,"ipl, ipl2021, cricket, matches, premier league",13,2020-08-21 00:00:00.000
256,"americans died, americans die, americans dead, 000 americans, dead americans",62,2020-08-21 00:00:00.000
257,"democrats, republicans, dems, gop, deadly virus",60,2020-08-21 00:00:00.000
258,"travel restrictions, traveling, travelling, travel, international travel",46,2020-08-21 00:00:00.000
259,"funeral, funerals, assam, burial, cremation",1,2020-08-21 00:00:00.000
260,"loans, loan, lending, debt, banking",55,2020-08-21 00:00:00.000
261,"resources, resource, guide, comprehensive, provides",27,2020-08-21 00:00:00.000
262,"bats, bat, coronaviruses, species, viruses",14,2020-08-21 00:00:00.000
263,"chief medical, medical staff, medical, officer health, medical officer",35,2020-08-21 00:00:00.000
264,"manitoba, cases deaths, deaths today, today deaths, winnipeg",33,2020-08-21 00:00:00.000
265,"lungs, respiratory, lung, pneumonia, illnesses",43,2020-08-21 00:00:00.000
266,"refugees, refugee, migrants, migrant, immigration",41,2020-08-21 00:00:00.000
267,"report, waiting, nearest, unknown, st",1,2020-08-21 00:00:00.000
268,"indiafightscorona round, indiafightscorona, round pushpin, cases india, pushpin",49,2020-08-21 00:00:00.000
269,"supreme court, judicial, courts, court, judge",33,2020-08-21 00:00:00.000
270,"dogs, covid19uk, animals, dog, covidー19",52,2020-08-21 00:00:00.000
271,"sewage, coronaviruses, cov virus, sars cov, toilet",56,2020-08-21 00:00:00.000
272,"patients discharged, discharged hospital, patients recovered, recovered patients, recovery",29,2020-08-21 00:00:00.000
273,"premier league, chelsea, liverpool, arsenal, united",52,2020-08-21 00:00:00.000
274,"dental, oral, clinic, precautions, disinfectants",47,2020-08-21 00:00:00.000
275,"nursing, nurses, nurse, doctors nurses, hospital staff",28,2020-08-21 00:00:00.000
276,"free webinar, webinar, webinars, join webinar, webinar series",33,2020-08-21 00:00:00.000
277,"myanmar, preparing quarantine, quarantine, quarantine center, protect people",20,2020-08-21 00:00:00.000
278,"disinfectant, disinfect, disinfectants, precautions, trump said",5,2020-08-21 00:00:00.000
279,"mothers, mother, mom, mum, moms",13,2020-08-21 00:00:00.000
280,"getting vaccine, vaccine today, got vaccine, received vaccine, vaccine",2,2020-08-21 00:00:00.000
281,"oil, amid crisis, markets, fuel, gas",37,2020-08-21 00:00:00.000
282,"greece, cases deaths, greek, reports deaths, new deaths",43,2020-08-21 00:00:00.000
283,"zinc, antiviral, vitamin, patients treated, treatment",24,2020-08-21 00:00:00.000
284,"gavin newsom, gavinnewsom, newsom, gavin, provides update",34,2020-08-21 00:00:00.000
285,"vaccination rates, vaccination, eligible vaccine, vaccine update, vaccinated",3,2020-08-21 00:00:00.000
286,"fungus, infections, infection, black fungus, infect",4,2020-08-21 00:00:00.000
287,"jamaica, related deaths, recorded deaths, cases deaths, deaths",56,2020-08-21 00:00:00.000
288,"bolsonaro, brazilian, brazil, boris johnson, president",12,2020-08-21 00:00:00.000
289,"ontario reports, ontario reporting, breaking ontario, cases ontario, cases deaths",31,2020-08-21 00:00:00.000
290,"alberta, albertans, vaccine hesitancy, vaccine rollout, vaccination",2,2020-08-21 00:00:00.000
291,"flu season, seasonal flu, flu, flu deaths, influenza",66,2020-08-21 00:00:00.000
292,"utah, cases deaths, deaths reported, new deaths, new cases",65,2020-08-21 00:00:00.000
293,"gretchen whitmer, governor whitmer, govwhitmer, whitmer, gretchen",58,2020-08-21 00:00:00.000
294,"pandemics, cities, urban, city, plague",44,2020-08-21 00:00:00.000
295,"immunity, immune response, immune, natural immunity, infection",34,2020-08-21 00:00:00.000
296,"fly, flying, flight, flew, planes",7,2020-08-21 00:00:00.000
297,"marathon, racing, running, race, run",36,2020-08-21 00:00:00.000
298,"data, information, latest data, database, privacy",38,2020-08-21 00:00:00.000
299,"g7, g7 summit, g7 leaders, united states, global",2,2020-08-21 00:00:00.000
300,"000 tests, million tests, total tests, tests conducted, testing capacity",39,2020-08-21 00:00:00.000
301,"hospital beds, hospital bed, beds available, icu beds, hospital",6,2020-08-21 00:00:00.000
302,"vaccination rate, vaccine dose, vaccine shot, vaccine, people vaccinated",2,2020-08-21 00:00:00.000
303,"second vaccine, vaccine trials, use vaccine, vaccine, vaccine developed",61,2020-08-21 00:00:00.000
304,"covid19uk, uk government, uk govt, brexit, britons",33,2020-08-21 00:00:00.000
305,"work home, working home, home, workplace, remote work",55,2020-08-21 00:00:00.000
306,"shirt, shirts, clothes, wearing, fashion",26,2020-08-21 00:00:00.000
307,"bike, cycling, riders, ride, roads",32,2020-08-21 00:00:00.000
308,"heart disease, heart inflammation, critically ill, cardiac, heart problems",59,2020-08-21 00:00:00.000
309,"brexit, worrying, warns, eu, labour",51,2020-08-21 00:00:00.000
310,"appointments available, cvs pharmacy, available appointments, bmc, blvd",4,2020-08-21 00:00:00.000
311,"joebiden, joe, realdonaldtrump, breitbartnews, president",85,2020-08-21 00:00:00.000
312,"convalescent plasma, plasma therapy, blood plasma, plasma, treat patients",20,2020-08-21 00:00:00.000
313,"deadly virus, pathogen, virus, viruses, infectious disease",37,2020-08-21 00:00:00.000
314,"bleach, disinfectant, cure, treatment, regeneron",17,2020-08-21 00:00:00.000
315,"dexamethasone, medication, steroid, treatment, treatment patients",105,2020-08-21 00:00:00.000
316,"fintech, banking, banks, bank, bankers",36,2020-08-21 00:00:00.000
317,"extreme poverty, poverty, poor countries, poor people, billion people",67,2020-08-21 00:00:00.000
318,"ottawa, cbc news, cbcnews, breaking ontario, ontario",65,2020-08-21 00:00:00.000
319,"handsfolded hands, handsfolded handsfolded, handsfolded, folded handsfolded, folded hands",29,2020-08-21 00:00:00.000
320,"reinfection, people infected, infected, infection, immunity",49,2020-08-21 00:00:00.000
321,"died april, died today, passed away, died, nurse",96,2020-08-21 00:00:00.000
322,"eid mubarak, eidmubarak, expected, today, allah",1,2020-08-21 00:00:00.000
323,"flu shot, flu vaccine, shot vaccine, flu season, seasonal flu",102,2020-08-21 00:00:00.000
324,"yemen, humanitarian, famine, outbreak, war",49,2020-08-21 00:00:00.000
325,"leadership, leaders, strategies, crises, crisis",34,2020-08-21 00:00:00.000
326,"scotland, infection rates, scottish government, cases reported, daily report",42,2020-08-21 00:00:00.000
327,"peru, country, miami, indigenous, la",32,2020-08-21 00:00:00.000
328,"getting vaccine, vaccine available, vaccine, vaccine hesitancy, vaccine vaccine",29,2020-08-21 00:00:00.000
329,"halloween, screaming fear, holiday, celebrate, celebrating",130,2020-08-21 00:00:00.000
330,"cure, cured, cures, flu deaths, flu",31,2020-08-21 00:00:00.000
331,"health england, yorkshire, infectious diseases, infection rates, england",78,2020-08-21 00:00:00.000
333,"tested positive, testing positive, tests positive, test positive, covidー19",39,2020-08-21 00:00:00.000
334,"robots, robot, ai, artificial intelligence, intelligence",40,2020-08-21 00:00:00.000
335,"hospitals, private hospitals, hospital patients, hospital, medicare",24,2020-08-21 00:00:00.000
336,"second doses, second dose, 2nd dose, doses, 1st dose",2,2020-08-21 00:00:00.000
337,"osha, workplace, safety, employees, employers",17,2020-08-21 00:00:00.000
338,"panel discussion, panelists, panel, conference, join tomorrow",37,2020-08-21 00:00:00.000
339,"pennsylvania, pa, federal judge, supreme court, ruling",44,2020-08-21 00:00:00.000
340,"sri lanka, lanka, srilanka, sri, outbreak",14,2020-08-21 00:00:00.000
341,"overdose, related deaths, deaths occurred, health crisis, people died",41,2020-08-21 00:00:00.000
342,"flatten curve, flattening curve, curve, flatten, flattening",23,2020-08-21 00:00:00.000
343,"afghanistan, test positive, outbreak, cases reported, total tests",25,2020-08-21 00:00:00.000
344,"scam, scams, fraud, corona virus, hoax",30,2020-08-21 00:00:00.000
345,"ghana, death toll, new deaths, new infections, cases confirmed",14,2020-08-21 00:00:00.000
346,"syria, coronaviruspandemic, coronavirusupdates, coronavirusupdate, gmt coronavirusupdate",31,2020-08-21 00:00:00.000
347,"dementia, alzheimer, disease, care homes, older people",37,2020-08-21 00:00:00.000
348,"wales, welsh, england wales, uk government, travel restrictions",49,2020-08-21 00:00:00.000
349,"nicola sturgeon, sturgeon, nicola, scottish, scotland",53,2020-08-21 00:00:00.000
350,"000 tests, million tests, testing capacity, mass testing, tests day",40,2020-08-21 00:00:00.000
351,"air pollution, pollution, mortality rates, death rates, air",32,2020-08-21 00:00:00.000
352,"sops, sop, covidー19, outbreak, som",23,2020-08-21 00:00:00.000
353,"policing, enforcement, police brutality, officers, arrest",28,2020-08-21 00:00:00.000
354,"leak, leak theory, lab leak, leaked, ctv",1,2020-08-21 00:00:00.000
355,"human rights, humanrights, rights violations, rights, freedoms",37,2020-08-21 00:00:00.000
356,"conferences, conference, press conference, summit, meeting",42,2020-08-21 00:00:00.000
357,"ward, number, situation report, unit, hospital",1,2020-08-21 00:00:00.000
358,"exercise, fitness, routine, healthy, diet",39,2020-08-21 00:00:00.000
359,"tested positive, testing positive, tests positive, test positive, positive tests",76,2020-08-21 00:00:00.000
360,"waste, sustainable, pollution, consumption, reduce risk",36,2020-08-21 00:00:00.000
361,"treat patients, patients, clinics, physicians, medical experts",18,2020-08-21 00:00:00.000
362,"walgreens, drug store, pharmacies, store, market",2,2020-08-21 00:00:00.000
363,"pandemics, inequalities, inequality, worsened, infection rates",45,2020-08-21 00:00:00.000
364,"vaccine appointment, vaccine appointments, appointment, appointments available, vaccine clinics",1,2020-08-21 00:00:00.000
365,"rajasthan, coronavirusupdates, haryana, indiafightscorona, 15 deaths",11,2020-08-21 00:00:00.000
366,"ccp, global health, breitbartnews, laboratory, infected",27,2020-08-21 00:00:00.000
367,"keycap, 1keycap, indiafightscorona, balance, globe_showing_europe",41,2020-08-21 00:00:00.000
368,"moderna vaccine, vaccine ready, approval vaccine, use vaccine, vaccine",25,2020-08-21 00:00:00.000
369,"alberta, albertans, ndp, jason kenney, edmonton",13,2020-08-21 00:00:00.000
370,"museums, museum, exhibition, heritage, visitors",39,2020-08-21 00:00:00.000
371,"faceloudly crying, crying faceloudly, loudly crying, crying face, face tears",33,2020-08-21 00:00:00.000
372,"quebec, cases deaths, cases ontario, additional deaths, new deaths",49,2020-08-21 00:00:00.000
374,"hoax, covidiots, fake news, believe, believed",52,2020-08-21 00:00:00.000
375,"wildfires, fires, wildfire, firefighters, hurricane",52,2020-08-21 00:00:00.000
376,"congressional, congress, representative, legislature, nycmayor",8,2020-08-21 00:00:00.000
377,"pledge, pledged, responsibility, andolan, committed",105,2020-08-21 00:00:00.000
378,"marketing, advertising, consumers, sales, trends",30,2020-08-21 00:00:00.000
379,"supply chains, supply chain, logistics, shortage, supply",30,2020-08-21 00:00:00.000
380,"medical maskface, compliance, maskface medical, 2021, medical mask",55,2020-08-21 00:00:00.000
381,"covidiots, government failed, government response, governments, fight virus",28,2020-08-21 00:00:00.000
383,"abortion, death rate, pregnant, reproductive, policies",27,2020-08-21 00:00:00.000
384,"costs, cost, trillion, budget, billions",35,2020-08-21 00:00:00.000
385,"issues, restrictions, keepingourpromiseact hr3548, hr3548, restricted",4,2020-08-21 00:00:00.000
386,"rwanda, covidー19, united nations, deaths today, belgium",27,2020-08-21 00:00:00.000
387,"heartsparkles, flowers, hearts, blue heart, heartred",31,2020-08-21 00:00:00.000
388,"american deaths, americans died, casualties, 000 deaths, deaths reported",40,2020-08-21 00:00:00.000
390,"inflammatory syndrome, inflammatory, inflammation, syndrome, immunology",11,2020-08-21 00:00:00.000
392,"refund, cancel, canceled, cancelled, airline",35,2020-08-21 00:00:00.000
393,"childcare, financial assistance, fund, grants, financial support",3,2020-08-21 00:00:00.000
394,"russia, moscow, number infections, 000 cases, infection rate",28,2020-08-21 00:00:00.000
395,"pension, retirement, savings, seniors, term care",30,2020-08-21 00:00:00.000
396,"south dakota, north dakota, dakota, cases deaths, reports deaths",74,2020-08-21 00:00:00.000
397,"telangana, andhrapradesh, andhra, hyderabad, andhra pradesh",12,2020-08-21 00:00:00.000
398,"matt hancock, hancock, health secretary, matt, matthancock",28,2020-08-21 00:00:00.000
399,"floyd, george floyd, murdered, murder, strike",5,2020-08-21 00:00:00.000
400,"winking face, face tongue, relieved face, eyesface rolling, winking",29,2020-08-21 00:00:00.000
401,"cases reported, cases hospitalizations, ohio, hospitalizations, cases today",43,2020-08-21 00:00:00.000
402,"tanzania, rwanda, zambia, african, covidvaccination",4,2020-08-21 00:00:00.000
403,"wedding, weddings, marriage, ceremony, precautions",30,2020-08-21 00:00:00.000
405,"national lockdown, lockdown restrictions, lockdowns, lockdown measures, lockdown",23,2020-08-21 00:00:00.000
406,"covid19india, us_fda, prescription, antiviral, treatment",6,2020-08-21 00:00:00.000
407,"unicef, donates, cohort, famine, funded",20,2020-08-21 00:00:00.000
408,"anti asian, racism, asian, racist, racial",17,2020-08-21 00:00:00.000
409,"trumpvirus, racist, racism, racial, immigration",13,2020-08-21 00:00:00.000
410,"covid19uk, new restrictions, restrictions, restrictions lifted, restrictions place",26,2020-08-21 00:00:00.000
411,"doh reports, disease 2019, covidー19, cases reported, cases wednesday",31,2020-08-21 00:00:00.000
412,"deaf, hearing, ear, speech, communication",32,2020-08-21 00:00:00.000
413,"plasma donor, need blood, blood plasma, need plasma, urgently need",53,2020-08-21 00:00:00.000
414,"hotels, hotel, hospitality, resort, rooms",34,2020-08-21 00:00:00.000
415,"rand paul, rand, randpaul, paul, infectious",11,2020-08-21 00:00:00.000
416,"people died, iran, iranian, 000 people, 500 people",41,2020-08-21 00:00:00.000
417,"cases confirmed, new cases, cases tuesday, confirmed cases, cases 10",25,2020-08-21 00:00:00.000
419,"lgbtq, discrimination, minorities, gay, solidarity",10,2020-08-21 00:00:00.000
420,"cases deaths, 15 deaths, total deaths, deaths recorded, additional deaths",35,2020-08-21 00:00:00.000
421,"cases deaths, deaths total, deaths recorded, cases death, 000 cases",28,2020-08-21 00:00:00.000
422,"workers died, residents died, healthcare workers, care workers, health workers",15,2020-08-21 00:00:00.000
423,"megaphone, announcement, latest update, exciting, hear",24,2020-08-21 00:00:00.000
424,"drone, drones, flying, surveillance, deliveries",21,2020-08-21 00:00:00.000
425,"veterans, veteran, memorial, memorial day, honoring",9,2020-08-21 00:00:00.000
427,"kagutamuseveni, ashokgehlot51, cmomaharashtra, imrankhanpti, gujarat",25,2020-08-21 00:00:00.000
428,"song, tune, tracks, music, album",4,2020-08-21 00:00:00.000
429,"youth, teens, youths, young people, young",24,2020-08-21 00:00:00.000
430,"covidiots, don afraid, fear, fears, afraid",36,2020-08-21 00:00:00.000
432,"nba, basketball, outbreak, positive virus, players tested",14,2020-08-21 00:00:00.000
433,"disease, diagnosed, outbreak, fever, illness",6,2020-08-21 00:00:00.000
434,"surveys, survey, impacts, public health, global health",26,2020-08-21 00:00:00.000
435,"vegas, las vegas, nevada, las, risks",21,2020-08-21 00:00:00.000
436,"leadership, leader, leaders, world leaders, managing",23,2020-08-21 00:00:00.000
437,"global vaccine, access vaccines, million vaccines, vaccines, vaccine",4,2020-08-21 00:00:00.000
438,"prizes, lottery, prize, entry, contest",1,2020-08-21 00:00:00.000
439,"mental health, mentalhealth, adolescents, teenagers, youth",16,2020-08-21 00:00:00.000
440,"contagious, highly contagious, contagion, infected people, common cold",37,2020-08-21 00:00:00.000
442,"saliva, rapid tests, oral, rapid antigen, new test",46,2020-08-21 00:00:00.000
443,"walter reed, hospitalized, hospital, medical, medical center",98,2020-08-21 00:00:00.000
444,"whatsapp, messages, service available, message, hotline",10,2020-08-21 00:00:00.000
445,"covidー19, gopleader, coronawarriors, battle, help fight",18,2020-08-21 00:00:00.000
446,"anti asian, cop, police, hate crimes, crimes",1,2020-08-21 00:00:00.000
448,"jared kushner, kushner, jared, trump administration, trump response",27,2020-08-21 00:00:00.000
449,"dashboard, tracker, today update, indicators, website",38,2020-08-21 00:00:00.000
450,"trump knew, trump diagnosis, coronavirusoutbreak, trump said, trump claims",62,2020-08-21 00:00:00.000
451,"zimbabwe, minister health, crises, govt, policies",22,2020-08-21 00:00:00.000
452,"scotland, edinburgh, glasgow, castle, camera",70,2020-08-21 00:00:00.000
453,"detention, detained, immigration, arrests, immigrant",17,2020-08-21 00:00:00.000
454,"hawaii, pacific, travel restrictions, hotel quarantine, island",45,2020-08-21 00:00:00.000
455,"need blood, blood plasma, blood, covidindia, covidvaccine",21,2020-08-21 00:00:00.000
456,"youtube, vaccine, vaccines, censorship, videos",40,2020-08-21 00:00:00.000
457,"uk deaths, deaths uk, deaths recorded, deaths today, uk reports",35,2020-08-21 00:00:00.000
458,"lebanon, outbreak, health ministry, ministry health, cases deaths",32,2020-08-21 00:00:00.000
459,"fines, fined, enforce, regulations, restrictions",50,2020-08-21 00:00:00.000
460,"public transport, traveling, transport, transportation, travelling",21,2020-08-21 00:00:00.000
461,"global vaccine, vaccine available, access vaccines, vaccine approved, covid19vaccine",39,2020-08-21 00:00:00.000
462,"anxiety, anxious, stress, coping, mental health",22,2020-08-21 00:00:00.000
463,"workplace, workplaces, health safety, employees, workforce",16,2020-08-21 00:00:00.000
464,"somalia, east africa, vaccination, deaths, country",11,2020-08-21 00:00:00.000
465,"stats, epidemic, outbreaks, statistics, latest figures",20,2020-08-21 00:00:00.000
466,"blue diamond, cases reported, new cases, confirmed cases, diamond",16,2020-08-21 00:00:00.000
467,"presidential debate, debates, debate, trump biden, wallace",92,2020-08-21 00:00:00.000
469,"covid19sa, gauteng, covidー19, cases province, cases recorded",17,2020-08-21 00:00:00.000
470,"railways, railway, trains, train, rail",20,2020-08-21 00:00:00.000
471,"ebola, epidemics, epidemic, infectious, hiv",14,2020-08-21 00:00:00.000
472,"malaria, diseases, disease, africa, endemic",7,2020-08-21 00:00:00.000
473,"chinese government, beijing, china, chinese, new infections",22,2020-08-21 00:00:00.000
474,"hate crimes, spread india, hindu, gandhi, muslims",14,2020-08-21 00:00:00.000
475,"hospitals, hospitalisation, hospital, private hospitals, hospital beds",17,2020-08-21 00:00:00.000
476,"spike protein, protein, biology, spike, viral",3,2020-08-21 00:00:00.000
477,"health minister, minister health, health authorities, health officials, health dr",11,2020-08-21 00:00:00.000
478,"uv light, uv, disinfectant, disinfectants, disinfection",14,2020-08-21 00:00:00.000
479,"truebloodpump, blood, battle, dr, repjerrynadler",4,2020-08-21 00:00:00.000
480,"birthday, happy birthday, celebrating, celebrate, happy",18,2020-08-21 00:00:00.000
481,"florida department, dept health, department public, health department, dept",3,2020-08-21 00:00:00.000
482,"karnataka, covidー19, cases reported, deaths total, deaths today",12,2020-08-21 00:00:00.000
483,"outbreak, outbreaks, fur, farms, farming",36,2020-08-21 00:00:00.000
484,"big pharma, pharma, pharmacists, pharmacies, pharmacy",17,2020-08-21 00:00:00.000
485,"cases reported, bihar, update day, ve cases, cases 15",9,2020-08-21 00:00:00.000
486,"tory, snp, margaret, mps, nicola",90,2020-08-21 00:00:00.000
487,"cdc reports, cdc, cdc director, cdcgov, trump administration",74,2020-08-21 00:00:00.000
488,"dies complications, died complications, dies, sheriff, died",3,2020-08-21 00:00:00.000
489,"passports, passport, vaccine passport, 2022, international travel",9,2020-08-21 00:00:00.000
490,"deaths reported, cases deaths, additional deaths, reported deaths, 15 deaths",49,2020-08-21 00:00:00.000
491,"interview, interviews, interviewed, incredible, discussion",32,2020-08-21 00:00:00.000
493,"journalists, journalist, reporters, journalism, newspaper",15,2020-08-21 00:00:00.000
494,"global vaccine, vaccine, million vaccines, vaccines, million vaccine",2,2020-08-21 00:00:00.000
495,"jabs, flu shot, jab, flu, nhs",4,2020-08-21 00:00:00.000
496,"muslim, muslims, mosque, islamic, allah",13,2020-08-21 00:00:00.000
497,"jammu kashmir, jammu, kashmir, deaths reported, related deaths",4,2020-08-21 00:00:00.000
499,"coronaviruspandemic, coronavirusupdate coronaviruspandemic, coronavirusupdate, gmt coronavirusupdate, new deaths",49,2020-08-21 00:00:00.000
500,"excess deaths, excess mortality, number deaths, deaths reported, mortality",18,2020-08-21 00:00:00.000
503,"painting, art, design, kitchen, items",20,2020-08-21 00:00:00.000
504,"alberta, albertans, calgary, cases province, edmonton",3,2020-08-21 00:00:00.000
505,"tested positive, testing positive, tests positive, test positive, positive test",55,2020-08-21 00:00:00.000
506,"new cdc, cdc reports, cdc director, cdc, redfield",40,2020-08-21 00:00:00.000
507,"cat, smiling_face_with_heart eyes, paw, face smiling, smiling_face_with_heart",22,2020-08-21 00:00:00.000
508,"jacinda ardern, new zealand, zealand, nz, jacinda",61,2020-08-21 00:00:00.000
509,"covidvaccine, dangers, vaccines, researchers say, israeli",9,2020-08-21 00:00:00.000
510,"smiling face, face smiling, smiling_face_with_heart, smiling_face_with_heart eyes, smile",20,2020-08-21 00:00:00.000
512,"fashion, clothing, clothes, shirts, brands",21,2020-08-21 00:00:00.000
513,"uk deaths, deaths uk, infections deaths, uk reports, deaths recorded",16,2020-08-21 00:00:00.000
514,"market 2020, 2020, 2025, trends, market",33,2020-08-21 00:00:00.000
515,"autopsy, murder, murdered, killed, investigation",6,2020-08-21 00:00:00.000
516,"vaccine available, vaccine rollout, vaccine approved, use vaccine, vaccine hesitancy",13,2020-08-21 00:00:00.000
517,"beaches, beach, coast, resort, shore",13,2020-08-21 00:00:00.000
518,"world population, population, percent, death rates, 000 people",42,2020-08-21 00:00:00.000
519,"whistleblower, new report, corruption, investigation, world bank",26,2020-08-21 00:00:00.000
520,"tested positive, deaths reported, number deaths, testing positive, tests positive",24,2020-08-21 00:00:00.000
521,"fighting stigma, stigma, discrimination, discriminate, patients",16,2020-08-21 00:00:00.000
522,"great article, interesting article, read article, article, articles",16,2020-08-21 00:00:00.000
523,"furlough, government announced, uk government, tories, november",34,2020-08-21 00:00:00.000
524,"chinese virologist, meng yan, chinese lab, li meng, meng",73,2020-08-21 00:00:00.000
525,"portugal, spain, quarantine, countries, thailand",19,2020-08-21 00:00:00.000
526,"trudeau, justin trudeau, justintrudeau, aid, canadians",25,2020-08-21 00:00:00.000
527,"ncaa, nfl, football, notre dame, football game",41,2020-08-21 00:00:00.000
529,"poetry, written, write, writing, wrote",15,2020-08-21 00:00:00.000
530,"retweet, tweet, 300, cash, 1000",37,2020-08-21 00:00:00.000
531,"mental health, mentalhealth, mental illness, day 2020, health wellbeing",31,2020-08-21 00:00:00.000
532,"tested positive, tests positive, kellyanne conway, says tested, infected",74,2020-08-21 00:00:00.000
533,"uk deaths, deaths uk, death toll, death rate, deaths reported",7,2020-08-21 00:00:00.000
534,"infectious diseases, infectious, infect, virus spread, spread virus",15,2020-08-21 00:00:00.000
535,"oklahoma, hospitalizations, cases deaths, tulsa, deaths reported",41,2020-08-21 00:00:00.000
536,"bbcnews, bbc, bbcworld, reporters, viewers",22,2020-08-21 00:00:00.000
537,"musk, says vaccine, vaccine available, getting vaccine, vaccine",29,2020-08-21 00:00:00.000
538,"oregon, death toll, covidー19, related deaths, portland",27,2020-08-21 00:00:00.000
539,"hiring, recruitment, hire, jobs, employment",17,2020-08-21 00:00:00.000
540,"icu beds, beds available, hospital bed, beds, bed",2,2020-08-21 00:00:00.000
541,"indonesia, indonesian, sinovac vaccine, vaccine, vaccines",6,2020-08-21 00:00:00.000
543,"covaxin, bharat biotech, vaccine, covid19vaccine, vaccine candidate",3,2020-08-21 00:00:00.000
544,"vaccine passports, vaccine passport, passports, passport, global vaccine",4,2020-08-21 00:00:00.000
545,"buhari, bu, niger, abba, abba kyari",5,2020-08-21 00:00:00.000
546,"duterte, vaccine available, vaccine free, vaccinated, vaccinate",20,2020-08-21 00:00:00.000
547,"azerbaijan, global health, deaths today, humanitarian, current situation",54,2020-08-21 00:00:00.000
548,"outbreak, maine, additional deaths, virus, deaths linked",25,2020-08-21 00:00:00.000
549,"photos, camera, photography, pictures, photo",20,2020-08-21 00:00:00.000
550,"innovation, innovative, technology, technologies, epidemics",16,2020-08-21 00:00:00.000
551,"trudeau, justin trudeau, justintrudeau, canadians, cross border",57,2020-08-21 00:00:00.000
552,"disney, layoffs, park, parks, resort",37,2020-08-21 00:00:00.000
553,"fighter, fights, tested positive, fight, fighting",9,2020-08-21 00:00:00.000
554,"kashmir, jammu kashmir, jammu, srinagar, india",10,2020-08-21 00:00:00.000
555,"lee, tested positive, testing positive, tests positive, positive test",78,2020-08-21 00:00:00.000
556,"police station, patrol, police, september 2020, june 2021",28,2020-08-21 00:00:00.000
557,"tested negative, tests negative, test negative, joe biden, negative test",76,2020-08-21 00:00:00.000
559,"biden administration, biden, china china, joe biden, beijing",12,2020-08-21 00:00:00.000
560,"week cdc, cdc quietly, americans died, cdc, updated numbers",16,2020-08-21 00:00:00.000
561,"libraries, library, reopened, opening, closed",22,2020-08-21 00:00:00.000
562,"tobago, trinidad tobago, trinidad, coronaviruspandemic, gmt coronavirusupdate",4,2020-08-21 00:00:00.000
563,"number deaths, delhi, death toll, deaths 24, deaths",10,2020-08-21 00:00:00.000
564,"joke, jokes, funny, stay safe, fool",16,2020-08-21 00:00:00.000
565,"misinformation, donald trump, trump, fox news, president donald",74,2020-08-21 00:00:00.000
566,"state governor, governor, governors, govrondesantis, state",28,2020-08-21 00:00:00.000
567,"namibia, coronaviruspandemic, coronavirusupdate, coronavirusupdate coronaviruspandemic, gmt coronavirusupdate",11,2020-08-21 00:00:00.000
568,"tests negative, test negative, tested negative, negative test, tested positive",32,2020-08-21 00:00:00.000
569,"weather, rain, good evening, good morning, sunny",27,2020-08-21 00:00:00.000
570,"sleep, sleeping, woke, disease 2019, night",15,2020-08-21 00:00:00.000
571,"tested positive, mlb, baseball, positive tests, test positive",11,2020-08-21 00:00:00.000
572,"hug, feeling, kiss, feels, winking face",26,2020-08-21 00:00:00.000
573,"fish, boat, waters, 2020, caught",15,2020-08-21 00:00:00.000
574,"cloud, infrastructure, service, post world, services",26,2020-08-21 00:00:00.000
575,"coronavirusupdates, coronaviruspandemic, coronavirusupdate, corona virus, coronavirusupdate coronaviruspandemic",34,2020-08-21 00:00:00.000
578,"tested positive, tanzania, testing positive, test positive, positive virus",6,2020-08-21 00:00:00.000
579,"positive tests, positive today, right arrow, testing today, diagnosed",17,2020-08-21 00:00:00.000
580,"care centre, hospital, hospital bed, hospitals, nagar",6,2020-08-21 00:00:00.000
581,"hospitalizations, hospitals, hospital, patients, ambulance",21,2020-08-21 00:00:00.000
582,"tested positive, falcons, testing positive, test positive, positive tests",70,2020-08-21 00:00:00.000
583,"lawsuit, federal judge, suing, sued, dismissed",2,2020-08-21 00:00:00.000
584,"tuberculosis, tb, infectious disease, infectious, epidemic",26,2020-08-21 00:00:00.000
585,"corruption, corrupt, governance, government response, regime",29,2020-08-21 00:00:00.000
586,"fraud, fraudulent, corruption, scam, crime",17,2020-08-21 00:00:00.000
587,"hike, outdoors, weekend, beach, trip",28,2020-08-21 00:00:00.000
588,"soccer ball, soccer, stadium, football, ball",38,2020-08-21 00:00:00.000
589,"million vaccines, covidvaccination, vaccination programme, vaccine update, vaccine dose",2,2020-08-21 00:00:00.000
590,"cyclone, storm, staysafe, coast, staysafe stayhome",6,2020-08-21 00:00:00.000
591,"sage, advisory group, expert, scientist, experts",12,2020-08-21 00:00:00.000
592,"billionaire, billionaires, wealth, trillion, forbes",44,2020-08-21 00:00:00.000
593,"autism, disabilities, facemasks, disability, parent",15,2020-08-21 00:00:00.000
594,"blood clots, blood clot, clots, clot, patients",14,2020-08-21 00:00:00.000
595,"sanitation, water, hygiene, poverty, waste",20,2020-08-21 00:00:00.000
596,"asean, asia, south asia, singapore, countries",13,2020-08-21 00:00:00.000
597,"treatments, treatment, medications, patients treated, medicines",32,2020-08-21 00:00:00.000
598,"construction, building, contractors, buildings, build",18,2020-08-21 00:00:00.000
599,"fuck, coronavirusupdates, 2019, 2020, fucking",19,2020-08-21 00:00:00.000
600,"care homes, covid19uk, care home, home residents, hospital patients",21,2020-08-21 00:00:00.000
601,"vaccine available, need vaccine, vaccineswork, vaccine clinic, vaccination clinic",1,2020-08-21 00:00:00.000
602,"tweets, twitter, tweet, tweeting, post vaccination",10,2020-08-21 00:00:00.000
603,"kamala harris, tests negative, tested negative, tested positive, tests positive",66,2020-08-21 00:00:00.000
604,"cdc reports, new cdc, cdc, cdc data, according cdc",27,2020-08-21 00:00:00.000
605,"fiji, dealing, pacific, islands, strengthen",1,2020-08-21 00:00:00.000
606,"bitcoin, crypto, stock market, economic crisis, blockchain",6,2020-08-21 00:00:00.000
607,"natural immunity, immunity, immune response, immune, infection",17,2020-08-21 00:00:00.000
608,"free testing, testing available, county health, health dept, health department",6,2020-08-21 00:00:00.000
609,"tucker carlson, carlson, tucker, fox, foxnews",12,2020-08-21 00:00:00.000
610,"coronavirusoutbreak, lockdown extended, complete lockdown, extends lockdown, lockdown restrictions",3,2020-08-21 00:00:00.000
611,"vaccination update, covid1, vaccine trials, develop vaccine, vaccine candidate",4,2020-08-21 00:00:00.000
612,"philippines, philippine, filipinos, filipino, manila",17,2020-08-21 00:00:00.000
613,"community transmission, transmission, transmit, concerns, prevent",24,2020-08-21 00:00:00.000
614,"emails, nashville, tn, mayor, flu season",65,2020-08-21 00:00:00.000
615,"herman cain, cain, herman, trump rally, realdonaldtrump trump",54,2020-08-21 00:00:00.000
616,"triangle pointed, red triangle, registration, pointed, vehicle",2,2020-08-21 00:00:00.000
618,"happy friday, good morning, good evening, good night, great day",29,2020-08-21 00:00:00.000
619,"visa, visas, embassy, dasimmigration, immigration",14,2020-08-21 00:00:00.000
620,"covidー19, uk reports, uk cases, outbreak, daily report",33,2020-08-21 00:00:00.000
621,"cases province, province, north west, provinces, provincial",15,2020-08-21 00:00:00.000
622,"infections, daily update, updates, new recoveries, cases announced",22,2020-08-21 00:00:00.000
623,"stephen miller, tested positive, tests positive, miller, positive virus",32,2020-08-21 00:00:00.000
624,"ontario, epidemiology, latest numbers, quebec, cbc news",19,2020-08-21 00:00:00.000
625,"tested positive, testing positive, positive virus, tests positive, test positive",62,2020-08-21 00:00:00.000
626,"thanksgiving, holidays, holiday, flu season, gatherings",33,2020-08-21 00:00:00.000
627,"ceo, ceos, company, founder, announce",17,2020-08-21 00:00:00.000
628,"million cases, 000 cases, number cases, cases breaking, reported cases",29,2020-08-21 00:00:00.000
629,"corona spread, coronaviru, corona, coronavi, updates",28,2020-08-21 00:00:00.000
630,"gujarat, deaths total, death toll, cases deaths, deaths reported",7,2020-08-21 00:00:00.000
631,"golf, realdonaldtrump, swing, americans dying, trump response",15,2020-08-21 00:00:00.000
632,"hospitalized, help patients, sonusood, admitted hospital, treatment",5,2020-08-21 00:00:00.000
633,"saskatchewan, cases province, cases wednesday, reported cases, new cases",10,2020-08-21 00:00:00.000
634,"coach, georgia, coaching, coaches, alabama",55,2020-08-21 00:00:00.000
637,"uber, transportation, ride, rides, covid_19_za",7,2020-08-21 00:00:00.000
638,"people die, people dying, people died, dying, death",21,2020-08-21 00:00:00.000
639,"conspiracy theorists, conspiracy theories, conspiracy theory, conspiracies, conspiracy",16,2020-08-21 00:00:00.000
640,"kerala, cases reported, number deaths, reported deaths, cases state",15,2020-08-21 00:00:00.000
641,"longcovid, prolonged, long term, long, illnesses",17,2020-08-21 00:00:00.000
642,"tree, forest, woods, deciduous, farming",10,2020-08-21 00:00:00.000
643,"argentina, coronaviruspandemic, coronavirusupdate coronaviruspandemic, gmt coronavirusupdate, coronavirusupdate",22,2020-08-21 00:00:00.000
644,"hospitals, hospital, medical, institute virology, hospitalizations",3,2020-08-21 00:00:00.000
645,"nbc, podcast, hosted, fired, cbs",30,2020-08-21 00:00:00.000
646,"north dakota, dakota, ballot, south dakota, candidate",17,2020-08-21 00:00:00.000
647,"cases deaths, 15 deaths, stay safe, michigan, deaths",15,2020-08-21 00:00:00.000
648,"coronaviruses, viruses, virus, virus causes, antiviral",51,2020-08-21 00:00:00.000
649,"map, maps, charts, interactive, chart",25,2020-08-21 00:00:00.000
650,"palliatives, palliative, care patients, care, primary care",11,2020-08-21 00:00:00.000
651,"glasses, face sunglasses, prescription, appointment, sunglasses",3,2020-08-21 00:00:00.000
652,"mobile, mobile phone, phone, apps, app",24,2020-08-21 00:00:00.000
653,"blood clot, cov virus, disease, inflammation, ill patients",12,2020-08-21 00:00:00.000
654,"prices, price, parts, check, working",1,2020-08-21 00:00:00.000
655,"saudi, saudi arabia, saudiarabia, arabia, vaccination status",7,2020-08-21 00:00:00.000
656,"marriage, married, couple, couples, wife",20,2020-08-21 00:00:00.000
657,"books, book, literature, reading, reads",21,2020-08-21 00:00:00.000
658,"deaths, iran, people died, iranian, 000 people",12,2020-08-21 00:00:00.000
660,"bollywood, boss, indian, bjp, indians",6,2020-08-21 00:00:00.000
661,"training, volunteers, camps, camp, compliance",9,2020-08-21 00:00:00.000
662,"appointments available, clinic, appointments, hospital, mayo clinic",2,2020-08-21 00:00:00.000
663,"vaccination update, vaccination program, vaccine update, vaccine today, need vaccine",4,2020-08-21 00:00:00.000
664,"barbados, caribbean, canada, cases today, new cases",11,2020-08-21 00:00:00.000
665,"lindseygrahamsc, lindsey, graham, mcconnell, hearings",51,2020-08-21 00:00:00.000
666,"conspiracies, conspiracy theory, conspiracy theories, conspiracy theorists, conspiracy",16,2020-08-21 00:00:00.000
667,"haiti, families, immigrants, resilience, country",4,2020-08-21 00:00:00.000
668,"swab, swabs, antibody test, nasal, nose",25,2020-08-21 00:00:00.000
669,"maps, map, navigate, outbreaks, zones",48,2020-08-21 00:00:00.000
670,"blockchain, crypto, bitcoin, fintech, chain",21,2020-08-21 00:00:00.000
671,"covi, dr erickson, watch video, videos, dr",4,2020-08-21 00:00:00.000
672,"mayors, mayor, city council, cities, city",20,2020-08-21 00:00:00.000
673,"funeral, funerals, mourning, burial, grieving",14,2020-08-21 00:00:00.000
674,"missouri, mo, reported deaths, hospitalizations, department health",22,2020-08-21 00:00:00.000
675,"rehabilitation, help patients, recovery, patients, hospital",18,2020-08-21 00:00:00.000
676,"broadband, internet, network, communications, rural",13,2020-08-21 00:00:00.000
677,"coronaviruspandemic, corona virus, coronavirusoutbreak, cartoon, corona",23,2020-08-21 00:00:00.000
678,"radio, broadcast, stations, channel, channels",15,2020-08-21 00:00:00.000
679,"new brunswick, brunswick, cbc news, cbcnews, outbreak",15,2020-08-21 00:00:00.000
680,"austerity, recession, economy, global economy, economic recovery",16,2020-08-21 00:00:00.000
681,"transplant, lung, lungs, ill patients, critically ill",7,2020-08-21 00:00:00.000
682,"antiviral drug, million doses, medicines, cost, antiviral",4,2020-08-21 00:00:00.000
683,"loneliness, self isolation, social distancing, isolation, social",21,2020-08-21 00:00:00.000
684,"covid19sa, health minister, kagutamuseveni, kagwe, mutahi kagwe",6,2020-08-21 00:00:00.000
685,"tested positive, testing positive, tests positive, test positive, cam",64,2020-08-21 00:00:00.000
686,"quarantine center, preparing quarantine, quarantine, centre, islamabad",3,2020-08-21 00:00:00.000
687,"travel restrictions, travel ban, spread india, cases indian, risk infection",4,2020-08-21 00:00:00.000
688,"coronavirusupdate, coronavirusupdates, coronaviruspandemic, coronavirusindia, coronavirusuk",14,2020-08-21 00:00:00.000
689,"corona virus, wuhan lab, lab wuhan, chinese virologist, virus",10,2020-08-21 00:00:00.000
690,"vaccine, vaccines, experimental vaccine, new vaccine, monkeys",8,2020-08-21 00:00:00.000
691,"trump diagnosis, immunity, tweet, flags, immune",44,2020-08-21 00:00:00.000
692,"odisha, covidvaccination, deaths reported, deaths total, 15 deaths",15,2020-08-21 00:00:00.000
693,"boris johnson, boris, borisjohnson, johnson, new normal",33,2020-08-21 00:00:00.000
694,"north carolina, nc, carolina, south carolina, cases reported",22,2020-08-21 00:00:00.000
695,"socialmedia, social media, social, media, facebook",7,2020-08-21 00:00:00.000
697,"tested positive, testing positive, tests positive, test positive, positive tests",64,2020-08-21 00:00:00.000
698,"iot, internet, cloud, market 2020, cybersecurity",20,2020-08-21 00:00:00.000
699,"illinois, chicago, il, new restrictions, restrictions",23,2020-08-21 00:00:00.000
700,"dance, dancing, ill patients, patients, video",29,2020-08-21 00:00:00.000
701,"tested positive, testing positive, test positive, johnson, johnson says",61,2020-08-21 00:00:00.000
702,"tested positive, tests positive, test positive, positive test, missouri",60,2020-08-21 00:00:00.000
703,"mark button, check mark, button, mark, cross mark",13,2020-08-21 00:00:00.000
704,"economic recovery, economy, economic, economies, reopens",2,2020-08-21 00:00:00.000
705,"remote work, remotely, remote, workforce, technology",20,2020-08-21 00:00:00.000
706,"clinical trials, clinical trial, phase trial, efficacy, trials",17,2020-08-21 00:00:00.000
707,"dies complications, nurse, died, nursing, nurses",6,2020-08-21 00:00:00.000
708,"rajasthan, india response, ashokgehlot51, narendramodi, indiafightscorona",4,2020-08-21 00:00:00.000
709,"surgeries, patients, surgery, patients hospital, hospitals",24,2020-08-21 00:00:00.000
710,"infections deaths, public health, new infections, covi, health emergency",5,2020-08-21 00:00:00.000
711,"ambulances, ambulance, hospitals, hospital, medical staff",6,2020-08-21 00:00:00.000
712,"fatigue, covid19uk, tired, viral, symptom",24,2020-08-21 00:00:00.000
713,"duty, veteran, veterans, soldiers, military",3,2020-08-21 00:00:00.000
715,"language, languages, english, viral, translation",21,2020-08-21 00:00:00.000
716,"positive tests, quarantine center, ministry health, patients, diagnosed",5,2020-08-21 00:00:00.000
717,"clash, champions, matches, championship, match",28,2020-08-21 00:00:00.000
718,"executive order, checks, govrondesantis, homeless, whitehouse",1,2020-08-21 00:00:00.000
719,"teacher, dies complications, died april, teachers, elementary school",42,2020-08-21 00:00:00.000
720,"odisha, assam, karnataka, coronavirusindia, coronavirusupdates",3,2020-08-21 00:00:00.000
721,"deaths today, deaths reported, additional deaths, reported deaths, new deaths",15,2020-08-21 00:00:00.000
722,"false positives, testing positive, false positive, test positive, positive test",51,2020-08-21 00:00:00.000
723,"ethiopia, rwanda, african countries, humanitarian, malawi",10,2020-08-21 00:00:00.000
724,"birthday, happy birthday, 21st, celebrated, celebrate",13,2020-08-21 00:00:00.000
725,"mainstream media, journalists, journalism, journalist, media",9,2020-08-21 00:00:00.000
726,"cases infection, spoked_asterisk, infection, infections, cases reported",10,2020-08-21 00:00:00.000
728,"doctors died, doctors, physicians, fatalities, infectious diseases",3,2020-08-21 00:00:00.000
729,"patients, clinicians, complications, cancer patients, infection",17,2020-08-21 00:00:00.000
730,"foxnews, fox news, fox, msnbc, foxandfriends",27,2020-08-21 00:00:00.000
731,"things, italian, work, ta, strains",3,2020-08-21 00:00:00.000
732,"narendramodi pmoindia, pmoindia narendramodi, bjp4india, rahulgandhi, arvindkejriwal",9,2020-08-21 00:00:00.000
733,"soccer, football, sports, premier league, soccer ball",28,2020-08-21 00:00:00.000
734,"died complications, dies complications, japanese, designer, fashion",60,2020-08-21 00:00:00.000
735,"tyson, sued, foods, meatpacking, meat",2,2020-08-21 00:00:00.000
736,"hospitalizations, infected people, infections, hospitalisations, outbreaks",41,2020-08-21 00:00:00.000
737,"steroids, steroid, inflammation, mortality, death rates",32,2020-08-21 00:00:00.000
738,"musical, song, songs, music, album",13,2020-08-21 00:00:00.000
739,"trump diagnosis, physician, doctor, cont, doctors",58,2020-08-21 00:00:00.000
740,"immunity, immune response, immune, immunology, cells",24,2020-08-21 00:00:00.000
741,"parliamentary, mps, parliament, mp, scrutiny",26,2020-08-21 00:00:00.000
743,"governors, state governor, governor, states, state",18,2020-08-21 00:00:00.000
744,"pompeo, trump, fox news, mike, just news",2,2020-08-21 00:00:00.000
745,"help india, india, india india, medical supplies, india fight",3,2020-08-21 00:00:00.000
746,"finances, financial, financially, finance, bankruptcy",12,2020-08-21 00:00:00.000
747,"precautions, indianarmy, awareness, spread awareness, health",3,2020-08-21 00:00:00.000
748,"tweets, twitter, tweet, tweeting, trends",14,2020-08-21 00:00:00.000
749,"new cases, confirmed cases, cases new, new confirmed, today announced",23,2020-08-21 00:00:00.000
750,"trucks, hospital, york city, truck, york",2,2020-08-21 00:00:00.000
751,"nobel prize, nobel, laureate, scientist, prize",16,2020-08-21 00:00:00.000
752,"notre dame, notre, dame, postponed, football game",58,2020-08-21 00:00:00.000
754,"death certificates, death certificate, death reported, covidー19, certificate",15,2020-08-21 00:00:00.000
755,"trump campaign, trump, president trump, trump just, trump supporters",14,2020-08-21 00:00:00.000
756,"coney barrett, barrett, senator, nominee, amy coney",60,2020-08-21 00:00:00.000
757,"oxford vaccine, vaccine trial, vaccine trials, vaccine new, vaccine free",13,2020-08-21 00:00:00.000
758,"switzerland, swiss, coronaviruspandemic, coronavirusupdate, coronavirusupdate coronaviruspandemic",10,2020-08-21 00:00:00.000
759,"wildlife, zoo, animals, cats, tiger",1,2020-08-21 00:00:00.000
760,"sick leave, paid sick, workers need, sick, wages",13,2020-08-21 00:00:00.000
761,"home isolation, isolation centre, isolation, infected, new patients",11,2020-08-21 00:00:00.000
762,"zoom, meeting, meetings, meet, incredible",17,2020-08-21 00:00:00.000
763,"maldives, cases infection, pandemics, new infections, virus",15,2020-08-21 00:00:00.000
764,"chile, sinovac vaccine, flu season, vaccination rate, sinovac",5,2020-08-21 00:00:00.000
765,"airline, airlines, flights, air travel, rapid testing",48,2020-08-21 00:00:00.000
766,"headphone, radio, play button, nowplaying, music",37,2020-08-21 00:00:00.000
767,"cvs, cv, hiring, pharmacists, pharmacist",10,2020-08-21 00:00:00.000
768,"getting vaccine, getting vaccinated, vaccinated people, people vaccinated, vaccination",1,2020-08-21 00:00:00.000
769,"real, flu, fake, believe, don believe",17,2020-08-21 00:00:00.000
770,"chris christie, hospitalized, christie, admitted hospital, hospital",58,2020-08-21 00:00:00.000
771,"gyms, gym, spike cases, fitness, sign petition",38,2020-08-21 00:00:00.000
772,"infections, infection, disease 2019, effective preventing, viral",8,2020-08-21 00:00:00.000
773,"stroke, strokes, neurological, patients, clinical",9,2020-08-21 00:00:00.000
775,"pneumonia, lungs, lung, ai, artificialintelligence",15,2020-08-21 00:00:00.000
776,"uk deaths, deaths uk, number deaths, people die, people died",15,2020-08-21 00:00:00.000
777,"employers, employer, employment, employee, employ",8,2020-08-21 00:00:00.000
778,"malaria drug, malaria, fda, cures, medications",8,2020-08-21 00:00:00.000
779,"covid_19_za, latest numbers, infectious disease, outbreaks, infectious",20,2020-08-21 00:00:00.000
780,"golf, clubs, swing, club, tournament",7,2020-08-21 00:00:00.000
781,"european_union, europe, spain, france, italy",29,2020-08-21 00:00:00.000
782,"biden, joe biden, veteran, wife, trump",24,2020-08-21 00:00:00.000
783,"hypothesis, testing, leak theory, evidence, fatemperor",1,2020-08-21 00:00:00.000
784,"mosque, mosques, churches, prayers, islamic",13,2020-08-21 00:00:00.000
785,"actress, infected, nancy, quarantine, hillaryclinton",12,2020-08-21 00:00:00.000
786,"collins, susan, donor, arrested, fraud",47,2020-08-21 00:00:00.000
787,"cases announced, cases wednesday, cases reported, cases tuesday, cases thursday",31,2020-08-21 00:00:00.000
788,"groceries, meals, lost job, grandma, food",4,2020-08-21 00:00:00.000
790,"woodward, trump told, realdonaldtrump trump, realdonaldtrump, says trump",50,2020-08-21 00:00:00.000
791,"narendramodi pmoindia, devisridhar, pib_india, rahulgandhi, drharshvardhan",7,2020-08-21 00:00:00.000
792,"infecting, illness, diagnosed, admitted hospital, deaths caused",13,2020-08-21 00:00:00.000
793,"globe_showing_europe africa, africa, south africa, continent, african",5,2020-08-21 00:00:00.000
794,"crisis india, agriculture, farmers, india cases, agricultural",3,2020-08-21 00:00:00.000
795,"zero deaths, deaths reported, reports deaths, reported deaths, deaths today",23,2020-08-21 00:00:00.000
796,"arkansas, new cases, cases friday, cases 14, cases yesterday",15,2020-08-21 00:00:00.000
797,"donation, need blood, celebrated, donors, donate",1,2020-08-21 00:00:00.000
798,"medical supplies, bags, medical equipment, medical, health center",2,2020-08-21 00:00:00.000
799,"educators, education minister, teachers, student, students",6,2020-08-21 00:00:00.000
800,"malawi, zambia, rwanda, aid, health authorities",6,2020-08-21 00:00:00.000
802,"people recovered, recovery rate, recovery, 000 people, 500 people",14,2020-08-21 00:00:00.000
805,"vermont, travel, restrictions, visits, state local",1,2020-08-21 00:00:00.000
807,"maternal, pregnant, birth, babies, diagnosed",3,2020-08-21 00:00:00.000
808,"livelihoods, finance, financial, africa, economies",2,2020-08-21 00:00:00.000
809,"covidvaccination, vaccination rates, new vaccine, vaccination, vaccine",1,2020-08-21 00:00:00.000
810,"gdp, global economy, economy, economies, economic",11,2020-08-21 00:00:00.000
811,"zip code, zip, vaccination rates, latest numbers, ny",17,2020-08-21 00:00:00.000
812,"vaccine, scientists, scientist, vaccine development, save lives",1,2020-08-21 00:00:00.000
813,"allergies, cold flu, common cold, flu, fever",20,2020-08-21 00:00:00.000
814,"hospital, hospitals, treat patients, private hospitals, critical care",5,2020-08-21 00:00:00.000
815,"coronavirusupdates, uk reports, uk news, uk cases, cases reported",21,2020-08-21 00:00:00.000
816,"vaccines, vaccine, wildlife, vaccin, half million",48,2020-08-21 00:00:00.000
817,"trump rally, wisconsin, rally, rallies, cancel",55,2020-08-21 00:00:00.000
818,"viral, sars cov, filter, researchers, natural immunity",12,2020-08-21 00:00:00.000
819,"plasma therapy, convalescent plasma, blood plasma, plasma, covidー19",2,2020-08-21 00:00:00.000
820,"burial, funerals, funeral, financial assistance, deceased",2,2020-08-21 00:00:00.000
821,"abba kyari, abuja, abba, burial, kyari",8,2020-08-21 00:00:00.000
822,"grieving, lives lost, loved ones, heartbreaking, lives matter",17,2020-08-21 00:00:00.000
823,"recovery plan, unveils, bcpoli, plan, recovery",1,2020-08-21 00:00:00.000
824,"bame, people affected, vaccine trials, vaccine trial, increased risk",10,2020-08-21 00:00:00.000
825,"energy, consumption, emissions, fuels, electricity",12,2020-08-21 00:00:00.000
826,"capitalism, socialism, communist, crises, famine",12,2020-08-21 00:00:00.000
827,"iceland, sweden, incidence, finland, denmark",13,2020-08-21 00:00:00.000
828,"prayers, prayer, praying, pray, speedy recovery",10,2020-08-21 00:00:00.000
829,"bars restaurants, restaurants bars, bars, bar, restaurants",33,2020-08-21 00:00:00.000
830,"child care, childcare, care providers, welfare, low income",15,2020-08-21 00:00:00.000
831,"symptom, symptoms tested, mild symptoms, symptoms, showing symptoms",10,2020-08-21 00:00:00.000
832,"high voltage, voltage, high, latest updates, power",12,2020-08-21 00:00:00.000
833,"imf, world bank, financial assistance, financing, loan",7,2020-08-21 00:00:00.000
834,"common cold, corona virus, coronaviruses, cold flu, flu",25,2020-08-21 00:00:00.000
835,"zimbabwe, new deaths, deaths, new infections, deaths new",11,2020-08-21 00:00:00.000
836,"covid_19_za, recovery rate, infection rate, recovery, rate",27,2020-08-21 00:00:00.000
837,"covid19uk, london, uk news, united kingdom, uk",34,2020-08-21 00:00:00.000
838,"need vaccine, sign petition, petition, vaccination, petitions",8,2020-08-21 00:00:00.000
839,"baker, governor, gov, warns, quarantine",7,2020-08-21 00:00:00.000
840,"living, indonesia, near, survey, hi",2,2020-08-21 00:00:00.000
841,"pro life, pro, abortion, life, gop",33,2020-08-21 00:00:00.000
842,"covidindia, narendramodi pmoindia, yogi, bjp4india, mohfw_india",8,2020-08-21 00:00:00.000
843,"york times, deaths today, million deaths, american deaths, death toll",3,2020-08-21 00:00:00.000
844,"latin america, caribbean, crisis, north america, peru",10,2020-08-21 00:00:00.000
845,"berlin, protests, protesting, protest, protesters",13,2020-08-21 00:00:00.000
846,"supreme court, court, courts, chief justice, plea",2,2020-08-21 00:00:00.000
847,"colombia, latin america, venezuela, migrants, argentina",8,2020-08-21 00:00:00.000
848,"circuit breaker, breaker, lockdowns, lockdown, circuit",40,2020-08-21 00:00:00.000
849,"chris christie, tested positive, christie, tests positive, test positive",51,2020-08-21 00:00:00.000
851,"china virus, virus, dna, ontario, uk government",2,2020-08-21 00:00:00.000
852,"london, restrictions place, new restrictions, essex, britons",33,2020-08-21 00:00:00.000
853,"pandemics, covidiots, epidemics, current crisis, viruses",8,2020-08-21 00:00:00.000
854,"effective vaccine, vaccine, vaccines, vaccine trials, vaccine candidate",13,2020-08-21 00:00:00.000
855,"fever, thermometer, temperature, high temperature, self quarantine",10,2020-08-21 00:00:00.000
858,"deliveries, delivery, deliver, shipping, arrive",12,2020-08-21 00:00:00.000
859,"workforce, employment, workplace, employer, hr",12,2020-08-21 00:00:00.000
861,"louisiana, state emergency, delta, storm, state health",10,2020-08-21 00:00:00.000
862,"putin, trump diagnosis, like trump, russian, russia",11,2020-08-21 00:00:00.000
863,"lost job, job, working, aged 18, family",8,2020-08-21 00:00:00.000
864,"funding, trump administration, trump admin, foxnews, news trump",6,2020-08-21 00:00:00.000
865,"day giving, givingtuesdaynow, donating, global day, generosity",1,2020-08-21 00:00:00.000
867,"titans, reserve, davis, williams, jones",49,2020-08-21 00:00:00.000
868,"testing kits, test kits, antigen test, test kit, mass testing",3,2020-08-21 00:00:00.000
869,"airports, finland, international airport, airport, accuracy",51,2020-08-21 00:00:00.000
870,"parliament, gift, prison, anticipated, favourite",14,2020-08-21 00:00:00.000
871,"daily update, july 2021, april 2020, october 2020, june 2021",12,2020-08-21 00:00:00.000
873,"cases infection, new cases, cases 10, fresh cases, cases 14",13,2020-08-21 00:00:00.000
874,"asthma, respiratory, allergies, disease, risk infection",12,2020-08-21 00:00:00.000
875,"ukraine, current stats, france, 000 cases, stats",23,2020-08-21 00:00:00.000
876,"raise awareness, awareness, spread awareness, precautions, prevention",13,2020-08-21 00:00:00.000
878,"self employed, employed, financial support, income, employment",8,2020-08-21 00:00:00.000
879,"pharmacies, health canada, ontario, testing today, pharmacy",37,2020-08-21 00:00:00.000
880,"positive virus, navy, tested positive, sailors, roosevelt",5,2020-08-21 00:00:00.000
881,"sunak, rishisunak, financial support, rishi, finance minister",34,2020-08-21 00:00:00.000
882,"allah, muslim, muslims, blessings, stay safe",9,2020-08-21 00:00:00.000
883,"medical college, graduates, medical, foreign, doctors",4,2020-08-21 00:00:00.000
884,"bail, shri, kumar, jail, arrest",2,2020-08-21 00:00:00.000
886,"hospital, club, closing, clubs, london",1,2020-08-21 00:00:00.000
887,"remote work, remotely, remote, collaboration, collaborative",18,2020-08-21 00:00:00.000
888,"meals, meal, lunch, school closures, public school",12,2020-08-21 00:00:00.000
889,"infectious, strains, virus, mutations, mutant",8,2020-08-21 00:00:00.000
890,"qr, nhscovid19app, nhs app, nhs test, code",40,2020-08-21 00:00:00.000
891,"cases today, highest daily, daily cases, reports highest, daily case",46,2020-08-21 00:00:00.000
893,"brain, diversity, eligibility, career, transition",1,2020-08-21 00:00:00.000
894,"islands, island, climate crisis, pacific, cross border",11,2020-08-21 00:00:00.000
895,"gatherings, meet, meeting, visitors, crowds",18,2020-08-21 00:00:00.000
896,"self isolate, tested positive, isolate, test positive, tests positive",27,2020-08-21 00:00:00.000
898,"zambia, malawi, tanzania, worldbank, debt",4,2020-08-21 00:00:00.000
899,"hospital deaths, deaths reported, reported deaths, deaths today, nhs england",15,2020-08-21 00:00:00.000
900,"anxious, anxiety, stressed, stress, stressful",13,2020-08-21 00:00:00.000
902,"trump rally, rallies, rally, trump campaign, like trump",22,2020-08-21 00:00:00.000
904,"job losses, lost jobs, workers need, workforce, shortage",10,2020-08-21 00:00:00.000
905,"sign petition, petition, public inquiry, reform, hold public",12,2020-08-21 00:00:00.000
906,"covid19sa, test kits, testing kits, test kit, world bank",38,2020-08-21 00:00:00.000
907,"morocco, coronaviruspandemic, coronavirusupdate, coronavirusupdate coronaviruspandemic, gmt coronavirusupdate",20,2020-08-21 00:00:00.000
908,"coronavirusupdates, coronavirusupdate, countries, russia, china",16,2020-08-21 00:00:00.000
909,"additional deaths, deaths reported, number deaths, new deaths, new infections",3,2020-08-21 00:00:00.000
910,"gdp, india reports, crisis india, india world, world economic",19,2020-08-21 00:00:00.000
911,"life, outbreak, regret, passed away, infecting",14,2020-08-21 00:00:00.000
912,"cow, flu, animals, diseases, cures",2,2020-08-21 00:00:00.000
914,"weddings, wedding, marriage, celebrations, venue",8,2020-08-21 00:00:00.000
915,"epidemiologist, epidemiologists, epidemiology, infectious diseases, infectious disease",18,2020-08-21 00:00:00.000
916,"suspended, contact tracing, legislative, suspends, suspend",1,2020-08-21 00:00:00.000
917,"thermometer, monitoring, detect, detection, detects",15,2020-08-21 00:00:00.000
918,"recent study, studies, researchers, research, studied",8,2020-08-21 00:00:00.000
919,"uttar pradesh, uttar, pradesh, pmoindia narendramodi, narendramodi pmoindia",2,2020-08-21 00:00:00.000
920,"venezuela, gold, bank, gdp, treasury",11,2020-08-21 00:00:00.000
921,"outbreak, outbreaks, infected, public health, hospital",17,2020-08-21 00:00:00.000
922,"000 tests, million tests, tests conducted, 000 cases, new cases",12,2020-08-21 00:00:00.000
923,"died complications, old woman, reinfection, fatalities, death",33,2020-08-21 00:00:00.000
924,"protests, protesting, protest, bjp, exams",1,2020-08-21 00:00:00.000
925,"herbal, medicines, medicine, clinical trials, cures",11,2020-08-21 00:00:00.000
926,"hygiene, sanitation, cleaning, washing, washing hands",8,2020-08-21 00:00:00.000
927,"dies complications, died complications, complications, coronavirusupdates, dies",44,2020-08-21 00:00:00.000
928,"situation report, reports, september 2020, 2020, 25 2020",17,2020-08-21 00:00:00.000
929,"latest news, latest updates, headlines, newsletter, changes",10,2020-08-21 00:00:00.000
930,"swimming, pool, cdc says, water, sport",8,2020-08-21 00:00:00.000
931,"symptoms tested, getting tested, positive test, tested today, diagnosed",17,2020-08-21 00:00:00.000
932,"home deaths, reported deaths, number deaths, related deaths, care homes",7,2020-08-21 00:00:00.000
933,"staysafe, staysafe stayhome, stayhome staysafe, stayhomestaysafe, stayhome",17,2020-08-21 00:00:00.000
934,"karen, speaking, kisumu, uhuru kenyatta, meeting",26,2020-08-21 00:00:00.000
935,"global day, day giving, day, today, global",2,2020-08-21 00:00:00.000
936,"antibody, antibody cocktail, trumpvirus, cells, cell",46,2020-08-21 00:00:00.000
938,"bengal, government, state government, difficult times, new cases",17,2020-08-21 00:00:00.000
940,"free vaccines, free vaccine, vaccine free, receive vaccine, free cost",4,2020-08-21 00:00:00.000
942,"falcons, tested positive, reserve, testing positive, tests positive",43,2020-08-21 00:00:00.000
943,"christmas, santa, december, celebrate, celebrations",40,2020-08-21 00:00:00.000
944,"filming, coronavirusupdate, tested positive, robert, outbreak",28,2020-08-21 00:00:00.000
945,"bulletin, outbreak, 209, life threatening, threatening",14,2020-08-21 00:00:00.000
947,"wearing masks, trump pence, mike pence, pence, wearing mask",7,2020-08-21 00:00:00.000
948,"pennsylvania, new infections, cases reported, pa, health reported",21,2020-08-21 00:00:00.000
949,"inflammation, immune response, inflammatory, immune, disease 2019",14,2020-08-21 00:00:00.000
950,"yoga, community health, guru, practices, breathing",7,2020-08-21 00:00:00.000
951,"plague, fly, floods, warns, threatening",3,2020-08-21 00:00:00.000
952,"cases deaths, chandigarh, deaths reported, uttar pradesh, chhattisgarh",6,2020-08-21 00:00:00.000
953,"covid19ab, provincial, province, ontario, manitoba",3,2020-08-21 00:00:00.000
956,"pneumonia, ill patients, patients hospitalized, hospitalized patients, hospitalized",8,2020-08-21 00:00:00.000
957,"india crisis, facebook, vaccine india, indian government, socialmedia",4,2020-08-21 00:00:00.000
958,"protocol, protocols, observed, observing, protection",16,2020-08-21 00:00:00.000
959,"tested positive, test positive, scotland, people test, confirmed positive",15,2020-08-21 00:00:00.000
960,"minister health, health professionals, health, health department, medical professionals",4,2020-08-21 00:00:00.000
962,"nova scotia, scotia, halifax, health safety, vancouver",9,2020-08-21 00:00:00.000
963,"symptoms tested, tested today, symptom, showing symptoms, symptoms",22,2020-08-21 00:00:00.000
965,"cash, donating, donates, money, donated",2,2020-08-21 00:00:00.000
967,"fatality rate, death rate, epidemiology, new cdc, cases deaths",20,2020-08-21 00:00:00.000
968,"transit, public transport, transportation, transport, passengers",16,2020-08-21 00:00:00.000
969,"cases reported, oyo state, cases confirmed, oyo, updates",10,2020-08-21 00:00:00.000
970,"new vaccine, vaccine, vaccination campaign, vaccines, vaccinating",5,2020-08-21 00:00:00.000
971,"state governor, governor, ogun, state, gov",5,2020-08-21 00:00:00.000
972,"dance, japanese, music, artists, tokyo",3,2020-08-21 00:00:00.000
973,"county health, counties, local health, county, county public",17,2020-08-21 00:00:00.000
974,"free vaccine, getting vaccine, million vaccines, vaccination campaign, vaccines",2,2020-08-21 00:00:00.000
976,"covidvaccination, nagaland, cases reported, deaths reported, death reported",11,2020-08-21 00:00:00.000
977,"cancer, screening, breast, diagnosed, worried",36,2020-08-21 00:00:00.000
978,"european_union, eu, eu_commission, european union, european",1,2020-08-21 00:00:00.000
979,"tested positive, test positive, symptoms tested, showing symptoms, parent",19,2020-08-21 00:00:00.000
981,"hotel quarantine, quarantine, hotels, hotel, outbreak",5,2020-08-21 00:00:00.000
982,"cdc admits, cdc, viruses, virus, misleading",39,2020-08-21 00:00:00.000
983,"tested positive, testing positive, tests positive, test positive, corona virus",43,2020-08-21 00:00:00.000
984,"symptoms tested, showing symptoms, rapid tests, mild symptoms, symptoms",19,2020-08-21 00:00:00.000
986,"travelgov, cdcgov, dv2021, america, fortunate",1,2020-08-21 00:00:00.000
987,"vaccine developed, vaccine available, vaccine trial, access vaccines, vaccines world",16,2020-08-21 00:00:00.000
988,"cardiovascular, heart disease, heart problems, cardiac, underlying health",8,2020-08-21 00:00:00.000
989,"deaths reported, ms, mississippi, number deaths, outbreaks",19,2020-08-21 00:00:00.000
990,"nhl, hockey, new cdc, cdc, cdcgov",15,2020-08-21 00:00:00.000
991,"received vaccine, vaccine dose, dose vaccine, vaccine doses, vaccine free",7,2020-08-21 00:00:00.000
992,"swab, swabs, test kits, tests, false positive",7,2020-08-21 00:00:00.000
993,"jews, related death, severe illness, ny, infection",1,2020-08-21 00:00:00.000
994,"travel restrictions, abroad, travelling, traveling, cases uk",1,2020-08-21 00:00:00.000
995,"sinovac vaccine, vaccinating, vaccinations, vaccine approved, mass vaccination",6,2020-08-21 00:00:00.000
997,"party popper, popper, party, awards, winners",15,2020-08-21 00:00:00.000
1000,"sneezing, cold flu, flu shot, flu, coughing",10,2020-08-21 00:00:00.000
1001,"partisan, conservatives, scandal, republicans, campaigning",13,2020-08-21 00:00:00.000
1002,"pandemics, wealthy, poor people, poorer, poor countries",9,2020-08-21 00:00:00.000
1003,"saskatchewan, sask, cases deaths, central, deaths reported",10,2020-08-21 00:00:00.000
1004,"coronavirusoutbreak, covidー19, moscow, russia, new infections",18,2020-08-21 00:00:00.000
1005,"billionaire, forbes, ceo, firms, billionaires",1,2020-08-21 00:00:00.000
1006,"economic recovery, climate crisis, climate change, economic, emissions",11,2020-08-21 00:00:00.000
1007,"survival rate, survival rates, according cdc, survival, cdc data",29,2020-08-21 00:00:00.000
1008,"pentagon, funding, contractors, relief funds, funded",29,2020-08-21 00:00:00.000
1009,"tested positive, testing positive, tests positive, covid1, tests negative",40,2020-08-21 00:00:00.000
1011,"vaccine trial, getting vaccine, receiving vaccine, vaccine, new vaccine",1,2020-08-21 00:00:00.000
1012,"milan, italian, players tested, tested positive, judges",38,2020-08-21 00:00:00.000
1013,"pharma, pharmacists, medications, drugs, reports",3,2020-08-21 00:00:00.000
1014,"infections, new infections, infection, risk infection, wave infections",9,2020-08-21 00:00:00.000
1015,"nhs, nhs staff, mps, tory, city council",18,2020-08-21 00:00:00.000
1016,"nycmayor, ny, nygovcuomo, new yorkers, nyc",6,2020-08-21 00:00:00.000
1017,"maryland, hogan, new deaths, state emergency, baltimore",8,2020-08-21 00:00:00.000
1019,"new guidelines, follow guidelines, prevention, health crisis, compliance",16,2020-08-21 00:00:00.000
1020,"fatality rate, death rate, mortality rate, fatalities, deaths",21,2020-08-21 00:00:00.000
1022,"trump said, gold, trump says, president trump, families",41,2020-08-21 00:00:00.000
1023,"blood type, risk infection, coronavirusupdates, risk severe, blood",27,2020-08-21 00:00:00.000
1025,"flynn, hearing, judge, calls, distraction",1,2020-08-21 00:00:00.000
1026,"pharma, big pharma, pharmacies, pharmacists, pharmacy",7,2020-08-21 00:00:00.000
1027,"civil rights, national lockdown, liberties, enforcement, barr",13,2020-08-21 00:00:00.000
1028,"ll, ft, wanna, help, player",20,2020-08-21 00:00:00.000
1029,"scam, scams, cybersecurity, fraud, security",8,2020-08-21 00:00:00.000
1030,"cyprus, coronaviruspandemic, coronavirusupdate coronaviruspandemic, coronavirusupdate, gmt coronavirusupdate",8,2020-08-21 00:00:00.000
1031,"infection rates, infection rate, infections deaths, new infections, infections",12,2020-08-21 00:00:00.000
1032,"orange county, orange, public health, county reports, oct 2020",6,2020-08-21 00:00:00.000
1033,"cases infection, spoked_asterisk, maldives, infection, infections",20,2020-08-21 00:00:00.000
1035,"cov virus, eye, eyes, vision, sars cov",8,2020-08-21 00:00:00.000
1036,"quarantine, quarantined, public health, hospitalisations, hospitals",3,2020-08-21 00:00:00.000
1040,"ji, smile, recovers, rip, condolences",3,2020-08-21 00:00:00.000
1041,"anti vaxxers, anti vaxxer, vaxxers, vaxx, vaxxer",4,2020-08-21 00:00:00.000
1042,"influencer, virus, disease, dies, died",40,2020-08-21 00:00:00.000
1043,"rand paul, rand, paul, fauci said, dr fauci",18,2020-08-21 00:00:00.000
1044,"president trump, trump, trump administration, crisis, trump admin",13,2020-08-21 00:00:00.000
1045,"blue states, trump said, blues, realdonaldtrump trump, states",26,2020-08-21 00:00:00.000
1046,"positivity rate, daily report, average daily, day average, positivity",15,2020-08-21 00:00:00.000
1047,"west bengal, bengal, death toll, cases deaths, total deaths",11,2020-08-21 00:00:00.000
1048,"dating, covid19india, meet, stay safe, date",4,2020-08-21 00:00:00.000
1049,"old woman, spanish flu, flu, grandmother, woman",12,2020-08-21 00:00:00.000
1050,"fda approval, fda approved, fda, us_fda, pharmaceutical",8,2020-08-21 00:00:00.000
1052,"government india, support india, modi govt, crore, crores",5,2020-08-21 00:00:00.000
1053,"print, manufacturing, 3d, makers, industry",11,2020-08-21 00:00:00.000
1055,"tested positive, test positive, tests positive, northam, virginia",36,2020-08-21 00:00:00.000
1056,"corona, coronavir, new cases, 000 cases, total deaths",6,2020-08-21 00:00:00.000
1057,"sequencing, genome, pathogen, outbreaks, viral",7,2020-08-21 00:00:00.000
1059,"nhscovid19app, notification, apps, app, exposure",16,2020-08-21 00:00:00.000
1060,"genes, risk severe, genetic, gene, risk",38,2020-08-21 00:00:00.000
1062,"guns, gun, shooting, california, shootings",11,2020-08-21 00:00:00.000
1063,"indigenous, humanity, tribes, amazon, brazilian",2,2020-08-21 00:00:00.000
1064,"new cdc, cdc says, young adults, cdc, young people",26,2020-08-21 00:00:00.000
1065,"news new, latest news, breaking news, news, headlines",9,2020-08-21 00:00:00.000
1066,"hong kong, airline, airlines, hong, cases india",2,2020-08-21 00:00:00.000
1067,"covidiots, risk, scientific, danger, scientists",21,2020-08-21 00:00:00.000
1070,"donating, meal, using, keepingourpromiseact hr3548, new",1,2020-08-21 00:00:00.000
1071,"linkedin, marketing, referral, promote, customers",12,2020-08-21 00:00:00.000
1072,"quarantined, quarantine, cases reported, people hospitalized, hospitalized",11,2020-08-21 00:00:00.000
1073,"airline, sponsor, provide support, carrier, support",38,2020-08-21 00:00:00.000
1074,"journalism, journalist, journalists, newspaper, newspapers",12,2020-08-21 00:00:00.000
1075,"african, tune, radio, music, niger",11,2020-08-21 00:00:00.000
1076,"lie, lies, lying, lied, truth",13,2020-08-21 00:00:00.000
1078,"coronaviruses, coronavir, rna, genome, cov",4,2020-08-21 00:00:00.000
1079,"getting vaccine, vaccine available, free vaccine, people vaccine, vaccine hesitancy",12,2020-08-21 00:00:00.000
1080,"deaths, fox news, death toll, causes, reporting",15,2020-08-21 00:00:00.000
1081,"market 2020, market, trends, great news, avg",5,2020-08-21 00:00:00.000
1082,"california, date, cov, blue diamond, confirmed cases",3,2020-08-21 00:00:00.000
1083,"coma, death, alive, surviving, hospital",33,2020-08-21 00:00:00.000
1084,"test kits, test kit, nigerians, nigerian, nigeria",17,2020-08-21 00:00:00.000
1085,"lawyers, lawyer, attorney, advocate, law",11,2020-08-21 00:00:00.000
1086,"deaths reported, reports deaths, related deaths, deaths, cases reported",1,2020-08-21 00:00:00.000
1087,"bankruptcy, filed, tuesday, files, file",1,2020-08-21 00:00:00.000
1088,"vote mail, federal judge, ballots, ballot, judges",14,2020-08-21 00:00:00.000
1089,"coronavirusoutbreak, saudiarabia, saudi, saudi arabia, arabia",18,2020-08-21 00:00:00.000
1090,"tested positive, test positive, tests positive, post vaccination, vaccinated",1,2020-08-21 00:00:00.000
1091,"vaccine trial, vaccine, vaccine candidate, says vaccine, clinical trials",2,2020-08-21 00:00:00.000
1092,"2021, 2021 06, 2020, new data, 2025",4,2020-08-21 00:00:00.000
1093,"2020, year 2020, fired, wildfires, cancelled",6,2020-08-21 00:00:00.000
1094,"therapy, blessed, peace, care, life",6,2020-08-21 00:00:00.000
1095,"nasa, space, mission, earth, observing",6,2020-08-21 00:00:00.000
1096,"government response, government officials, governance, government, politicians",8,2020-08-21 00:00:00.000
1097,"smiling_face_with_heart eyes, smiling face, smiling_face_with_heart, face smiling, smiling eyes",9,2020-08-21 00:00:00.000
1098,"tulsa, trump rally, oklahoma, rally, rallies",8,2020-08-21 00:00:00.000
1099,"dog, labrador, dogs, animal, pet",10,2020-08-21 00:00:00.000
1100,"migrant workers, migrants, migrant, refugees, immigrants",11,2020-08-21 00:00:00.000
1101,"plasma donor, recovered plasma, blood plasma, donor, plasma therapy",9,2020-08-21 00:00:00.000
1103,"hurricane, storm, disasters, warnings, concerns",5,2020-08-21 00:00:00.000
1104,"mental health, drug, public health, disorders, anxiety",19,2020-08-21 00:00:00.000
1105,"hydroxychloroquine, mortality, epidemiology, death rate, life saving",5,2020-08-21 00:00:00.000
1106,"navajo nation, navajo, relief fund, aid, tribe",1,2020-08-21 00:00:00.000
1107,"vaccine trials, vaccine trial, new vaccine, vaccine, potential vaccine",19,2020-08-21 00:00:00.000
1109,"disappear, trump told, trump said, president trump, trump claims",24,2020-08-21 00:00:00.000
1110,"pritzker, watch live, cov, update day, illinois",12,2020-08-21 00:00:00.000
1111,"daily report, positive reported, england, new cases, reported giving",12,2020-08-21 00:00:00.000
1112,"petitions, life, petition, culture, signed",2,2020-08-21 00:00:00.000
1113,"buses, bus, public transport, transportation, passengers",9,2020-08-21 00:00:00.000
1115,"burnout, working home, coping, wellbeing, healthcare workers",8,2020-08-21 00:00:00.000
1116,"travel restrictions, international travel, canadians, restrictions, trudeau",10,2020-08-21 00:00:00.000
1117,"lgbtq, parade, celebrated, activists, pride",4,2020-08-21 00:00:00.000
1118,"risk dying, risk death, mortality, fatality rate, death rates",14,2020-08-21 00:00:00.000
1120,"survey, responses, participating, contacted, complete",9,2020-08-21 00:00:00.000
1122,"grief, grieving, bereaved, mourning, coping",9,2020-08-21 00:00:00.000
1123,"new infections, egypt, infections, million vaccines, spread virus",5,2020-08-21 00:00:00.000
1124,"edo, elections, election, state govt, campaign",7,2020-08-21 00:00:00.000
1125,"fear, empathy, feared, compassion, anxiety",9,2020-08-21 00:00:00.000
1126,"covid19india, outbreak, latest article, interesting article, new article",8,2020-08-21 00:00:00.000
1127,"covid_19_za, concern, die, suffering, fear",9,2020-08-21 00:00:00.000
1128,"spanish flu, influenza, flu, swine flu, epidemic",6,2020-08-21 00:00:00.000
1129,"prayers, praying, hospitalised, rahulgandhi, channel",1,2020-08-21 00:00:00.000
1130,"rudy, trump, trump campaign, trump response, donald trump",28,2020-08-21 00:00:00.000
1131,"deaths total, fatalities, number infections, 2021 cases, reported cases",13,2020-08-21 00:00:00.000
1132,"sign petition, petition, petitions, signing, signed",6,2020-08-21 00:00:00.000
1133,"vancouver, getting vaccine, outbreak, chief medical, relief",4,2020-08-21 00:00:00.000
1134,"vaccine, taking vaccine, develop vaccine, vaccination, shot vaccine",8,2020-08-21 00:00:00.000
1135,"covidvaccine, million doses, doses, cov, announces plan",2,2020-08-21 00:00:00.000
1136,"biohazard, coronavirusuk, deaths, buried, hospital bed",14,2020-08-21 00:00:00.000
1137,"privacy, self isolate, isolation, isolate, self isolation",6,2020-08-21 00:00:00.000
1138,"filipinos, filipino, nurses, philippine, philippines",18,2020-08-21 00:00:00.000
1139,"coronaviruspandemic, coronavirusupdate coronaviruspandemic, coronavirusupdate, gmt coronavirusupdate, brazilian",12,2020-08-21 00:00:00.000
1140,"covid19uk, number infections, daily number, number, latest figures",11,2020-08-21 00:00:00.000
1142,"vaccine, vaccines, million vaccine, access vaccines, vaccine shots",1,2020-08-21 00:00:00.000
1143,"000 cases, million cases, daily cases, trumpvirus, cases yesterday",21,2020-08-21 00:00:00.000
1144,"burial, buried, grave, bury, cremation",7,2020-08-21 00:00:00.000
1146,"coronaviruses, corona virus, vaccines, vaccine, anti vaccine",14,2020-08-21 00:00:00.000
1147,"football game, football, canceled, postponed, cancelled",35,2020-08-21 00:00:00.000
1148,"educate, girls, women girls, education, educational",19,2020-08-21 00:00:00.000
1149,"vaccine syringe, vaccine, syringe, vaccine clinic, dose vaccine",1,2020-08-21 00:00:00.000
1150,"st louis, today update, county public, updates, st",13,2020-08-21 00:00:00.000
1152,"gym, fitness, exercise, routine, yoga",11,2020-08-21 00:00:00.000
1153,"events, event, insurance, restrictions, celebrations",3,2020-08-21 00:00:00.000
1154,"apple, apps, app, retail, sales",5,2020-08-21 00:00:00.000
1156,"periods, period, covid19vaccine, cycle, affects",2,2020-08-21 00:00:00.000
1157,"rohingya, refugees, refugee, humanitarian, disaster",3,2020-08-21 00:00:00.000
1160,"lockdowns, lockdown, warns, economic recovery, saving lives",15,2020-08-21 00:00:00.000
1161,"venezuela, coronaviruspandemic, quarantine, regime, sanctions",6,2020-08-21 00:00:00.000
1162,"alberta, albertans, saskatchewan, ontario, provincial",4,2020-08-21 00:00:00.000
1163,"astrazeneca vaccine, vaccine trial, vaccine, neurological, vaccine vaccine",15,2020-08-21 00:00:00.000
1164,"moderna vaccine, mrna vaccine, moderna says, approval vaccine, vaccine",2,2020-08-21 00:00:00.000
1166,"moh_kenya, kenyatta, kenya, nairobi, kenyan",12,2020-08-21 00:00:00.000
1167,"bee, health, treatment, florida department, intervention",3,2020-08-21 00:00:00.000
1168,"positive virus, driver, drivers, workers died, virus",5,2020-08-21 00:00:00.000
1169,"newfoundland, cases province, cases reported, labrador, new cases",10,2020-08-21 00:00:00.000
1171,"turkey, political prisoners, turkish, prisoners, prisons",4,2020-08-21 00:00:00.000
1172,"coronavirusindia, covidsecondwave, cases reported, pradesh, cases detected",8,2020-08-21 00:00:00.000
1173,"trump called, new video, president trump, trump, video",28,2020-08-21 00:00:00.000
1174,"indiafightscorona, cases reported, reported cases, new cases, kerala",14,2020-08-21 00:00:00.000
1175,"maharashtra, viruses, uttar pradesh, mumbai, concern",10,2020-08-21 00:00:00.000
1176,"pmoindia, medicines, pharmacists, icmrdelhi, mohfw_india",3,2020-08-21 00:00:00.000
1177,"patel, politics, break, tory, law",1,2020-08-21 00:00:00.000
1178,"clinical trial, clinical trials, antibody, antibodies, antibody cocktail",30,2020-08-21 00:00:00.000
1179,"entrepreneurs, entrepreneur, crises, crisis, innovation",9,2020-08-21 00:00:00.000
1180,"rights violations, human rights, sexual, sexually, rights",3,2020-08-21 00:00:00.000
1181,"puerto, hurricane, disasters, maria, island",8,2020-08-21 00:00:00.000
1184,"covid19uk, covid19india, efforts, war, fordnation",5,2020-08-21 00:00:00.000
1185,"crimes, crime, criminals, criminal, violent",6,2020-08-21 00:00:00.000
1186,"sikh, hindu, singh, muslim, india crisis",5,2020-08-21 00:00:00.000
1187,"pneumonia, ventilation, oxygen, breathe, breath",7,2020-08-21 00:00:00.000
1189,"blasio, nyc, brooklyn, york, new york",7,2020-08-21 00:00:00.000
1190,"million vaccines, doses vaccines, vaccine doses, million vaccine, doses vaccine",1,2020-08-21 00:00:00.000
1191,"players tested, tested positive, players, madrid, hazard",3,2020-08-21 00:00:00.000
1192,"pneumonia, chest, lung, lungs, diagnostic",13,2020-08-21 00:00:00.000
1193,"survival rates, age groups, age, age group, ages",35,2020-08-21 00:00:00.000
1194,"free vaccine, global vaccine, vaccine, vaccine vaccine, vaccines",6,2020-08-21 00:00:00.000
1195,"covidー19, jordan, findings, 2021 cases, 2021",5,2020-08-21 00:00:00.000
1196,"cia, vaccines, vaccine, vaccine development, develop vaccine",18,2020-08-21 00:00:00.000
1197,"dewine, ohio, trump diagnosis, white house, gov mike",16,2020-08-21 00:00:00.000
1199,"president biden, joe biden, biden, polls, trump",20,2020-08-21 00:00:00.000
1200,"ambassador, ministers, international, meeting, netherlands",5,2020-08-21 00:00:00.000
1201,"speedy recovery, singh ji, recovery, tested positive, testing positive",17,2020-08-21 00:00:00.000
1202,"app, namo app, mobile, clusters, tracker",10,2020-08-21 00:00:00.000
1203,"inflation, economic crisis, economy, economists, economic recovery",8,2020-08-21 00:00:00.000
1204,"14 days, 11 days, 14 day, infected, weeks",11,2020-08-21 00:00:00.000
1205,"chinese virus, situation india, support india, help india, india fight",8,2020-08-21 00:00:00.000
1206,"red heart, eidmubarak, red heartred, heartred heart, wearamask",1,2020-08-21 00:00:00.000
1209,"coronaviruspandemic, coronaviru, data, sarscov2, read",3,2020-08-21 00:00:00.000
1211,"vaccine, military, fbi, data, cyber",1,2020-08-21 00:00:00.000
1212,"audit, auditor, investigations, reports, corruption",15,2020-08-21 00:00:00.000
1213,"petition, sign petition, nhs, borisjohnson matthancock, proposals",3,2020-08-21 00:00:00.000
1214,"trump called, trumpvirus, foxnews, cnn, realdonaldtrump trump",32,2020-08-21 00:00:00.000
1215,"bengal, west bengal, banerjee, bjp, deaths india",4,2020-08-21 00:00:00.000
1216,"rally, minnesota, fatality, died, death",20,2020-08-21 00:00:00.000
1217,"health insurance, insurance, medicaid, insurers, medicare",11,2020-08-21 00:00:00.000
1218,"covidindia, andhra, andhra pradesh, andhrapradesh, people infected",8,2020-08-21 00:00:00.000
1219,"health canada, getting tested, breaking ontario, ontario, doug ford",12,2020-08-21 00:00:00.000
1220,"cooper, vaccine available, flu shot, briefing, vaccination",7,2020-08-21 00:00:00.000
1221,"infection, infected, tested positive, self quarantine, quarantine",2,2020-08-21 00:00:00.000
1222,"deficit, debt, fiscal, trillion, gdp",15,2020-08-21 00:00:00.000
1223,"virginia, west virginia, cases deaths, deaths reported, reported cases",11,2020-08-21 00:00:00.000
1224,"quarantine, self quarantine, quarantined, epidemiologist, australians",2,2020-08-21 00:00:00.000
1225,"fines, enforcement, arrests, seized, fined",3,2020-08-21 00:00:00.000
1226,"kogi, river, god, death, record",1,2020-08-21 00:00:00.000
1227,"patients, disease, diseases, infection, treating",7,2020-08-21 00:00:00.000
1228,"digital transformation, digital, transformation, tech, development",12,2020-08-21 00:00:00.000
1229,"virus, aerosol, aerosols, droplets, airborne spread",1,2020-08-21 00:00:00.000
1231,"ontario, gyms, park, montreal, bars",12,2020-08-21 00:00:00.000
1232,"wisconsin, highest, states, montana, positives",10,2020-08-21 00:00:00.000
1233,"superspreader, viral, infected, infections deaths, causing",14,2020-08-21 00:00:00.000
1234,"training, new guidance, new guidelines, train, courses",6,2020-08-21 00:00:00.000
1235,"list, staysafe, congress, held, national",29,2020-08-21 00:00:00.000
1236,"human rights, 20 years, injustice, rights violations, rights",1,2020-08-21 00:00:00.000
1239,"infect, infectious, infected, infection, fever",6,2020-08-21 00:00:00.000
1240,"celliottability, fordnation, waiting, hiv, rapid testing",11,2020-08-21 00:00:00.000
1241,"cbn, policy, philippine, filipino, asean",1,2020-08-21 00:00:00.000
1242,"labor, labour, childcare, unicef, children",4,2020-08-21 00:00:00.000
1245,"vaccine trials, vaccine trial, kenya, new vaccine, vaccine new",3,2020-08-21 00:00:00.000
1246,"survivors, new recoveries, doh reports, new deaths, recovered patients",3,2020-08-21 00:00:00.000
1247,"parade, celebration, memorial, anniversary, celebrate",3,2020-08-21 00:00:00.000
1249,"tribal, tribes, relief funds, tribe, relief fund",2,2020-08-21 00:00:00.000
1250,"zoom, concern, directs, considerations, platforms",12,2020-08-21 00:00:00.000
1252,"sailors, ships, ship, sea, marine",14,2020-08-21 00:00:00.000
1253,"related deaths, pneumonia, deaths, infectious disease, cdc",33,2020-08-21 00:00:00.000
1254,"montana, cases reported, cases wednesday, cases tuesday, reported cases",15,2020-08-21 00:00:00.000
1255,"maryland, cases deaths, 2021 cases, reported deaths, related deaths",16,2020-08-21 00:00:00.000
1256,"privacy, security, concerns, protection, mitigation",7,2020-08-21 00:00:00.000
1257,"tested positive, test positive, positive test, tested today, cured",11,2020-08-21 00:00:00.000
1258,"maldives, loan, seychelles, india response, financial assistance",16,2020-08-21 00:00:00.000
1259,"dictator, ugandans, uganda, killed people, museveni",1,2020-08-21 00:00:00.000
1260,"fear, hurricane, panic, anxiety, dangerous",9,2020-08-21 00:00:00.000
1261,"health safety, safety, ensuring, help protect, safer",14,2020-08-21 00:00:00.000
1262,"mass vaccination, vaccination program, vaccination, vaccinated, vaccine",3,2020-08-21 00:00:00.000
1265,"self isolate, home isolation, isolate, self isolation, self isolating",20,2020-08-21 00:00:00.000
1266,"camera flash, sunset, flash, camera, photography",16,2020-08-21 00:00:00.000
1267,"ontario reports, cases ontario, ontario reporting, ottawa, new infections",12,2020-08-21 00:00:00.000
1268,"strategy, virus, causing, attempts, finds",1,2020-08-21 00:00:00.000
1269,"volunteering, volunteer, volunteers, ngos, shelter",9,2020-08-21 00:00:00.000
1270,"deaths recorded, deaths, fatalities, related deaths, death toll",9,2020-08-21 00:00:00.000
1271,"brazilian, treatment, vaccinations, brazil, adoption",2,2020-08-21 00:00:00.000
1272,"healthcare workers, health workers, medical workers, care workers, frontline workers",6,2020-08-21 00:00:00.000
1273,"corona virus, covidー19, disease 2019, infectious disease, corona",9,2020-08-21 00:00:00.000
1276,"adverse, drugs, drug, reports, report",1,2020-08-21 00:00:00.000
1277,"immigration, migrants, immigrants, mexico, asylum",9,2020-08-21 00:00:00.000
1278,"hunt, exempt, restrictions, petition, sign petition",25,2020-08-21 00:00:00.000
1280,"wear masks, wearing masks, wear mask, face masks, masks",1,2020-08-21 00:00:00.000
1281,"myanmar, new delhi, delhi, india, asean",1,2020-08-21 00:00:00.000
1282,"tested positive, positive trump, tests positive, campaign manager, test positive",32,2020-08-21 00:00:00.000
1283,"colorado, cdc says, hospitalized, infection rates, patients hospitalized",15,2020-08-21 00:00:00.000
1284,"flights, flight, vancouver, ctv, passengers",3,2020-08-21 00:00:00.000
1285,"cardiac, heart disease, cardiovascular, hearts, heart",8,2020-08-21 00:00:00.000
1286,"liverpool, manchester, newcastle, leeds, durham",19,2020-08-21 00:00:00.000
1287,"buhari, nigerian, nigeria, nigerians, executive order",3,2020-08-21 00:00:00.000
1288,"sanctions, russian, world bank, imf, worldbank",11,2020-08-21 00:00:00.000
1289,"canadians, ontario, apps, app, trudeau",29,2020-08-21 00:00:00.000
1290,"winners, prize, kim, korean, japanese",5,2020-08-21 00:00:00.000
1291,"senatemajldr, senate, senator, senschumer, speakerpelosi",3,2020-08-21 00:00:00.000
1292,"lawsuits, insurers, suing, liability, sue",6,2020-08-21 00:00:00.000
1293,"617 variant, new variants, new variant, n95, g7",4,2020-08-21 00:00:00.000
1294,"contact, sending, message, request, registered",7,2020-08-21 00:00:00.000
1295,"philippine, cbn, manila, philippines, vice president",17,2020-08-21 00:00:00.000
1296,"cooperation, covidsecondwave, humanitarian, solidarity, globe_showing_europe africa",9,2020-08-21 00:00:00.000
1298,"debt, trillion, owe, income countries, loans",9,2020-08-21 00:00:00.000
1299,"flu deaths, flu, seasonal flu, influenza, flu season",16,2020-08-21 00:00:00.000
1300,"cases deaths, new cases, cases 24, new jersey, new positive",27,2020-08-21 00:00:00.000
1301,"people infected, million americans, spread virus, infected, 000 americans",22,2020-08-21 00:00:00.000
1302,"medical journal, journal, editorial, publishing, article",27,2020-08-21 00:00:00.000
1303,"vaccine available, vaccine trial, new vaccine, vaccines, vaccine",9,2020-08-21 00:00:00.000
1304,"death toll, toll, vaccination rate, daily death, death",1,2020-08-21 00:00:00.000
1305,"income, households, economics, basic, economic",12,2020-08-21 00:00:00.000
1307,"antibody cocktail, antibody, antibodies, treatment, coronavirusoutbreak",29,2020-08-21 00:00:00.000
1309,"united nations, secretary general, nations, worldbank, united_kingdom",10,2020-08-21 00:00:00.000
1310,"data, analytics, datascience, spanish flu, crisis",15,2020-08-21 00:00:00.000
1311,"fir, bjp, bihar, madhya pradesh, singh",3,2020-08-21 00:00:00.000
1312,"high volume, volume, medium, high, sta",22,2020-08-21 00:00:00.000
1313,"diet, diseases, obesity, gut, disease",6,2020-08-21 00:00:00.000
1314,"melania trump, melania, speedy recovery, wishes, president trump",28,2020-08-21 00:00:00.000
1315,"international airport, airport, airports, flights, uganda",3,2020-08-21 00:00:00.000
1316,"serco, profits, profit, companies, private sector",9,2020-08-21 00:00:00.000
1317,"speedy recovery, recovery, recovering, recover, corona virus",8,2020-08-21 00:00:00.000
1319,"calls, telephone, high volume, contact, urgent",10,2020-08-21 00:00:00.000
1320,"death reported, treat patients, hospital, ministry health, passed away",5,2020-08-21 00:00:00.000
1321,"cases increasing, cases rising, new cases, daily cases, increase cases",8,2020-08-21 00:00:00.000
1322,"publishing, books, book, new book, readers",7,2020-08-21 00:00:00.000
1323,"masks, face masks, white house, mask, plans",29,2020-08-21 00:00:00.000
1325,"chairs, white house, chair, 000 americans, memorial",28,2020-08-21 00:00:00.000
1326,"alabama, cases wednesday, ga, cases reported, state emergency",7,2020-08-21 00:00:00.000
1328,"emissions, climate change, climatechange, pollution, carbon",8,2020-08-21 00:00:00.000
1329,"nowplaying, musical, listen, staysafe, playing",14,2020-08-21 00:00:00.000
1330,"new vaccine, vaccination program, vaccine appointments, vaccine, vaccinations",1,2020-08-21 00:00:00.000
1331,"toilet, panic, outbreak, roll, buying",13,2020-08-21 00:00:00.000
1332,"migrants, world bank, economic recovery, worldbank, economic impact",4,2020-08-21 00:00:00.000
1333,"drtedros, global health, trump told, remarks, advises",9,2020-08-21 00:00:00.000
1335,"reckless, irresponsible, responsibility, behavior, freedom",5,2020-08-21 00:00:00.000
1336,"patients, testing positive, hospitals, positive patients, hospital",11,2020-08-21 00:00:00.000
1337,"cold flu, common cold, flu, influenza, symptoms",25,2020-08-21 00:00:00.000
1338,"tested positive, test positive, tests positive, false positive, quarantined",1,2020-08-21 00:00:00.000
1339,"reopening plan, reopening, reopens, reopen, safety",2,2020-08-21 00:00:00.000
1340,"treatments, treatment, antiviral drug, antiviral, pfizer",2,2020-08-21 00:00:00.000
1341,"heart suit, red heart, heartred heart, blue heart, red heartred",8,2020-08-21 00:00:00.000
1343,"nursing home, nursing homes, accused, crime, criminal",2,2020-08-21 00:00:00.000
1345,"interns, international, colleges, applying, training",6,2020-08-21 00:00:00.000
1347,"new restrictions, restrictions, restrictions place, restrictions lifted, restriction",18,2020-08-21 00:00:00.000
1348,"donate plasma, vaccine, vaccine new, covidー19, blood plasma",13,2020-08-21 00:00:00.000
1349,"cambodia, thailand, vietnam, outbreak, quarantined",6,2020-08-21 00:00:00.000
1350,"periods, period, women girls, pandemics, poverty",2,2020-08-21 00:00:00.000
1352,"situation india, students, education, student, educational",9,2020-08-21 00:00:00.000
1353,"budget, costing, costs, spending, funding",18,2020-08-21 00:00:00.000
1354,"home orders, home order, orders, stay home, issued",4,2020-08-21 00:00:00.000
1356,"customers, hotels, hospitality, venues, mall",3,2020-08-21 00:00:00.000
1357,"rtenews, journalists, news, ministers, agencies",6,2020-08-21 00:00:00.000
1359,"sri lanka, lanka, tested positive, coronavirusoutbreak, testing positive",12,2020-08-21 00:00:00.000
1360,"wear masks, wearing masks, graves, masks, indonesia",25,2020-08-21 00:00:00.000
1361,"wave india, labour, unemployment, bihar, gdp",5,2020-08-21 00:00:00.000
1362,"heroes, cares act, passed, act, stimulus package",14,2020-08-21 00:00:00.000
1364,"covidiots, wearamask, covidー19, vaccinate, getting sick",14,2020-08-21 00:00:00.000
1365,"disease 2019, blue circle, blue states, infection, hospital patients",5,2020-08-21 00:00:00.000
1367,"tested positive, testing positive, deaths uk, tests positive, positive tests",16,2020-08-21 00:00:00.000
1368,"300 million, cdc, cdcgov, trump admin, funding",30,2020-08-21 00:00:00.000
1370,"akufo addo, akufo, address nation, addo, address",5,2020-08-21 00:00:00.000
1371,"coney barrett, barrett, amy coney, amy, diagnosed",30,2020-08-21 00:00:00.000
1374,"immigrants, migrant workers, immigration, immigrant, migrants",6,2020-08-21 00:00:00.000
1375,"graph, graphs, chart, charts, data",6,2020-08-21 00:00:00.000
1376,"infections, infection, treatments, men, male",1,2020-08-21 00:00:00.000
1377,"global vaccine, people vaccine, vaccine, vaccines, access vaccines",3,2020-08-21 00:00:00.000
1378,"seasonal flu, flu season, flu, influenza, flu vaccine",21,2020-08-21 00:00:00.000
1379,"covidiots, health care, hospitals, term care, medical professionals",6,2020-08-21 00:00:00.000
1380,"covid1, hospitalized, moscow, hospital, russia",3,2020-08-21 00:00:00.000
1381,"taiwan, new zealand, nz, zealand, cases today",28,2020-08-21 00:00:00.000
1382,"kerala, india response, epidemic, karnataka, health emergency",8,2020-08-21 00:00:00.000
1383,"senegal, african countries, africa, south africa, african",13,2020-08-21 00:00:00.000
1384,"translation, language, languages, english, spanish",17,2020-08-21 00:00:00.000
1385,"cdc, mn, residents, halted, minnesota",29,2020-08-21 00:00:00.000
1387,"tested positive, tests positive, test positive, missouri, state health",27,2020-08-21 00:00:00.000
1388,"vaccine today, getting vaccine, vaccine available, getting vaccinated, vaccine clinic",1,2020-08-21 00:00:00.000
1389,"covid19sa, district, residents, infections, warns",2,2020-08-21 00:00:00.000
1390,"authors, author, written, published, new book",3,2020-08-21 00:00:00.000
1392,"carers, health care, caring, primary care, critical care",6,2020-08-21 00:00:00.000
1393,"bring fairness, injustice, fairness thousands, fairness, justice",2,2020-08-21 00:00:00.000
1395,"care homes, care home, care facilities, home residents, term care",8,2020-08-21 00:00:00.000
1396,"ohio, chief medical, clinical, announced, dewine",2,2020-08-21 00:00:00.000
1397,"missouri, lake, spring, arkansas, visiting",1,2020-08-21 00:00:00.000
1399,"oregon, portland, state, statewide, pa",7,2020-08-21 00:00:00.000
1400,"government india, cbic_india, finminindia, nsitharaman, banking",16,2020-08-21 00:00:00.000
1402,"care providers, clinicians, help patients, clinic, health care",6,2020-08-21 00:00:00.000
1403,"indiana, additional deaths, reported deaths, deaths, state reported",13,2020-08-21 00:00:00.000
1404,"policy, plans, plan, brief, organisations",6,2020-08-21 00:00:00.000
1405,"minnesota, mn, wa, economic crisis, crisis",6,2020-08-21 00:00:00.000
1406,"weather, climate, cold, temperature, warm",4,2020-08-21 00:00:00.000
1408,"celebrities, covidiots, celebrity, victims, raise awareness",8,2020-08-21 00:00:00.000
1409,"intelligence agencies, cia, agencies, intelligence community, cnn",2,2020-08-21 00:00:00.000
1410,"vaccine ready, vaccine rollout, vaccine distribution, vaccination, vaccine",21,2020-08-21 00:00:00.000
1411,"policy, mitigation, new guidelines, minister health, new measures",6,2020-08-21 00:00:00.000
1412,"million vaccines, doses vaccines, vaccine doses, vaccines, vaccine",3,2020-08-21 00:00:00.000
1414,"lockdown, lockdowns, support, virus, victims",3,2020-08-21 00:00:00.000
1415,"nhscovid19app, nhs app, covid19uk, nhs, quarantined",27,2020-08-21 00:00:00.000
1416,"covidー19, today, tomorrow, virus, tonight",4,2020-08-21 00:00:00.000
1419,"people infected, million people, population, 25 million, world population",17,2020-08-21 00:00:00.000
1420,"brands, brand, shoes, deals, factory",5,2020-08-21 00:00:00.000
1423,"mental health, mental, adolescents, health, wellness",6,2020-08-21 00:00:00.000
1424,"tickets, ticket, attend, stadium, june 2021",11,2020-08-21 00:00:00.000
1425,"weight, fat, 175, cohort, eating",5,2020-08-21 00:00:00.000
1426,"prisons, prisoners, incarcerated, inmates, prison",2,2020-08-21 00:00:00.000
1427,"virus spread, virus, infected, malaria, malaria drug",1,2020-08-21 00:00:00.000
1429,"mental health, depression, anxiety, stress, suffering",8,2020-08-21 00:00:00.000
1430,"florida, fl, hospitalized, crisis, trump",5,2020-08-21 00:00:00.000
1432,"flights, airline, flight, airlines, fee",4,2020-08-21 00:00:00.000
1433,"icmr, icmrdelhi, researchers, medical research, research",6,2020-08-21 00:00:00.000
1435,"holiday, christmas, september, 2019, cases deaths",2,2020-08-21 00:00:00.000
1436,"kamala harris, kamala, harris, trump diagnosis, hearings",16,2020-08-21 00:00:00.000
1437,"stimulus package, stimulus, hearings, mcconnell, mitch mcconnell",20,2020-08-21 00:00:00.000
1438,"super spreader, spreader, spreaders, spreading, events",18,2020-08-21 00:00:00.000
1439,"vaccination, vaccine, getting vaccinated, vaccinated, vaccinating",2,2020-08-21 00:00:00.000
1440,"vaccine trial, vaccine doses, received vaccine, doses vaccines, dose vaccine",1,2020-08-21 00:00:00.000
1441,"finland, european union, european, countries, warns",8,2020-08-21 00:00:00.000
1442,"rugby, sport, football, players, training",8,2020-08-21 00:00:00.000
1444,"stadium, attendance, venues, crowds, sporting",12,2020-08-21 00:00:00.000
1445,"coronavirusupdates, cases india, india, cured, 2021",9,2020-08-21 00:00:00.000
1446,"sars cov, sars, outbreak, world health, flags",4,2020-08-21 00:00:00.000
1447,"cancel, stayhome staysafe, stayhome, closing, plea",2,2020-08-21 00:00:00.000
1448,"coronaviruspandemic, coronavirusupdate coronaviruspandemic, coronavirusupdates, coronavirusupdate, coronavirusoutbreak",15,2020-08-21 00:00:00.000
1449,"flu, seasonal flu, facebook, viral, president trump",26,2020-08-21 00:00:00.000
1450,"year 2020, 2020, august 2020, october 2020, june 2020",10,2020-08-21 00:00:00.000
1451,"hotels, hotel, hospitality, renters, booking",4,2020-08-21 00:00:00.000
1452,"dr peter, dr, physicians, physician, specialist",5,2020-08-21 00:00:00.000
1453,"donald trump, presidential, donald, presidential debate, jaketapper",18,2020-08-21 00:00:00.000
1454,"antiviral, quarantine, immunity, nasal, vaccine candidate",5,2020-08-21 00:00:00.000
1455,"relief funds, iowa, funding, funds, funded",5,2020-08-21 00:00:00.000
1456,"elections, election, politicians, voting, governments",9,2020-08-21 00:00:00.000
1457,"vitamin, zinc, nutrition, deficiency, immune",6,2020-08-21 00:00:00.000
1459,"labs, laboratories, 000 tests, nhs, uk government",20,2020-08-21 00:00:00.000
1461,"deaths reported, deaths recorded, related deaths, new deaths, deaths",3,2020-08-21 00:00:00.000
1462,"alluarjun, quarantine, fans, vaccinated, tested positive",1,2020-08-21 00:00:00.000
1463,"sars cov, sars, covid19vaccine, vaccine, patent",2,2020-08-21 00:00:00.000
1465,"holocaust, genocide, jews, wars, policy",5,2020-08-21 00:00:00.000
1466,"katie, harris, pregnant, miller, press secretary",1,2020-08-21 00:00:00.000
1467,"risks, risk, infectious, epidemiology, virus",4,2020-08-21 00:00:00.000
1468,"jailed, jail, sentenced, prison, partying",27,2020-08-21 00:00:00.000
1469,"contact tracing, cdc, trump diagnosis, trump admin, cdcgov",23,2020-08-21 00:00:00.000
1471,"intel, consortium, computer, analytics, performance",3,2020-08-21 00:00:00.000
1472,"caribbean, islands, trinidad, island, african countries",5,2020-08-21 00:00:00.000
1473,"unions, union, healthcare workers, workers need, workers",8,2020-08-21 00:00:00.000
1474,"vaccine trials, vaccine trial, volunteers, clinical trials, new vaccine",15,2020-08-21 00:00:00.000
1475,"mortality rate, death rates, mortality, cdc, deaths",2,2020-08-21 00:00:00.000
1476,"cash, banking, payments, bank, banks",8,2020-08-21 00:00:00.000
1479,"qanon, conspiracy theories, conspiracy theory, conspiracy theorists, conspiracy",12,2020-08-21 00:00:00.000
1480,"tablighi jamaat, tablighi, accused, courts, court",6,2020-08-21 00:00:00.000
1481,"petition, sign petition, public inquiry, investigation, supreme court",8,2020-08-21 00:00:00.000
1484,"covid19india, indian government, government india, wave india, india india",3,2020-08-21 00:00:00.000
1485,"death rate, fatality rate, people age, aged, deaths",12,2020-08-21 00:00:00.000
1488,"cmomaharashtra, narendramodi pmoindia, pib_india, arvindkejriwal, icmrdelhi",1,2020-08-21 00:00:00.000
1489,"covidiots, relationships, relationship, dating, changing",1,2020-08-21 00:00:00.000
1490,"stayhome, video, new video, calling, action",16,2020-08-21 00:00:00.000
1492,"census, population, 2020, race, health care",14,2020-08-21 00:00:00.000
1493,"chinese government, chinese, china, medical experts, medical team",3,2020-08-21 00:00:00.000
1494,"vaccine available, access vaccines, global vaccine, vaccine, vaccines",2,2020-08-21 00:00:00.000
1495,"industries, industry, big tech, valley, innovation",5,2020-08-21 00:00:00.000
1496,"san diego, county health, california, counties, san",5,2020-08-21 00:00:00.000
1497,"federal judge, judge, supreme court, court, appeals",4,2020-08-21 00:00:00.000
1498,"caribbean, cases deaths, outbreak, cases reported, new cases",5,2020-08-21 00:00:00.000
1499,"flu, plague, death rate, viral, deadly",7,2020-08-21 00:00:00.000
1500,"arkansas, updates, daily update, provides update, live updates",5,2020-08-21 00:00:00.000
1501,"analytics, data, covi, portal, resource",4,2020-08-21 00:00:00.000
1502,"postal, deliveries, mail, delivering, trump administration",4,2020-08-21 00:00:00.000
1503,"purple heart, folded hands, hands, purple, red heart",21,2020-08-21 00:00:00.000
1504,"death rate, excess deaths, reported deaths, 000 deaths, death toll",1,2020-08-21 00:00:00.000
1506,"eu_commission, dr peter, eu, peter, infectious",1,2020-08-21 00:00:00.000
1507,"cases today, cases confirmed, ontario, cases 13, confirmed cases",7,2020-08-21 00:00:00.000
1508,"vaccine, vaccines, vaccinations, vaccination, vaccinate",3,2020-08-21 00:00:00.000
1509,"new infections, outbreaks, infections, infection, infected",4,2020-08-21 00:00:00.000
1510,"related death, cause death, deaths, corona virus, death certificates",7,2020-08-21 00:00:00.000
1513,"confinement, detained, flynn, prison, jail",5,2020-08-21 00:00:00.000
1514,"outbreak, chinese, outbreaks, port, china",1,2020-08-21 00:00:00.000
1515,"pharmaceutical, medications, medicines, drug, drugs",8,2020-08-21 00:00:00.000
1516,"health, life, lives, living, survive",1,2020-08-21 00:00:00.000
1517,"death toll, deaths, toll rises, disease, infection",8,2020-08-21 00:00:00.000
1518,"getting vaccine, flu, october, vaccinations, vaccinated",1,2020-08-21 00:00:00.000
1519,"hospitalized, icu, patients died, patients, infect",6,2020-08-21 00:00:00.000
1520,"netanyahu, israeli, israel, minister, prime minister",20,2020-08-21 00:00:00.000
1521,"vaccine hesitancy, vaccine, vaccines, getting vaccinated, vaccinations",2,2020-08-21 00:00:00.000
1522,"senate, senatemajldr, senators, new poll, voters",24,2020-08-21 00:00:00.000
1523,"fiscal, budget, spending, funding, finance minister",5,2020-08-21 00:00:00.000
1524,"corona, corona spread, cases india, india reports, cases today",3,2020-08-21 00:00:00.000
1526,"police officers, officers, police officer, law enforcement, officer",12,2020-08-21 00:00:00.000
1527,"critically ill, patients hospitalized, hospitalised, longcovid, patients",11,2020-08-21 00:00:00.000
1528,"movie, film, movies, quarantine, quarantined",8,2020-08-21 00:00:00.000
1530,"retail, retailers, consumers, consumer, sales",8,2020-08-21 00:00:00.000
1532,"prize, 25 000, cure, antiviral, treatment",24,2020-08-21 00:00:00.000
1533,"pandemics, quarantine, climate change, species, climate",5,2020-08-21 00:00:00.000
1534,"day, week, theme, fabulous, today",3,2020-08-21 00:00:00.000
1535,"returning, return, migrants, buses, transport",1,2020-08-21 00:00:00.000
1536,"world order, new world, proof, 2020, world",20,2020-08-21 00:00:00.000
1537,"trends, marketing, sales, report, consumer",11,2020-08-21 00:00:00.000
1538,"taxi, covid19sa, passenger, arrest, drivers",2,2020-08-21 00:00:00.000
1539,"bond, treasury, corporations, lending, funding",3,2020-08-21 00:00:00.000
1541,"illnesses, infectious disease, illness, patients, diseases",10,2020-08-21 00:00:00.000
1542,"round pushpin, pushpin, voting, round, locations",1,2020-08-21 00:00:00.000
1544,"hospitalized patients, patients hospitalized, hospitalized, treat patients, patients",2,2020-08-21 00:00:00.000
1547,"vac, va, volunteered, vaers, cvs",1,2020-08-21 00:00:00.000
1548,"risk dying, risk death, mortality, getting infected, people infected",7,2020-08-21 00:00:00.000
1549,"charges, veterans, massachusetts, outbreak, deaths",25,2020-08-21 00:00:00.000
1552,"got vaccinated, vaccinated, getting vaccine, receiving vaccine, vaccination",1,2020-08-21 00:00:00.000
1553,"bts_twt, bts, united nations, unicef, nations",17,2020-08-21 00:00:00.000
1554,"health care, president trump, trump, plan, healthcare",14,2020-08-21 00:00:00.000
1555,"sustainable, sustainability, environmental, impacts, environment",6,2020-08-21 00:00:00.000
1556,"outbreak, hospital, patients, new patients, nhs",3,2020-08-21 00:00:00.000
1558,"als, treatment, treatments, cure, patients",6,2020-08-21 00:00:00.000
1559,"symbols mouthface, mouthface symbols, symbols mouth, face symbols, mouthface",9,2020-08-21 00:00:00.000
1560,"million vaccine, global vaccine, new vaccine, access vaccines, vaccine trials",8,2020-08-21 00:00:00.000
1561,"concern, warnings, advisory, guidelines, restrict",4,2020-08-21 00:00:00.000
1562,"infected, infection, princess, infections, flight",10,2020-08-21 00:00:00.000
1563,"million deaths, 000 deaths, people dying, death toll, people die",14,2020-08-21 00:00:00.000
1564,"gps, patients, tracker, risk death, high risk",10,2020-08-21 00:00:00.000
1565,"social security, gop, senate, senator, security",1,2020-08-21 00:00:00.000
1566,"chat, robot, bot, coronavirusindia, interactive",3,2020-08-21 00:00:00.000
1567,"health england, uk government, national health, public health, policy",3,2020-08-21 00:00:00.000
1568,"covid19ab, infection rate, tested positive, new infections, cases reported",6,2020-08-21 00:00:00.000
1569,"layoffs, job losses, wage, wages, employees",7,2020-08-21 00:00:00.000
1572,"received vaccine, receiving vaccine, receive vaccine, vaccine development, vaccine",2,2020-08-21 00:00:00.000
1573,"mentalhealth, mental health, october, health issues, stress",1,2020-08-21 00:00:00.000
1574,"travel, trips, million americans, passenger, trends",8,2020-08-21 00:00:00.000
1575,"infectious diseases, infectious, infection, immunity, infected",10,2020-08-21 00:00:00.000
1576,"covid19uk, national lockdown, lockdown restrictions, wales, lockdown",14,2020-08-21 00:00:00.000
1577,"receiving vaccine, vaccine, vaccinated, vaccinate, vaccine today",1,2020-08-21 00:00:00.000
1578,"beijing, holiday, holidays, tourists, chinese",18,2020-08-21 00:00:00.000
1579,"blood, monitor, watch, apple, oxygen",5,2020-08-21 00:00:00.000
1584,"welcoming, gratitude, solidarity, salute, thanked",3,2020-08-21 00:00:00.000
1585,"getting infected, patients, chief medical, officer health, health dr",7,2020-08-21 00:00:00.000
1588,"mobile, connection, network, whatsapp, calls",6,2020-08-21 00:00:00.000
1589,"disease 2019, infected, disease, cdc says, new cdc",2,2020-08-21 00:00:00.000
-1,"appointment, available appointments, appointments detected, hospital, location walgreens",4518,2021-02-26 08:00:00.000
0,"educational, education, educators, teaching, students",82,2021-02-26 08:00:00.000
1,"wear masks, wearing masks, wear mask, wearing mask, medical mask",122,2021-02-26 08:00:00.000
2,"china virus, xi jinping, president xi, chinese lab, beijing",20,2021-02-26 08:00:00.000
3,"narendra modi, india crisis, crisis india, modi govt, modi government",311,2021-02-26 08:00:00.000
5,"food insecurity, meals, hunger, meal, food",36,2021-02-26 08:00:00.000
6,"pastor, pastors, prayers, churches, church",26,2021-02-26 08:00:00.000
7,"boris johnson, pm boris, minister boris, johnson says, boris",26,2021-02-26 08:00:00.000
8,"black lives, racism, immigrants, racial, minorities",8,2021-02-26 08:00:00.000
9,"vaccine safe, vaccines safe, vaccines effective, vaccines available, vaccine developed",63,2021-02-26 08:00:00.000
10,"gender, women, women girls, men women, domestic violence",14,2021-02-26 08:00:00.000
11,"african countries, africa, botswana, south_africa, south african",18,2021-02-26 08:00:00.000
12,"vaccine india, vaccine available, vaccine doses, doses vaccine, free vaccine",127,2021-02-26 08:00:00.000
13,"pakistan, pak, pakistani, punjab, covidvaccine",62,2021-02-26 08:00:00.000
14,"lockdown, lockdown lockdown, lockdowns, anti lockdown, lockdown measures",22,2021-02-26 08:00:00.000
15,"dr fauci, fauci said, fauci says, fauci, anthony fauci",7,2021-02-26 08:00:00.000
16,"lagos, nigeria, nigerians, nigerian, niger",5,2021-02-26 08:00:00.000
17,"folded_hands_medium dark_skin_tone, folded_hands_medium light_skin_tone, skin tonefolded, tonefolded hands, skin tone",42,2021-02-26 08:00:00.000
18,"rent, landlords, rental, landlord, renters",16,2021-02-26 08:00:00.000
19,"children died, children, pediatric, risk dying, illness",15,2021-02-26 08:00:00.000
20,"auspol, nsw, queensland, australians, australian",16,2021-02-26 08:00:00.000
21,"lockdown restrictions, national lockdown, complete lockdown, lockdown extended, lockdowns",8,2021-02-26 08:00:00.000
22,"floridians, florida department, florida, fl, florida governor",5,2021-02-26 08:00:00.000
23,"northern ireland, ireland, deaths linked, deaths recorded, dublin",16,2021-02-26 08:00:00.000
24,"trump diagnosis, trump claims, infection, news trump, trump told",2,2021-02-26 08:00:00.000
25,"coronaviruspandemic, corona virus, coronaviruses, coronav, outbreak",11,2021-02-26 08:00:00.000
26,"testing centre, testing today, testing available, new testing, rapid testing",7,2021-02-26 08:00:00.000
27,"protest, protests, protesting, protesters, protestors",3,2021-02-26 08:00:00.000
28,"hydroxychloroquine, malaria drug, chloroquine, malaria, treatment",5,2021-02-26 08:00:00.000
29,"cancelling, cancel, exam, cancellation, exams",50,2021-02-26 08:00:00.000
30,"vaccination rate, japan, new vaccine, tokyo, japanese",17,2021-02-26 08:00:00.000
31,"juliahb1, phe_uk, ll, allisonpearson, keir_starmer",17,2021-02-26 08:00:00.000
32,"airlines, delta, delta variant, flights, blocking",1,2021-02-26 08:00:00.000
33,"donation, donations, donate, donated, donating",23,2021-02-26 08:00:00.000
34,"prisons, inmates, incarcerated, inmate, correctional",4,2021-02-26 08:00:00.000
35,"sars cov, sarscov2, cov virus, sars, immunity",7,2021-02-26 08:00:00.000
36,"covidiots, vaccin, 21, looks, 20",4,2021-02-26 08:00:00.000
37,"vaccine appointment, vaccine clinic, vaccination clinic, vaccine clinics, vaccination clinics",51,2021-02-26 08:00:00.000
38,"second wave, 2nd wave, wave, 3rd wave, waves",29,2021-02-26 08:00:00.000
39,"latest updates, today update, update today, latest update, updates",8,2021-02-26 08:00:00.000
40,"remdesivir, covid19india, antiviral drug, treatment, antiviral",24,2021-02-26 08:00:00.000
41,"oxygen concentrators, covid19india, concentrators, oxygen, oxygen cylinder",122,2021-02-26 08:00:00.000
42,"iran, iranian, death toll, lebanon, deaths",12,2021-02-26 08:00:00.000
43,"texans, texas, new cases, tx, biden says",8,2021-02-26 08:00:00.000
44,"qatar, uae, coronavirusupdate coronaviruspandemic, gmt coronavirusupdate, dubai",12,2021-02-26 08:00:00.000
45,"cases announced, 2021 cases, cases today, cases reported, cases confirmed",14,2021-02-26 08:00:00.000
46,"restaurant, restaurants, bars restaurants, restaurants bars, cafe",16,2021-02-26 08:00:00.000
47,"sinovac vaccine, sinopharm vaccine, vaccine developed, use vaccine, vaccines",7,2021-02-26 08:00:00.000
48,"number deaths, total deaths, million deaths, 000 deaths, fatalities",3,2021-02-26 08:00:00.000
49,"gov cuomo, cuomo says, governor cuomo, cuomo, andrew cuomo",7,2021-02-26 08:00:00.000
50,"reopening plan, reopens, reopening, reopen, reopened",2,2021-02-26 08:00:00.000
51,"malaysia, malaysian, sabah, selangor, asean",5,2021-02-26 08:00:00.000
52,"astrazeneca vaccines, astrazeneca vaccine, vaccine available, vaccines world, vaccine",69,2021-02-26 08:00:00.000
53,"sweden, swedish, norway, finland, iceland",2,2021-02-26 08:00:00.000
54,"nygovcuomo, aides, york state, ny, nytimes",1,2021-02-26 08:00:00.000
55,"car lightpolice, car light, lightpolice car, police car, lightpolice",11,2021-02-26 08:00:00.000
56,"gaza, palestinian, palestine, israeli, israel",9,2021-02-26 08:00:00.000
57,"herd immunity, immunity, mass vaccination, vaccination, immune",5,2021-02-26 08:00:00.000
58,"pandemics, epidemic, epidemiology, disease control, disease",13,2021-02-26 08:00:00.000
59,"airline, airlines, air travel, airplane, flights",7,2021-02-26 08:00:00.000
60,"intellectual property, patents, patent, vaccine, vaccines",23,2021-02-26 08:00:00.000
61,"new podcast, podcast, episode, new episode, sarah",4,2021-02-26 08:00:00.000
62,"covidindia, antiviral drug, antiviral, clinical trials, hospitalized patients",11,2021-02-26 08:00:00.000
63,"relief fund, donations, donation, help india, support india",55,2021-02-26 08:00:00.000
64,"crises, crisis, response crisis, recession, worsened",5,2021-02-26 08:00:00.000
65,"economic crisis, economic recovery, governments, destroying, gdp",2,2021-02-26 08:00:00.000
66,"france, french, quarantine, outbreak, new infections",6,2021-02-26 08:00:00.000
68,"mental illness, mental health, mentalhealth, illness, health crisis",4,2021-02-26 08:00:00.000
69,"people hospitalized, hospitalized, hospitalized patients, patients hospitalized, ill patients",5,2021-02-26 08:00:00.000
70,"ivermectin, treatment, therapeutics, pharma, efficacy",13,2021-02-26 08:00:00.000
71,"singapore, asean, malaysian, hong kong, cases infection",4,2021-02-26 08:00:00.000
72,"passes away, died complications, passed away, demise, died",39,2021-02-26 08:00:00.000
73,"uganda, ugandans, tanzania, refugees, people vaccinated",6,2021-02-26 08:00:00.000
74,"heart inflammation, myocarditis, heart problems, inflammation, cardiac",5,2021-02-26 08:00:00.000
75,"small businesses, businesses, local businesses, small business, recession",4,2021-02-26 08:00:00.000
76,"created lab, laboratory, researchers, lab, investigation origins",2,2021-02-26 08:00:00.000
77,"president biden, biden campaign, trump biden, biden, biden says",12,2021-02-26 08:00:00.000
78,"hand sanitizer, wash hands, washing hands, hand washing, handwashing",10,2021-02-26 08:00:00.000
79,"vitamin, deficiency, immune, disease, immune response",4,2021-02-26 08:00:00.000
80,"ny, york state, nyc, new york, state reported",4,2021-02-26 08:00:00.000
81,"disease 2019, pregnant women, pregnant, pregnancy, maternity",4,2021-02-26 08:00:00.000
82,"ai, artificial intelligence, artificialintelligence, automation, intelligence",7,2021-02-26 08:00:00.000
83,"smoking, tobacco, smokers, illnesses, fda",3,2021-02-26 08:00:00.000
84,"trudeau, justintrudeau, justin trudeau, canadians, quebec",7,2021-02-26 08:00:00.000
85,"webinar, webinars, free webinar, join webinar, webinar series",4,2021-02-26 08:00:00.000
86,"cases deaths, related deaths, additional deaths, number deaths, total deaths",7,2021-02-26 08:00:00.000
87,"ventilator, ventilators, ventilated, respiratory, ventilation",6,2021-02-26 08:00:00.000
88,"billionaire, billgates, world leaders, prime minister, funded",9,2021-02-26 08:00:00.000
89,"italian, italy, austerity, fiscal, milan",3,2021-02-26 08:00:00.000
90,"musicians, artists, music, musical, concert",1,2021-02-26 08:00:00.000
91,"grants, relief fund, grant, response fund, funding",6,2021-02-26 08:00:00.000
92,"fully vaccinated, vaccinated, vaccines, south korea, korea",3,2021-02-26 08:00:00.000
93,"000 cases, daily cases, case counts, cases today, case count",8,2021-02-26 08:00:00.000
94,"ballots, ballot, voter, vote mail, elections",5,2021-02-26 08:00:00.000
95,"nhs england, nhs, nhs staff, nhs app, health england",3,2021-02-26 08:00:00.000
96,"backhand index, downbackhand index, index pointing, index, pointing downbackhand",7,2021-02-26 08:00:00.000
98,"european_union, european union, eu_commission, eu, european",10,2021-02-26 08:00:00.000
99,"aged care, elderly, senior citizens, seniors, aging",3,2021-02-26 08:00:00.000
100,"tested positive, tests positive, testing positive, test positive, positive tests",9,2021-02-26 08:00:00.000
101,"deaths india, india reports, india cases, india records, cases india",27,2021-02-26 08:00:00.000
102,"self quarantine, quarantine, quarantine center, quarantined, quarantining",2,2021-02-26 08:00:00.000
103,"great news, good news, latest news, new story, news",4,2021-02-26 08:00:00.000
104,"antibody, antibodies, antibody cocktail, treatment, treatments",1,2021-02-26 08:00:00.000
105,"deaths india, india reports, india cases, india records, cases india",18,2021-02-26 08:00:00.000
106,"alcohol, drinking, beverage, beer, drink",7,2021-02-26 08:00:00.000
107,"nz, new zealand, zealand, vaccine rollout, deaths",5,2021-02-26 08:00:00.000
108,"az, arizona, state health, cases deaths, phoenix",3,2021-02-26 08:00:00.000
109,"pcr tests, pcr test, pcr testing, pcr, rt pcr",16,2021-02-26 08:00:00.000
110,"health canada, vaccination rate, vaccine, vaccines, vaccine trials",11,2021-02-26 08:00:00.000
111,"covidiots, social distancing, maintain social, prevent spread, spreading",3,2021-02-26 08:00:00.000
112,"smiling_face_with_heart eyes, smiling_face_with_heart, hearts, happy friday, heart staysafe",13,2021-02-26 08:00:00.000
113,"poultry, outbreak, meatpacking, outbreaks, cares act",2,2021-02-26 08:00:00.000
115,"total deaths, death toll, deaths recorded, 000 deaths, million deaths",2,2021-02-26 08:00:00.000
116,"stay safe, precautions, safe stay, spread virus, prevention",14,2021-02-26 08:00:00.000
117,"tested positive, tests positive, test positive, alluarjun, says tested",25,2021-02-26 08:00:00.000
118,"antibodies, antibody tests, antibody, people infected, antibody test",1,2021-02-26 08:00:00.000
119,"fight virus, virus, spread virus, deadly virus, virus spread",3,2021-02-26 08:00:00.000
120,"cases deaths, cases reported, wisconsin, cases saturday, positive tests",1,2021-02-26 08:00:00.000
121,"turkey, turkish, lockdown, lockdowns, shutdown",18,2021-02-26 08:00:00.000
122,"thailand, thai, disease 2019, people infected, cambodia",8,2021-02-26 08:00:00.000
123,"art, arts, painting, artists, exhibition",4,2021-02-26 08:00:00.000
124,"cinema, theaters, theater, theatre, film",5,2021-02-26 08:00:00.000
125,"cases reported, cases today, cases confirmed, cases wednesday, cases tuesday",1,2021-02-26 08:00:00.000
126,"indian variant, cases indian, variant detected, india, indian",16,2021-02-26 08:00:00.000
128,"cases ontario, ontario reports, ontario reporting, cases lowest, case counts",3,2021-02-26 08:00:00.000
129,"cuba, cuban, vaccines, countries, south_africa",4,2021-02-26 08:00:00.000
131,"briefings, briefing, press briefing, press conference, meeting",6,2021-02-26 08:00:00.000
132,"scottish government, scotland, scottish, uk government, edinburgh",3,2021-02-26 08:00:00.000
133,"exclamation mark, double exclamation, exclamation, red exclamation, coronavirusindia",7,2021-02-26 08:00:00.000
134,"tourism, tourists, tourist, tourism industry, travel restrictions",14,2021-02-26 08:00:00.000
135,"loudspeaker, speaker, sound, speakers, high volume",6,2021-02-26 08:00:00.000
136,"aerosol, aerosols, airborne spread, airborne, airborne transmission",8,2021-02-26 08:00:00.000
137,"deaths reported, georgia, ga, 000 deaths, daily deaths",2,2021-02-26 08:00:00.000
138,"rapid testing, getting tested, rapid tests, rapid test, home testing",5,2021-02-26 08:00:00.000
139,"healthcare workers, health workers, medical staff, care workers, frontline workers",6,2021-02-26 08:00:00.000
142,"tested positive, testing positive, test positive, cruise ship, islands",2,2021-02-26 08:00:00.000
143,"contact tracing, contact tracers, contact, tracing app, tracing",1,2021-02-26 08:00:00.000
144,"people disabilities, disabled people, disabilities, disability, accessible",3,2021-02-26 08:00:00.000
145,"science, scientific, scientist, scientists, scientific evidence",1,2021-02-26 08:00:00.000
149,"tested positive, testing positive, tests positive, test positive, positive tests",3,2021-02-26 08:00:00.000
151,"sporting, sports, athletics, sport, tournament",2,2021-02-26 08:00:00.000
152,"nepal, outbreak, daily deaths, infections, highest daily",7,2021-02-26 08:00:00.000
153,"hongkong, hong kong, hong, kong, beijing",3,2021-02-26 08:00:00.000
154,"unemployment, wage, recession, unemployed, employment",3,2021-02-26 08:00:00.000
156,"derasachasauda, prevention, people infected, epidemic, kits",7,2021-02-26 08:00:00.000
157,"climate crisis, climate change, climatechange, climate, emissions",5,2021-02-26 08:00:00.000
158,"vaccine children, vaccine pfizer, biontech vaccine, pfizer vaccine, vaccine approved",8,2021-02-26 08:00:00.000
159,"misinformation, disinformation, conspiracies, misleading, spreading",2,2021-02-26 08:00:00.000
160,"stock market, markets, stocks, traders, stock",4,2021-02-26 08:00:00.000
161,"lost parents, passed away, died today, cremation, died",10,2021-02-26 08:00:00.000
162,"telehealth, telemedicine, telephone, patients, treat patients",4,2021-02-26 08:00:00.000
163,"park, parks, parking, gardens, recreation",3,2021-02-26 08:00:00.000
164,"social distancing, maintain social, socialdistancing, social distance, social",5,2021-02-26 08:00:00.000
165,"vaccine pfizer, pfizer vaccine, pfizer, pfizer biontech, biontech vaccine",7,2021-02-26 08:00:00.000
166,"public health, global health, protect health, world health, national health",3,2021-02-26 08:00:00.000
167,"homelessness, homeless, shelter, shelters, immigrant",1,2021-02-26 08:00:00.000
169,"businesses, enterprises, business, strategic, small businesses",2,2021-02-26 08:00:00.000
170,"taste smell, smell, symptom, common cold, infection",3,2021-02-26 08:00:00.000
171,"cancer patients, cancer, coping, diagnosed, survival rate",2,2021-02-26 08:00:00.000
172,"neurological, diseases, covid1, disease, alzheimer",7,2021-02-26 08:00:00.000
173,"vietnam, vietnam war, covid19ab, asia, outbreak",5,2021-02-26 08:00:00.000
175,"quotes, quote, optimism, chaos, return",1,2021-02-26 08:00:00.000
176,"positive virus, deaths reported, test positive, care home, virus",1,2021-02-26 08:00:00.000
177,"nhs, nhs staff, medical supplies, ppe, charity",4,2021-02-26 08:00:00.000
178,"mrna vaccine, mrna vaccines, vaccines, vaccine, vaccines work",12,2021-02-26 08:00:00.000
179,"getting vaccine, vaccines safe, receive vaccine, vaccine, vaccines",15,2021-02-26 08:00:00.000
180,"nhs app, nhscovid19app, nhs, apps, nhs test",8,2021-02-26 08:00:00.000
181,"doug ford, ford, fordnation, premier doug, resign",4,2021-02-26 08:00:00.000
182,"digital transformation, digital, 3d, technology, microsoft",2,2021-02-26 08:00:00.000
184,"cybersecurity, security, threats, help protect, cyber",7,2021-02-26 08:00:00.000
185,"johnson vaccine, vaccine rollout, vaccine new, vaccine trials, vaccine",11,2021-02-26 08:00:00.000
186,"taiwan, global health, world health, chinese communist, china",18,2021-02-26 08:00:00.000
187,"nova scotia, new infections, scotia, cases province, cases announced",6,2021-02-26 08:00:00.000
188,"cases reported, cases today, tamil nadu, nadu, cases thursday",4,2021-02-26 08:00:00.000
189,"disinfect, disinfection, disinfectant, disinfectants, sanitize",4,2021-02-26 08:00:00.000
190,"kenya, nairobi, moh_kenya, kenyatta, kenyans",4,2021-02-26 08:00:00.000
191,"obesity, obese, people hospitalized, weight, hospitalized",3,2021-02-26 08:00:00.000
192,"facebook, social media, socialmedia, censorship, fb",3,2021-02-26 08:00:00.000
193,"philippine, philippines, manila, disease 2019, gmt coronavirusupdate",6,2021-02-26 08:00:00.000
194,"ramadan, mosques, muslim, muslims, islamic",5,2021-02-26 08:00:00.000
195,"vaccine children, taking vaccine, receive vaccine, vaccine, getting vaccinated",3,2021-02-26 08:00:00.000
196,"wuhan institute, wuhan lab, coronaviruses, lab wuhan, researchers",1,2021-02-26 08:00:00.000
197,"new mexico, mexico, cases deaths, mexican, infections",2,2021-02-26 08:00:00.000
198,"retailers, retail, sales, shopping, commerce",5,2021-02-26 08:00:00.000
199,"novavax, new vaccine, vaccine new, vaccin, vaccine vaccine",4,2021-02-26 08:00:00.000
200,"diabetes, pandemics, patients died, disease, patients",2,2021-02-26 08:00:00.000
202,"stimulus package, stimulus, fiscal, economic recovery, savings",5,2021-02-26 08:00:00.000
205,"pets, pet, dogs, animals, dog",6,2021-02-26 08:00:00.000
207,"tim, twitter, foxnews, breitbartnews, fox news",1,2021-02-26 08:00:00.000
208,"receive vaccine, vaccination status, employees vaccinated, vaccination, vaccinations",5,2021-02-26 08:00:00.000
209,"laughingrolling, vaccine, floor laughingrolling, laughingrolling floor, floor laughing",1,2021-02-26 08:00:00.000
210,"curfew, lockdown, 7pm, netherlands, ban",3,2021-02-26 08:00:00.000
211,"vaccinated people, post vaccination, vaccinated, fully vaccinated, received vaccine",3,2021-02-26 08:00:00.000
212,"navajo nation, navajo, native american, tribal, vaccinated",3,2021-02-26 08:00:00.000
214,"hiv, hiv aids, aids, covid19vaccine, pandemics",6,2021-02-26 08:00:00.000
215,"employees vaccinated, vaccination status, vaccination, vaccine, vaccines",6,2021-02-26 08:00:00.000
216,"exams, exam, examination, examinations, students",2,2021-02-26 08:00:00.000
218,"indonesia, indonesian, reform, recovering, philippines",1,2021-02-26 08:00:00.000
219,"deaths india, death toll, death rate, 000 deaths, number deaths",27,2021-02-26 08:00:00.000
220,"germany, berlin, german, recession, merkel",6,2021-02-26 08:00:00.000
221,"death toll, kenya, nairobi, deaths, kenyatta",1,2021-02-26 08:00:00.000
222,"brazilian, 000 deaths, deaths recorded, deaths today, death toll",8,2021-02-26 08:00:00.000
223,"hcq, virologist, ill patients, patients treated, fda",2,2021-02-26 08:00:00.000
224,"cancelled, canceled, postponed, cancelling, cancels",1,2021-02-26 08:00:00.000
225,"tory, scandal, westminster, tories, brexit",1,2021-02-26 08:00:00.000
226,"ayush, herbal, treatment, cure, medicines",5,2021-02-26 08:00:00.000
227,"nursing, nurse, nurses, care patients, treat patients",3,2021-02-26 08:00:00.000
229,"symptoms, fever, like symptoms, symptom, flu",3,2021-02-26 08:00:00.000
231,"longcovid, showing symptoms, symptoms, severe illness, symptom",1,2021-02-26 08:00:00.000
234,"ventilation, outbreak, risk infection, ventilated, diseases like",1,2021-02-26 08:00:00.000
235,"5g, mobile, skin tone, light skin, phones",2,2021-02-26 08:00:00.000
236,"cyril ramaphosa, vaccination, ramaphosa, president cyril, cyrilramaphosa",1,2021-02-26 08:00:00.000
237,"sputnik vaccine, vaccine india, vaccine, vaccine trials, vaccine vaccine",13,2021-02-26 08:00:00.000
238,"reopening plan, reopening, reopens, reopen, ontario",1,2021-02-26 08:00:00.000
239,"scott morrison, morrison, new cases, public health, scott",5,2021-02-26 08:00:00.000
240,"taxes, tax, fiscal, taxpayers, irs",4,2021-02-26 08:00:00.000
241,"deaths reported, total deaths, deaths today, maharashtra, cases death",8,2021-02-26 08:00:00.000
242,"additional deaths, deaths related, related deaths, deaths, deaths reported",1,2021-02-26 08:00:00.000
243,"karnataka, complete lockdown, lockdown lockdown, lockdown till, lockdown",10,2021-02-26 08:00:00.000
244,"donate plasma, plasma donor, need plasma, plasma therapy, blood plasma",17,2021-02-26 08:00:00.000
245,"state health, tn, tennessee, health emergency, public health",8,2021-02-26 08:00:00.000
246,"according cdc, deaths reported, death rate, reported deaths, cdc says",2,2021-02-26 08:00:00.000
247,"suicide, suicides, depression, mental health, mutual",1,2021-02-26 08:00:00.000
248,"vaccine available, vaccine, vaccine vaccine, received vaccine, vaccine developed",2,2021-02-26 08:00:00.000
249,"volunteers, sessions, volunteering, volunteer, tour",2,2021-02-26 08:00:00.000
250,"wildlife, pandemics, infectious diseases, zoo, animals",3,2021-02-26 08:00:00.000
251,"recovered plasma, recovered patient, blood plasma, need plasma, need recovered",41,2021-02-26 08:00:00.000
252,"insurance, insurers, health insurance, market 2020, market",1,2021-02-26 08:00:00.000
253,"died complications, died april, passed away, died, retired",2,2021-02-26 08:00:00.000
254,"transplant, kidney, donor, dialysis, patients",4,2021-02-26 08:00:00.000
255,"ipl, ipl2021, 2021, premier league, covid19india",12,2021-02-26 08:00:00.000
258,"covid_19_za, travel restrictions, traveling, travel, covid19sa",4,2021-02-26 08:00:00.000
259,"casualties, india crisis, cremation, burial, funeral",43,2021-02-26 08:00:00.000
260,"debt, loan, loans, lending, financing",1,2021-02-26 08:00:00.000
261,"resource, resources, guide, provides, website",7,2021-02-26 08:00:00.000
262,"covaxin, bats, coronaviruses, fear, bat",2,2021-02-26 08:00:00.000
263,"patients, physicians, doctors, physician, clinicians",2,2021-02-26 08:00:00.000
264,"cases province, cases deaths, manitoba, cases announced, new deaths",2,2021-02-26 08:00:00.000
265,"lungs, respiratory, lung, pneumonia, patients",2,2021-02-26 08:00:00.000
267,"cv, cvs, address, ca, blvd",12,2021-02-26 08:00:00.000
268,"indiafightscorona, indiafightscorona round, round pushpin, cases india, maskface medical",14,2021-02-26 08:00:00.000
269,"supreme court, judicial, courts, court, chief justice",5,2021-02-26 08:00:00.000
270,"dogs, dog, infection, distancing, signs",2,2021-02-26 08:00:00.000
271,"sewage, epidemiology, waste, outbreaks, viral",4,2021-02-26 08:00:00.000
274,"dental, hygiene, oral, infection, infection rate",4,2021-02-26 08:00:00.000
275,"nurses, doctors nurses, nurse, nursing, hospital staff",2,2021-02-26 08:00:00.000
276,"webinars, webinar, free webinar, webinar series, join webinar",2,2021-02-26 08:00:00.000
277,"myanmar, poverty, poor people, population, thailand",4,2021-02-26 08:00:00.000
280,"vaccine today, received vaccine, got vaccinated, getting vaccine, got vaccine",5,2021-02-26 08:00:00.000
281,"oil, surge, fuels, recession, demand",8,2021-02-26 08:00:00.000
282,"deaths today, coronaviruspandemic, reports deaths, deaths, deaths total",1,2021-02-26 08:00:00.000
283,"zinc, hydroxychloroquine, chloroquine, vitamin, herbal",1,2021-02-26 08:00:00.000
284,"ca, california, newsom, gavin newsom, elections",4,2021-02-26 08:00:00.000
286,"infections, infection, infect, icus, icu",1,2021-02-26 08:00:00.000
287,"jamaica, travel ban, fully vaccinated, vaccinated, travel",2,2021-02-26 08:00:00.000
288,"brazilian, bolsonaro, brazil, protests, threatens",3,2021-02-26 08:00:00.000
289,"ontario reports, ontario reporting, cases ontario, cases deaths, breaking ontario",2,2021-02-26 08:00:00.000
290,"vaccination rates, vaccine rollout, eligible vaccine, covid19ab, vaccination",4,2021-02-26 08:00:00.000
292,"fatality rate, total deaths, rate, fatality, deaths reported",1,2021-02-26 08:00:00.000
294,"cities, mayor, city, borders, urban",4,2021-02-26 08:00:00.000
295,"immunity, immune response, natural immunity, immune, immunology",2,2021-02-26 08:00:00.000
296,"aviation, aircraft, flying, flight, airplane",1,2021-02-26 08:00:00.000
297,"marathon, race, audience, attending, racing",1,2021-02-26 08:00:00.000
298,"data, convalescent, information, stats, important information",6,2021-02-26 08:00:00.000
300,"tests day, 000 tests, million tests, total tests, tests conducted",4,2021-02-26 08:00:00.000
301,"hospital bed, icu beds, hospital beds, beds available, beds",29,2021-02-26 08:00:00.000
302,"vaccination rate, people vaccinated, fully vaccinated, vaccinated, partially vaccinated",5,2021-02-26 08:00:00.000
303,"sputnik vaccine, use vaccine, vaccines, vaccine developed, vaccine",3,2021-02-26 08:00:00.000
304,"uk government, uk govt, brexit, britons, britain",2,2021-02-26 08:00:00.000
305,"work home, working home, home stay, indefinitely, stay home",1,2021-02-26 08:00:00.000
306,"wearing, clothing, shirts, fashion, shirt",3,2021-02-26 08:00:00.000
307,"cycling, bike, rides, mobility, ride",1,2021-02-26 08:00:00.000
308,"heart disease, heart inflammation, cardiac, heart attack, cardiovascular",1,2021-02-26 08:00:00.000
309,"brexit, austerity, britain, cost, british",2,2021-02-26 08:00:00.000
310,"appointments available, cvs pharmacy, available appointments, appointments detected, appointment",29,2021-02-26 08:00:00.000
311,"joebiden, joe, breitbartnews, realdonaldtrump, trump told",5,2021-02-26 08:00:00.000
312,"plasma therapy, convalescent plasma, blood plasma, clinical trials, plasma",5,2021-02-26 08:00:00.000
313,"covid19sa, deadly virus, covidiots, virus, viruses",2,2021-02-26 08:00:00.000
314,"bleach, disinfectant, disinfectants, cure, cures",9,2021-02-26 08:00:00.000
315,"dexamethasone, clinical trial, medication, help patients, ill patients",3,2021-02-26 08:00:00.000
316,"fintech, banking, banks, finance, bankers",4,2021-02-26 08:00:00.000
317,"looting, extreme poverty, poverty, current crisis, famine",1,2021-02-26 08:00:00.000
318,"ottawa, cbc news, breaking ontario, ontario, edmonton",1,2021-02-26 08:00:00.000
319,"handsfolded hands, folded handsfolded, handsfolded handsfolded, handsfolded, folded hands",15,2021-02-26 08:00:00.000
320,"reinfection, infected, virus, infection, immunity",2,2021-02-26 08:00:00.000
321,"bell, died today, grocery, died, passed away",1,2021-02-26 08:00:00.000
322,"islamic, muslim, muslims, allah, mubarak",2,2021-02-26 08:00:00.000
324,"yemen, coronavirusindia, coronavirusupdate, coronaviruspandemic, coronavirusupdate coronaviruspandemic",3,2021-02-26 08:00:00.000
326,"scotland, scottish government, daily report, scottish, glasgow",2,2021-02-26 08:00:00.000
327,"peru, developing countries, miami, 29, country",1,2021-02-26 08:00:00.000
328,"vaccine hesitancy, vaccine, vaccine vaccine, anti vaccine, taking vaccine",4,2021-02-26 08:00:00.000
329,"trick, day, month, april 2020, april",1,2021-02-26 08:00:00.000
331,"infection rates, infection rate, health england, essex, yorkshire",2,2021-02-26 08:00:00.000
332,"blood clot, blood clots, clot, vaccine, clots",13,2021-02-26 08:00:00.000
335,"hospitalized, care providers, medicare, sc, hospital patients",1,2021-02-26 08:00:00.000
336,"second doses, second dose, 1st dose, 2nd dose, doses",3,2021-02-26 08:00:00.000
339,"health emergency, state emergency, easing restrictions, news, governor whitmer",2,2021-02-26 08:00:00.000
340,"highest daily, cases highest, lanka, sri lanka, cases reported",1,2021-02-26 08:00:00.000
342,"curve, flatten curve, flattening curve, safe, mitigation",2,2021-02-26 08:00:00.000
344,"covid_19_za, scam, scams, fraud, hoax",2,2021-02-26 08:00:00.000
346,"syria, coronavirusupdate, gmt coronavirusupdate, coronaviruspandemic, iraq",4,2021-02-26 08:00:00.000
348,"welsh, wales, uk government, england wales, cardiff",2,2021-02-26 08:00:00.000
352,"sops, getting vaccine, deadly virus, ministry health, sop",4,2021-02-26 08:00:00.000
353,"policing, police, enforcement, report, arrest",1,2021-02-26 08:00:00.000
354,"lab leak, leak theory, leaked, lab, leak",1,2021-02-26 08:00:00.000
355,"freedoms, rights, liberties, freedom, humanrights",2,2021-02-26 08:00:00.000
356,"astrazeneca, meetings, meeting, 6pm, scheduled",1,2021-02-26 08:00:00.000
358,"exercise, fitness, gym, routine, gyms",4,2021-02-26 08:00:00.000
359,"tested positive, tests positive, testing positive, test positive, positive tests",1,2021-02-26 08:00:00.000
360,"waste, pollution, garbage, trash, environmental",3,2021-02-26 08:00:00.000
361,"treat patients, infectious disease, patients, infectious, medical experts",9,2021-02-26 08:00:00.000
362,"walgreens, drug store, pharmacies, availability, store",34,2021-02-26 08:00:00.000
363,"pandemics, health, current crisis, inequality, inequalities",3,2021-02-26 08:00:00.000
364,"vaccine appointment, vaccine appointments, eligible vaccine, vaccine clinics, vaccination clinics",11,2021-02-26 08:00:00.000
365,"rajasthan, jaipur, haryana, coronavirusupdates, indiafightscorona",11,2021-02-26 08:00:00.000
366,"ccp, virus, spread virus, virus like, evidence",3,2021-02-26 08:00:00.000
367,"keycap, 1keycap, vaccines, immunity, rt",5,2021-02-26 08:00:00.000
368,"moderna vaccine, approval vaccine, moderna says, vaccine shots, vaccine",6,2021-02-26 08:00:00.000
369,"alberta, albertans, ndp, province, edmonton",7,2021-02-26 08:00:00.000
370,"museums, museum, exhibition, discovery, art",1,2021-02-26 08:00:00.000
372,"cases ontario, quebec, cdc reports, cases deaths, ontario",2,2021-02-26 08:00:00.000
373,"covishield vaccine, covishield, covaxin, doses given, odisha",13,2021-02-26 08:00:00.000
374,"hoax, coronavirusuk, wilson, fakenews, believed",1,2021-02-26 08:00:00.000
376,"charged, san diego, secblinken, diego, ev",1,2021-02-26 08:00:00.000
378,"socialmedia, digital, advertising, social media, digital transformation",1,2021-02-26 08:00:00.000
379,"supply chain, supply chains, logistics, supply, production",4,2021-02-26 08:00:00.000
380,"gst, 2020 21, 2021, 05 2021, availability",2,2021-02-26 08:00:00.000
381,"fight virus, virus, government failed, governments, government response",7,2021-02-26 08:00:00.000
382,"employees vaccinated, houston hospital, receive vaccine, vaccinated, vaccination",2,2021-02-26 08:00:00.000
384,"billions, trillion, millions, billion, costs",1,2021-02-26 08:00:00.000
386,"rwanda, united nations, east africa, sudan, national security",3,2021-02-26 08:00:00.000
387,"heartsparkles, flowers, hearts, blue heart, heartred",8,2021-02-26 08:00:00.000
390,"inflammatory syndrome, inflammation, inflammatory, syndrome, disease",1,2021-02-26 08:00:00.000
392,"cancel, toronto, cancelled, canceled, airline",1,2021-02-26 08:00:00.000
395,"retirement, pension, job losses, seniors, social security",2,2021-02-26 08:00:00.000
396,"vaccinations, north dakota, south dakota, dakota, influenza",1,2021-02-26 08:00:00.000
397,"telangana, andhra, andhrapradesh, hyderabad, karnataka",10,2021-02-26 08:00:00.000
398,"resignation, resign, matt hancock, judge, court",2,2021-02-26 08:00:00.000
402,"tanzania, hiv aids, hiv, covidvaccination, rwanda",2,2021-02-26 08:00:00.000
403,"curfew, weddings, wedding, night, party",1,2021-02-26 08:00:00.000
405,"lockdown restrictions, national lockdown, lockdowns, lockdown measures, lockdown",3,2021-02-26 08:00:00.000
407,"unicef, covid19india, charities, ngo, volunteers",3,2021-02-26 08:00:00.000
409,"trumpvirus, racism, brave, trump said, racist",2,2021-02-26 08:00:00.000
410,"easing restrictions, new restrictions, restrictions lifted, restrictions, restriction",2,2021-02-26 08:00:00.000
412,"deaf, hearing, disabled people, aid, clinicians",2,2021-02-26 08:00:00.000
413,"need plasma, need blood, blood plasma, blood type, urgently need",12,2021-02-26 08:00:00.000
417,"state reported, deaths, cases confirmed, reported today, cases tuesday",1,2021-02-26 08:00:00.000
419,"victims, lgbtq, young people, violence, youth",1,2021-02-26 08:00:00.000
420,"15 deaths, cases deaths, total deaths, additional deaths, deaths recorded",3,2021-02-26 08:00:00.000
421,"cases deaths, 000 cases, cases death, caseload, additional deaths",1,2021-02-26 08:00:00.000
422,"workers died, deaths, residents died, healthcare workers, death toll",6,2021-02-26 08:00:00.000
423,"megaphone, nhs app, 2021, announcement, pacific",4,2021-02-26 08:00:00.000
424,"drones, drone, karnataka, combat, policing",1,2021-02-26 08:00:00.000
425,"memorial day, memorial, mourning, honoring, lost lives",2,2021-02-26 08:00:00.000
426,"vaccine doses, doses vaccines, doses vaccine, covidvaccination, vaccine update",1,2021-02-26 08:00:00.000
427,"kagutamuseveni, ashokgehlot51, imrankhanpti, cmomaharashtra, narendramodi",3,2021-02-26 08:00:00.000
428,"stayhome, song, music, nowplaying, listen",7,2021-02-26 08:00:00.000
429,"leaders, youth, participation, young people, ndtv",1,2021-02-26 08:00:00.000
430,"fear, fears, don afraid, scared, scare",1,2021-02-26 08:00:00.000
433,"disease, pediatric, diagnosed, illness, inflammatory syndrome",2,2021-02-26 08:00:00.000
435,"vegas, las vegas, las, hotel, nevada",2,2021-02-26 08:00:00.000
436,"leadership, leaders, leader, incompetent, catastrophe",1,2021-02-26 08:00:00.000
437,"global vaccine, vaccine rollout, access vaccines, million vaccines, vaccines",1,2021-02-26 08:00:00.000
439,"stress, stressed, anxiety, health crisis, stressful",2,2021-02-26 08:00:00.000
440,"contagious, highly contagious, contagion, infected people, cold flu",1,2021-02-26 08:00:00.000
442,"saliva, risk infection, diagnosis, diagnostic, disinfect",1,2021-02-26 08:00:00.000
444,"whatsapp, messages, message, vaccination, vaccine just",5,2021-02-26 08:00:00.000
446,"hate crimes, senate, legislation, crimes, senator",4,2021-02-26 08:00:00.000
447,"vaccine today, vaccine doses, doses vaccines, doses vaccine, vaccine",3,2021-02-26 08:00:00.000
449,"today update, daily update, dashboard, update new, update",2,2021-02-26 08:00:00.000
451,"zimbabwe, zambia, stone, looting, home",1,2021-02-26 08:00:00.000
453,"detention, detained, migrants, jails, immigration",5,2021-02-26 08:00:00.000
455,"donate plasma, need blood, donor, donate, donating",2,2021-02-26 08:00:00.000
458,"lebanon, coronavir, 2021 cases, deaths, new deaths",2,2021-02-26 08:00:00.000
459,"fines, fined, violations, enforcement, arrests",7,2021-02-26 08:00:00.000
460,"essential travel, travel, travelling, traveling, tourists",2,2021-02-26 08:00:00.000
461,"global vaccine, vaccines world, access vaccines, vaccine approved, vaccinations",4,2021-02-26 08:00:00.000
462,"anxiety, anxious, coping, mental health, covidindia",3,2021-02-26 08:00:00.000
463,"health safety, workplace, workplaces, safety, new restrictions",1,2021-02-26 08:00:00.000
464,"somalia, election, 2021, east africa, africa",2,2021-02-26 08:00:00.000
465,"201, population, latest figures, prevalence, ministry health",1,2021-02-26 08:00:00.000
466,"blue diamond, diamond, suit, small blue, blue",2,2021-02-26 08:00:00.000
470,"railways, railway, rail, trains, train",5,2021-02-26 08:00:00.000
472,"malaria, diseases, disease, endemic, tuberculosis",2,2021-02-26 08:00:00.000
473,"cases announced, cases today, china china, new cases, cases yesterday",2,2021-02-26 08:00:00.000
474,"sacrifice, hindu, gandhi, condemned, disgrace",1,2021-02-26 08:00:00.000
475,"hospitalisation, hospitals, hospital, patients hospital, hospital beds",2,2021-02-26 08:00:00.000
476,"spike protein, spike, protein, pathogen, viral",2,2021-02-26 08:00:00.000
477,"health authorities, cov, health officials, provide update, health ministry",4,2021-02-26 08:00:00.000
478,"uv light, uv, light, read article, evidence",2,2021-02-26 08:00:00.000
480,"birthday, celebrations, celebrating, celebrate, happy birthday",6,2021-02-26 08:00:00.000
482,"karnataka, covidー19, cases reported, covidsecondwave, bengaluru",4,2021-02-26 08:00:00.000
483,"fur, banning, farms, farming, farm",21,2021-02-26 08:00:00.000
484,"pharmaceutical, medicines, mistakes, pharma, medicine",1,2021-02-26 08:00:00.000
485,"cases reported, bihar, update day, ve cases, patna",3,2021-02-26 08:00:00.000
489,"vaccine passport, nhs app, passports, passport, international travel",17,2021-02-26 08:00:00.000
491,"interview, interviewed, interviews, conversation, anna",2,2021-02-26 08:00:00.000
492,"walgreens, appointments, san, ca, los angeles",2,2021-02-26 08:00:00.000
494,"biden says, global vaccine, vaccine, million vaccines, vaccine doses",1,2021-02-26 08:00:00.000
495,"jab, jabs, hancock, gets, tam",2,2021-02-26 08:00:00.000
496,"muslims, infect, muslim, mosque, islamic",2,2021-02-26 08:00:00.000
497,"jammu kashmir, kashmir, jammu, india reports, related deaths",10,2021-02-26 08:00:00.000
499,"coronaviruspandemic, coronavirusupdate, coronavirusupdate coronaviruspandemic, gmt coronavirusupdate, hungary",2,2021-02-26 08:00:00.000
500,"number deaths, death count, deaths reported, death numbers, death rates",1,2021-02-26 08:00:00.000
501,"vaccine appointments, vaccine clinic, vaccine available, vaccination clinic, pfizer vaccine",5,2021-02-26 08:00:00.000
502,"vaccine appointments, available walgreens, walgreens, appointments available, vaccine",2,2021-02-26 08:00:00.000
503,"vendors, cases, products, goods, item",2,2021-02-26 08:00:00.000
504,"alberta, albertans, calgary, cases deaths, cases province",6,2021-02-26 08:00:00.000
507,"paw, faceface, face open, clover, leaf clover",1,2021-02-26 08:00:00.000
509,"vaccines safe, taking vaccine, vaccine vaccine, vaccine, vaccines",2,2021-02-26 08:00:00.000
510,"face sunglasses, smiling face, face smiling, smiling_face_with_heart eyes, smiling eyes",2,2021-02-26 08:00:00.000
511,"vaccine update, book vaccine, receiving vaccine, receive vaccine, vaccines available",8,2021-02-26 08:00:00.000
512,"fashion, industry, factories, care workers, clothing",1,2021-02-26 08:00:00.000
516,"vaccine hesitancy, vaccine available, use vaccine, vaccine approved, vaccine",6,2021-02-26 08:00:00.000
519,"whistleblower, modi, patients died, corrupt, trump administration",2,2021-02-26 08:00:00.000
521,"fighting stigma, stigma, health minister, discriminate, discrimination",1,2021-02-26 08:00:00.000
522,"great article, article, articles, interesting article, read article",2,2021-02-26 08:00:00.000
525,"portugal, state emergency, emergency, quarantine, world worst",1,2021-02-26 08:00:00.000
526,"trudeau, justin trudeau, justintrudeau, canadians, india fight",9,2021-02-26 08:00:00.000
528,"location walgreens, walgreens location, provider walgreens, available appointments, walgreens",17,2021-02-26 08:00:00.000
529,"poetry, dies, literature, banerjee, author",1,2021-02-26 08:00:00.000
530,"retweet, tweet, tweeted, 200, 300",1,2021-02-26 08:00:00.000
531,"mental health, mentalhealth, mental illness, health services, organizations",1,2021-02-26 08:00:00.000
534,"infectious diseases, virus spread, infectious, spread virus, according cdc",1,2021-02-26 08:00:00.000
535,"oklahoma, deaths reported, cases deaths, new deaths, tulsa",2,2021-02-26 08:00:00.000
536,"skynews, secretary, viewers, watch live, bbc",1,2021-02-26 08:00:00.000
538,"oregon, risk, deaths reported, outbreaks, extreme",1,2021-02-26 08:00:00.000
540,"hospital bed, beds available, icu beds, hospital, beds",11,2021-02-26 08:00:00.000
541,"indonesian, indonesia, sinovac vaccine, vaccination program, vaccines",1,2021-02-26 08:00:00.000
543,"covaxin, covid19vaccine, vaccine, deadly virus, vaccination programme",16,2021-02-26 08:00:00.000
544,"vaccine passports, vaccine passport, global vaccine, free vaccine, vaccine",4,2021-02-26 08:00:00.000
547,"azerbaijan, russia, red heart, global health, china",2,2021-02-26 08:00:00.000
549,"pictures, photo, coronavi, photos, pic",3,2021-02-26 08:00:00.000
550,"innovation, technology, government, technologies, services",1,2021-02-26 08:00:00.000
551,"trudeau, justin trudeau, justintrudeau, flights, cancel",1,2021-02-26 08:00:00.000
552,"disney, park, visiting, resort, precautions",2,2021-02-26 08:00:00.000
553,"fighter, fights, fight, politics, political",1,2021-02-26 08:00:00.000
554,"jammu kashmir, kashmir, jammu, srinagar, human rights",3,2021-02-26 08:00:00.000
556,"mps, conducted, personnel, public service, establishment",3,2021-02-26 08:00:00.000
561,"public, libraries, library, wi, buildings",1,2021-02-26 08:00:00.000
563,"delhi, new delhi, deaths reported, fatalities, deaths",4,2021-02-26 08:00:00.000
564,"joke, disease, jokes, patient, funny",3,2021-02-26 08:00:00.000
569,"rain, weather, storm, wind, sunset",1,2021-02-26 08:00:00.000
570,"covid1, sleep, sleeping, woke, sad news",1,2021-02-26 08:00:00.000
572,"infect, hug, health, respiratory, safely",2,2021-02-26 08:00:00.000
573,"africa, livelihoods, fish, senegal, wildlife",1,2021-02-26 08:00:00.000
575,"corona virus, coronavirusindia, coronaviruspandemic, coronavirusupdates, coronavirusupdate",2,2021-02-26 08:00:00.000
579,"deadly virus, right arrow, cases reported, disease, arrow",3,2021-02-26 08:00:00.000
580,"tamil nadu, care centre, nagar, karnataka, srinagar",4,2021-02-26 08:00:00.000
581,"hospitals, hospital patients, hospital, patients, hospital beds",3,2021-02-26 08:00:00.000
585,"corruption, corrupt, pr, governance, criminals",2,2021-02-26 08:00:00.000
589,"million vaccines, vaccine update, covidvaccination, vaccine dose, vaccine doses",5,2021-02-26 08:00:00.000
593,"transition, autism, disabilities, educational, communication",1,2021-02-26 08:00:00.000
596,"asia, asean, south asia, economic recovery, regions",2,2021-02-26 08:00:00.000
598,"construction, building, contractors, buildings, hotel quarantine",2,2021-02-26 08:00:00.000
601,"vaccination clinic, dose pfizer, vaccine clinic, pfizer, vaccine appointments",1,2021-02-26 08:00:00.000
602,"facts, false, misinformation, twitter, tweets",2,2021-02-26 08:00:00.000
605,"fiji, quarantine, islands, cases recorded, containment",4,2021-02-26 08:00:00.000
606,"crypto, bitcoin, blockchain, trading, market",2,2021-02-26 08:00:00.000
607,"immunity, immune, natural immunity, immune response, medications",1,2021-02-26 08:00:00.000
608,"county health, free testing, testing available, health dept, county public",2,2021-02-26 08:00:00.000
609,"tucker carlson, carlson, tucker, foxnews, fox news",3,2021-02-26 08:00:00.000
610,"complete lockdown, total lockdown, lockdown extended, lockdown restrictions, lockdown",4,2021-02-26 08:00:00.000
611,"johnson vaccine, vaccine dose, vaccination update, doses vaccines, vaccine shots",3,2021-02-26 08:00:00.000
612,"philippines, philippine, manila, filipinos, filipino",2,2021-02-26 08:00:00.000
613,"transmission, community transmission, guidelines, updated guidance, transmit",2,2021-02-26 08:00:00.000
615,"herman cain, cain, herman, remembered, remember",1,2021-02-26 08:00:00.000
617,"vaccine appointments, walgreens chicago, available walgreens, walgreens, appointments available",5,2021-02-26 08:00:00.000
618,"happy friday, friday, saturday, weekend, good evening",2,2021-02-26 08:00:00.000
620,"uk reports, covidー19, uk cases, daily report, united kingdom",2,2021-02-26 08:00:00.000
621,"province, cases province, provincial, north, north america",2,2021-02-26 08:00:00.000
624,"covid19vaccine, ontario, quebec, epidemiology, toronto",3,2021-02-26 08:00:00.000
627,"company, ceo, ceos, companies, chairman",2,2021-02-26 08:00:00.000
629,"corona spread, coronaviru, corona, coronavi, updates",3,2021-02-26 08:00:00.000
630,"deaths total, death numbers, gujarat, cases deaths, deaths",4,2021-02-26 08:00:00.000
632,"critically ill, help patients, infected, sonusood, admitted hospital",2,2021-02-26 08:00:00.000
633,"saskatchewan, cases province, cases increase, cases today, new cases",1,2021-02-26 08:00:00.000
635,"location walgreens, walgreens location, provider walgreens, walgreens, available appointments",12,2021-02-26 08:00:00.000
636,"eligible vaccine, receive vaccine, free vaccination, free vaccine, vaccine appointment",3,2021-02-26 08:00:00.000
637,"uber, hispanic, latino, trips, trip",7,2021-02-26 08:00:00.000
640,"kerala, cases reported, cases today, cases death, daily cases",2,2021-02-26 08:00:00.000
641,"longcovid, illnesses, severe illness, diseases, illness",3,2021-02-26 08:00:00.000
642,"infectious diseases, diseases, diseases like, infectious, forest",1,2021-02-26 08:00:00.000
644,"institute virology, virology, virologist, health authorities, researchers",1,2021-02-26 08:00:00.000
645,"nbc, soccer, cbs, nhl, hosted",1,2021-02-26 08:00:00.000
647,"michigan, vaccination rate, vaccines safe, vaccines, cases deaths",3,2021-02-26 08:00:00.000
649,"atlas, maps, map, covid19vaccine, charts",1,2021-02-26 08:00:00.000
651,"smiling_face_with_heart eyes, smiling_face_with_heart, covidー19, face sunglasses, face mask",8,2021-02-26 08:00:00.000
653,"hospitalized patients, ill patients, patients admitted, hospitalized, patients",1,2021-02-26 08:00:00.000
658,"deaths, people died, iran, iranian, 000 people",2,2021-02-26 08:00:00.000
660,"donate plasma, corona virus, flu, politics, politicians",4,2021-02-26 08:00:00.000
661,"camps, camp, summer, new cdc, cdc",3,2021-02-26 08:00:00.000
662,"appointments available, available walgreens, appointments, walgreens, clinic",4,2021-02-26 08:00:00.000
663,"vaccines available, need vaccine, vaccine appointment, vaccination update, vaccination sites",1,2021-02-26 08:00:00.000
664,"cases today, cases 18, cases 13, recorded cases, new cases",1,2021-02-26 08:00:00.000
667,"haiti, death rates, deaths, editorial, health emergency",1,2021-02-26 08:00:00.000
668,"nose, swabs, antibody test, swab, nasal",1,2021-02-26 08:00:00.000
671,"dr erickson, erickson, asia, briefing, philippines",1,2021-02-26 08:00:00.000
672,"mayors, mayor, city council, municipal, city",1,2021-02-26 08:00:00.000
673,"burial, funerals, funeral, related death, buried",1,2021-02-26 08:00:00.000
675,"rehabilitation, recovery, help patients, treating patients, hospitalized patients",1,2021-02-26 08:00:00.000
677,"coronaviruspandemic, coronavirusoutbreak, corona virus, corona, cartoon",1,2021-02-26 08:00:00.000
679,"new brunswick, brunswick, youngest, outbreak, victim",1,2021-02-26 08:00:00.000
681,"transplant, patients, ill patients, critical care, lung",1,2021-02-26 08:00:00.000
683,"loneliness, self isolation, socialdistancing, epidemic, depression",1,2021-02-26 08:00:00.000
687,"travel ban, travel restrictions, restrictions, restriction, restrict",2,2021-02-26 08:00:00.000
688,"coronavirusupdate, coronavirusupdates, coronaviruspandemic, coronavirusindia, coronavirusuk",2,2021-02-26 08:00:00.000
692,"covid19india, odisha, covidvaccination, getting infected, cases reported",2,2021-02-26 08:00:00.000
695,"social media, socialmedia, police, supreme court, advocacy",1,2021-02-26 08:00:00.000
696,"hugo talks, park, talks lockdown, hugo, lockdown",1,2021-02-26 08:00:00.000
699,"chicago, il, illinois, threatens, central",1,2021-02-26 08:00:00.000
700,"dancing, dance, party, bollywood, video",2,2021-02-26 08:00:00.000
703,"mark button, check mark, button, cross mark, mark",1,2021-02-26 08:00:00.000
705,"remote work, remotely, remote, working home, work home",2,2021-02-26 08:00:00.000
707,"youngest, victoria, margaret, victim, child",2,2021-02-26 08:00:00.000
708,"india response, withheld, accounts, account, indiafightscorona",3,2021-02-26 08:00:00.000
709,"treat patients, hospital patients, hospitalisation, patients hospital, positive patients",3,2021-02-26 08:00:00.000
711,"ambulances, ambulance, care unit, hospital, karnataka",3,2021-02-26 08:00:00.000
713,"memorial day, memorial, workers died, died today, mourning",10,2021-02-26 08:00:00.000
716,"quarantine center, positive tests, diagnosed, ministry health, patients",3,2021-02-26 08:00:00.000
718,"lottery, chance, potus, govrondesantis, vp",1,2021-02-26 08:00:00.000
720,"assam, coronavirusupdates, karnataka, coronavirusindia, odisha",2,2021-02-26 08:00:00.000
723,"ethiopia, lab, rwanda, testing, tests conducted",1,2021-02-26 08:00:00.000
725,"journalists, journalism, journalist, newspapers, newspaper",1,2021-02-26 08:00:00.000
726,"spoked_asterisk, case updates, updates, cases infection, cases detected",1,2021-02-26 08:00:00.000
727,"location walgreens, walgreens location, provider walgreens, available appointments, appointments detected",7,2021-02-26 08:00:00.000
729,"blood clots, clots, inflammatory syndrome, blood, critically ill",1,2021-02-26 08:00:00.000
731,"italian, german, strains, english, spanish",2,2021-02-26 08:00:00.000
732,"bjp4india, narendramodi pmoindia, bjp, pmoindia narendramodi, rahulgandhi",2,2021-02-26 08:00:00.000
733,"arsenal, fan, fans, clubs, writing",1,2021-02-26 08:00:00.000
735,"tyson, crisis, sheriff, plants, plant",1,2021-02-26 08:00:00.000
736,"european_union, cases rising, rising cases, cases increasing, eu",1,2021-02-26 08:00:00.000
738,"ep, dance, studio, song, version",1,2021-02-26 08:00:00.000
741,"parliament, parliamentary, mps, consensus, commons",2,2021-02-26 08:00:00.000
742,"astrazeneca vaccine, astrazeneca vaccines, vaccine doses, vaccine dose, second vaccine",1,2021-02-26 08:00:00.000
745,"medical supplies, help india, medical equipment, emergency relief, deliveries",12,2021-02-26 08:00:00.000
746,"financial, finances, taking care, financially, advice",1,2021-02-26 08:00:00.000
747,"indianarmy, facilities, troops, service, war",1,2021-02-26 08:00:00.000
748,"twitter, tweets, tweet, tweeting, social media",3,2021-02-26 08:00:00.000
749,"new cases, cases reported, cases new, cases tuesday, cases 18",1,2021-02-26 08:00:00.000
751,"nobel prize, nobel, laureate, vaccinated people, hiv",2,2021-02-26 08:00:00.000
753,"vaccine emergency, receive vaccine, vaccination, vaccinating, vaccinated",4,2021-02-26 08:00:00.000
758,"switzerland, swiss, world health, policy, voters",2,2021-02-26 08:00:00.000
760,"sick leave, paid sick, vacation, sick, leave",3,2021-02-26 08:00:00.000
761,"home isolation, isolation, isolated, isolation centre, home",2,2021-02-26 08:00:00.000
763,"maldives, vaccine, vaccine vaccine, new infections, palestine",3,2021-02-26 08:00:00.000
764,"chile, borders, peru, remain closed, effective preventing",1,2021-02-26 08:00:00.000
766,"play button, nowplaying, music, tune, musical",3,2021-02-26 08:00:00.000
767,"hiring, vaccine, vacci, hire, apply",1,2021-02-26 08:00:00.000
769,"alliance, congress, ashokgehlot51, believe, real",1,2021-02-26 08:00:00.000
772,"infections, infection, disease 2019, medicines, treat",3,2021-02-26 08:00:00.000
774,"countries, origin, new variants, variants, country",1,2021-02-26 08:00:00.000
775,"health, health conditions, positive patients, coronavir, underlying health",1,2021-02-26 08:00:00.000
777,"employers, recovery, employer, employment, compliance",2,2021-02-26 08:00:00.000
779,"covid_19_za, 39, recover, infectious disease, outbreaks",1,2021-02-26 08:00:00.000
781,"european_union, europe, france, eu, european",2,2021-02-26 08:00:00.000
784,"mosque, mosques, prayers, prayer, islamic",1,2021-02-26 08:00:00.000
791,"narendramodi pmoindia, cmomaharashtra, drharshvardhan, pmoindia, imrankhanpti",2,2021-02-26 08:00:00.000
792,"infecting, patient, contracted, suffered, admitted hospital",1,2021-02-26 08:00:00.000
793,"eastern cape, globe_showing_europe africa, africa, cape, continent",2,2021-02-26 08:00:00.000
794,"crisis india, protesting, protests, farmers, protest",5,2021-02-26 08:00:00.000
799,"education minister, students, education, exam, kolkata",3,2021-02-26 08:00:00.000
802,"people recovered, 000 people, 500 people, people, people fully",1,2021-02-26 08:00:00.000
810,"gdp, economy, growth, economies, global economy",3,2021-02-26 08:00:00.000
811,"shore, north, 2021, latest numbers, april 26",1,2021-02-26 08:00:00.000
813,"allergies, common cold, cold flu, asthma, influenza",1,2021-02-26 08:00:00.000
814,"hospitals, hospital, care centre, private hospitals, facility",9,2021-02-26 08:00:00.000
815,"coronavirusupdates, uk reports, health england, uk cases, cases recorded",1,2021-02-26 08:00:00.000
818,"viral, sars cov, vaccine candidate, natural immunity, face masks",2,2021-02-26 08:00:00.000
820,"funerals, funeral, burial, expenses, pays",3,2021-02-26 08:00:00.000
822,"fever, dying, family, family members, grieving",1,2021-02-26 08:00:00.000
827,"denmark, iceland, vaccines, sweden, norway",2,2021-02-26 08:00:00.000
828,"prayers, prayer, speedy recovery, praying, pray",20,2021-02-26 08:00:00.000
830,"child care, care workers, childcare, care providers, parents",2,2021-02-26 08:00:00.000
831,"mild symptoms, symptom, symptoms, symptoms tested, like symptoms",1,2021-02-26 08:00:00.000
835,"zimbabwe, deaths, new infections, deaths new, infections",1,2021-02-26 08:00:00.000
838,"need vaccine, vaccine, vaccination, vaccines, immigration",1,2021-02-26 08:00:00.000
842,"yogi, covidindia, crises, crisis, ministry health",2,2021-02-26 08:00:00.000
843,"york times, article, nyt, vac, nytimes",1,2021-02-26 08:00:00.000
844,"latin america, latin, crisis, peru, caribbean",3,2021-02-26 08:00:00.000
845,"protests, berlin, protesting, protest, protesters",1,2021-02-26 08:00:00.000
847,"venezuela, latin america, vaccinating, argentina, colombia",1,2021-02-26 08:00:00.000
850,"moderna vaccines, vaccine pfizer, pfizer vaccine, moderna vaccine, vaccines available",4,2021-02-26 08:00:00.000
852,"new restrictions, restrictions, restrictions lifted, easing restrictions, restrictions place",1,2021-02-26 08:00:00.000
853,"pandemics, covidiots, epidemics, current crisis, viruses",2,2021-02-26 08:00:00.000
854,"vaccination, vaccinations, people vaccinated, effective vaccine, vaccine",1,2021-02-26 08:00:00.000
855,"monitoring, home, iot, self quarantine, health",1,2021-02-26 08:00:00.000
858,"shipping, available, deliveries, delivery, stock",1,2021-02-26 08:00:00.000
871,"daily update, updates, july 2021, april 2020, june 2021",2,2021-02-26 08:00:00.000
872,"vaccine india, post vaccination, vaccination, partially vaccinated, dose vaccination",5,2021-02-26 08:00:00.000
873,"cases infection, cases 10, new cases, cases 24, cases friday",1,2021-02-26 08:00:00.000
874,"asthma, diagnosed, respiratory, gupta, severe illness",1,2021-02-26 08:00:00.000
878,"self employed, grants, income, eligible, grant",1,2021-02-26 08:00:00.000
882,"allah, stay safe, blessings, virus, wear",1,2021-02-26 08:00:00.000
883,"hospitals, mbbs, enrollment, medical college, medical",1,2021-02-26 08:00:00.000
885,"deaths reported, zero deaths, uk deaths, hospital deaths, deaths today",1,2021-02-26 08:00:00.000
886,"korean, economy, korea, moon, south korea",1,2021-02-26 08:00:00.000
889,"strains, infectious, virus, new strain, endemic",4,2021-02-26 08:00:00.000
890,"qr, code, codes, dangers, fatemperor",1,2021-02-26 08:00:00.000
896,"isolate, self isolate, tested positive, 10 days, 14 days",1,2021-02-26 08:00:00.000
897,"vaccination update, vaccination rate, vaccinations, vaccination, vaccinated people",2,2021-02-26 08:00:00.000
899,"hospital deaths, deaths reported, reported deaths, patients died, deaths today",4,2021-02-26 08:00:00.000
900,"anxious, anxiety, relax, stressful, relaxation",1,2021-02-26 08:00:00.000
901,"second vaccine, vaccine update, vaccine, vaccinated, dose vaccine",4,2021-02-26 08:00:00.000
905,"sign petition, petition, narendra modi, minister narendra, save lives",1,2021-02-26 08:00:00.000
910,"india crisis, india reports, crisis india, india world, economies",2,2021-02-26 08:00:00.000
911,"remembered, memories, poverty, south african, regret",1,2021-02-26 08:00:00.000
914,"weddings, wedding, marriage, halls, venues",1,2021-02-26 08:00:00.000
917,"virus, device, monitor, monitoring, devices",1,2021-02-26 08:00:00.000
919,"pmoindia narendramodi, pib_india, narendramodi pmoindia, bjp4india, pmoindia",1,2021-02-26 08:00:00.000
921,"outbreak, outbreaks, public health, tested positive, cbc news",3,2021-02-26 08:00:00.000
928,"september 2020, just published, 2021, october 2020, april 2020",2,2021-02-26 08:00:00.000
931,"getting tested, symptoms tested, positive test, tested today, diagnosed",1,2021-02-26 08:00:00.000
933,"stayhome, stayhome staysafe, staysafe stayhome, staysafe, stayhomestaysafe",1,2021-02-26 08:00:00.000
940,"free vaccine, free vaccines, vaccine free, receive vaccine, vaccine developed",2,2021-02-26 08:00:00.000
945,"thread, children died, life threatening, innocent, children",1,2021-02-26 08:00:00.000
948,"cases reported, new infections, health reported, related deaths, deaths today",1,2021-02-26 08:00:00.000
950,"yoga, overcome, healing, strengthen, recommends",1,2021-02-26 08:00:00.000
952,"uttar pradesh, cases deaths, deaths reported, uttar, pradesh",3,2021-02-26 08:00:00.000
956,"ill patients, hospitalized, pneumonia, treatment, patients hospitalized",6,2021-02-26 08:00:00.000
957,"india crisis, twitter, indian government, tweets, vaccine india",19,2021-02-26 08:00:00.000
959,"tested positive, test positive, scotland, people test, confirmed positive",1,2021-02-26 08:00:00.000
960,"delhi, minister health, narendramodi pmoindia, kerala, ji",1,2021-02-26 08:00:00.000
962,"nova scotia, scotia, halifax, icymi, vancouver",1,2021-02-26 08:00:00.000
963,"symptoms tested, symptoms, symptom, showing symptoms, tested today",2,2021-02-26 08:00:00.000
964,"vaccine appointments, walgreens chicago, available walgreens, vaccine, walgreens",8,2021-02-26 08:00:00.000
970,"vaccines, vaccination campaign, new vaccine, vaccinating, vaccinations",1,2021-02-26 08:00:00.000
974,"manila, philippine, philippines, filipino, mass vaccination",1,2021-02-26 08:00:00.000
978,"european_union, european union, eu_commission, eu, travel restrictions",3,2021-02-26 08:00:00.000
980,"vaccine passport, vaccine passports, vaccine, use vaccine, passports",2,2021-02-26 08:00:00.000
981,"hotel quarantine, quarantine, outbreaks, virus, epidemiologist",2,2021-02-26 08:00:00.000
987,"vaccine available, vaccine developed, vaccine development, potential vaccine, access vaccines",1,2021-02-26 08:00:00.000
989,"deaths reported, ms, outbreaks, number deaths, deaths total",1,2021-02-26 08:00:00.000
992,"swabs, swab, chennai, screening, tests",1,2021-02-26 08:00:00.000
994,"border, borders, travel restrictions, jersey, arrivals",1,2021-02-26 08:00:00.000
995,"vaccines, vaccine, sinovac vaccine, vaccine approved, vaccineswork",3,2021-02-26 08:00:00.000
996,"vaccine doses, vaccination, vaccine, assam, indiafightscorona",4,2021-02-26 08:00:00.000
1002,"poor countries, poor people, covidー19, pandemics, poor",3,2021-02-26 08:00:00.000
1009,"tested positive, testing positive, tests positive, covid1, testing",1,2021-02-26 08:00:00.000
1010,"walgreens, chicago, minneapolis, city, nashville",2,2021-02-26 08:00:00.000
1011,"getting vaccine, new vaccine, receiving vaccine, vaccine, getting vaccinated",5,2021-02-26 08:00:00.000
1018,"murder, murdered, mu, planned, death",1,2021-02-26 08:00:00.000
1019,"follow guidelines, new guidelines, enforced, guidelines, compliance",2,2021-02-26 08:00:00.000
1030,"cyprus, coronaviruspandemic, coronavirusupdate coronaviruspandemic, israel, turkish",2,2021-02-26 08:00:00.000
1031,"infection rates, infection rate, daily infections, number infections, new infections",1,2021-02-26 08:00:00.000
1035,"eye, sun, eyes, vision, cov virus",1,2021-02-26 08:00:00.000
1037,"vaccine ready, getting vaccine, vaccination programme, vaccine appointment, vaccines available",6,2021-02-26 08:00:00.000
1039,"walgreens, availabilities, 21 new, 00 pm, chicago",4,2021-02-26 08:00:00.000
1040,"coronavirusindia, donate plasma, help patients, patients, hell",2,2021-02-26 08:00:00.000
1041,"anti vaxxers, anti vaxxer, vaxxers, vaxx, vaxxer",1,2021-02-26 08:00:00.000
1051,"flights, airline, australians, flight, international travel",2,2021-02-26 08:00:00.000
1052,"support india, government india, india india, india, cbic_india",2,2021-02-26 08:00:00.000
1057,"genome, sequencing, gene, genetic, dna",2,2021-02-26 08:00:00.000
1063,"epidemic, amazon, threatens, concern, targeting",1,2021-02-26 08:00:00.000
1066,"flights, travel restrictions, coronavirusoutbreak, cases india, airline",2,2021-02-26 08:00:00.000
1071,"marketing, sales, customers, euro, business",1,2021-02-26 08:00:00.000
1072,"quarantined, quarantine, people hospitalized, cases reported, hospitalized",2,2021-02-26 08:00:00.000
1074,"journalism, journalist, journalists, newspaper, newspapers",3,2021-02-26 08:00:00.000
1075,"african, tune, radio, niger, music",2,2021-02-26 08:00:00.000
1076,"lied, lie, lies, lying, shrugging",2,2021-02-26 08:00:00.000
1079,"getting vaccine, vaccine available, vaccine hesitancy, vaccine shot, vaccine",1,2021-02-26 08:00:00.000
1080,"delhi, narendramodi, license, pharma, medicines",2,2021-02-26 08:00:00.000
1085,"legal, law, lawyer, issues, attorney",1,2021-02-26 08:00:00.000
1086,"deaths reported, reports deaths, related deaths, deaths, cases reported",1,2021-02-26 08:00:00.000
1089,"coronavirusoutbreak, saudi, saudi arabia, covid1, arabia",1,2021-02-26 08:00:00.000
1092,"2021, new data, 2021 06, 2020, edt",1,2021-02-26 08:00:00.000
1101,"plasma donor, recovered plasma, need plasma, blood plasma, donor",12,2021-02-26 08:00:00.000
1108,"walgreens, drug store, pharmacies, pharmacy, pharmaceutical",23,2021-02-26 08:00:00.000
1110,"senate, sign, illinois, passed, moved",1,2021-02-26 08:00:00.000
1111,"daily report, positive reported, england, new cases, reported giving",1,2021-02-26 08:00:00.000
1119,"vaccine appointments, available walgreens, walgreens, vaccine, appointments available",1,2021-02-26 08:00:00.000
1122,"grieving, grief, bereaved, mourning, coping",1,2021-02-26 08:00:00.000
1125,"fear, courage, confidence, feared, scared",1,2021-02-26 08:00:00.000
1127,"covid_19_za, urgent, concern, urgent need, na",2,2021-02-26 08:00:00.000
1131,"current stats, 2021 cases, stats, germany, reports highest",1,2021-02-26 08:00:00.000
1134,"vaccinated, vaccination, taking vaccine, vaccin, shot vaccine",1,2021-02-26 08:00:00.000
1136,"biohazard, coronavirusuk, deaths, funeral, hospital bed",1,2021-02-26 08:00:00.000
1140,"covid19uk, england, number infections, uk, britain",2,2021-02-26 08:00:00.000
1142,"million vaccine, vaccine, vaccine shots, access vaccines, vaccines",2,2021-02-26 08:00:00.000
1143,"daily cases, cases yesterday, 000 cases, day average, million cases",1,2021-02-26 08:00:00.000
1144,"cremation, burial, coughing, buried, deceased",1,2021-02-26 08:00:00.000
1149,"vaccine syringe, dose vaccine, vaccine, vaccination, getvaccinated",1,2021-02-26 08:00:00.000
1150,"updates, update june, provide update, 2021, today update",2,2021-02-26 08:00:00.000
1151,"second vaccine, vaccine dose, doses vaccines, doses vaccine, vaccine doses",3,2021-02-26 08:00:00.000
1152,"gym, fitness, exercise, fit, yoga",1,2021-02-26 08:00:00.000
1154,"apple, stores, campus, shops, reopens",2,2021-02-26 08:00:00.000
1156,"getting vaccine, periods, receiving vaccine, vaccine, period",4,2021-02-26 08:00:00.000
1157,"aid, refugee, refugees, migrant, migrant workers",1,2021-02-26 08:00:00.000
1158,"shafqat_mahmood, sha, exams, education minister, vaccinated",1,2021-02-26 08:00:00.000
1159,"vaccine doses, doses vaccines, vaccine update, doses vaccine, dose vaccine",1,2021-02-26 08:00:00.000
1162,"albertans, alberta, quebec, ontario, provincial",2,2021-02-26 08:00:00.000
1165,"biden administration, indi, mission, biden says, biden",1,2021-02-26 08:00:00.000
1166,"kenyatta, moh_kenya, kenya, nairobi, kenyan",1,2021-02-26 08:00:00.000
1168,"brampton, workers died, bus, drivers, driver",1,2021-02-26 08:00:00.000
1169,"new cases, cases new, cases reported, newfoundland, cases province",1,2021-02-26 08:00:00.000
1172,"coronavirusindia, test positive, cases reported, covidsecondwave, cases detected",1,2021-02-26 08:00:00.000
1174,"indiafightscorona, cases reported, reported cases, deaths reported, casualties",4,2021-02-26 08:00:00.000
1175,"maharashtra, rising cases, 000 cases, mumbai, pradesh",1,2021-02-26 08:00:00.000
1176,"icmrdelhi, twitter friends, clinical, mohfw_india, twitter",1,2021-02-26 08:00:00.000
1181,"puerto, hurricane, worsened, disasters, worst",1,2021-02-26 08:00:00.000
1186,"sikh, hindu, india crisis, punjab, singh",2,2021-02-26 08:00:00.000
1187,"oxygen, breathe, ventilation, pneumonia, breath",4,2021-02-26 08:00:00.000
1188,"railways, railway, trains, train, rail",6,2021-02-26 08:00:00.000
1190,"million vaccines, vaccine doses, doses vaccines, doses vaccine, million vaccine",1,2021-02-26 08:00:00.000
1192,"diagnostic, vaccinated, pneumonia, imaging, lungs",2,2021-02-26 08:00:00.000
1194,"global vaccine, free vaccine, vaccines, develop vaccine, vaccine",2,2021-02-26 08:00:00.000
1195,"globe meridians, covidー19, jordan, globe, meridians",2,2021-02-26 08:00:00.000
1197,"ohio, articles, journal, internet, lawsuits",1,2021-02-26 08:00:00.000
1198,"covaxin, covid19vaccine, 617 variant, deadly virus, vaccine",34,2021-02-26 08:00:00.000
1201,"speedy recovery, singh ji, recovery, fully recovered, best wishes",4,2021-02-26 08:00:00.000
1204,"people symptoms, symptom, symptoms, infection, infected",1,2021-02-26 08:00:00.000
1205,"support india, help india, chinese virus, india fight, china",2,2021-02-26 08:00:00.000
1207,"ventilator, hospital bed, ventilated, hospital, hospitalised",5,2021-02-26 08:00:00.000
1210,"vaccines, vaccines effective, vaccine, vaccines work, taking vaccine",4,2021-02-26 08:00:00.000
1212,"auditor, audit, investigations, findings, general",1,2021-02-26 08:00:00.000
1215,"west bengal, bengal, bjp, election, chief minister",2,2021-02-26 08:00:00.000
1218,"covidindia, infection rate, andhra, deaths reported, new cases",1,2021-02-26 08:00:00.000
1221,"quarantine, self quarantine, secret service, infected, infection",1,2021-02-26 08:00:00.000
1223,"deaths reported, cases deaths, related deaths, deaths related, new deaths",1,2021-02-26 08:00:00.000
1227,"diet, treat, treating, joint, therapy",1,2021-02-26 08:00:00.000
1228,"digital transformation, digital, technology, tech, increasingly",2,2021-02-26 08:00:00.000
1235,"macron, national, pr, far right, mar",1,2021-02-26 08:00:00.000
1237,"available walgreens, walgreens, appointment, drug store, pharmacy",17,2021-02-26 08:00:00.000
1238,"vaccine appointments, vaccination site, available walgreens, mass vaccination, vaccine",1,2021-02-26 08:00:00.000
1239,"14 days, 10 days, 11 days, symptoms, days",1,2021-02-26 08:00:00.000
1243,"provider walgreens, location walgreens, walgreens location, walgreens, available appointments",8,2021-02-26 08:00:00.000
1245,"new vaccine, vaccination, vaccinating, kenya, vaccine",2,2021-02-26 08:00:00.000
1252,"ships, navy, sailors, ship, weapons",1,2021-02-26 08:00:00.000
1257,"tested positive, testing positive, positive test, tested today, tested negative",1,2021-02-26 08:00:00.000
1259,"museveni, world, number, magic, worldbank",1,2021-02-26 08:00:00.000
1260,"fear, spreading, anxiety, panic, exposes",1,2021-02-26 08:00:00.000
1267,"ontario reporting, ontario reports, cases ontario, ontario, cbcnews",1,2021-02-26 08:00:00.000
1268,"virus, strategy, virus like, prevent, protect",16,2021-02-26 08:00:00.000
1269,"volunteers, volunteering, volunteer, ngos, initiatives",2,2021-02-26 08:00:00.000
1276,"vaccines, vaccine, deaths, fatalities, injuries",1,2021-02-26 08:00:00.000
1284,"flights, passengers, flight, airports, planes",2,2021-02-26 08:00:00.000
1288,"russia, dictatorship, revolution, sanctions, regime",2,2021-02-26 08:00:00.000
1293,"617 variant, variant, new variant, 617, variants",1,2021-02-26 08:00:00.000
1308,"keycap, thalapathy65, smiling_face_with_heart eyes, birthday, face hearts",1,2021-02-26 08:00:00.000
1311,"fir, filed, singh, alleged, charges",1,2021-02-26 08:00:00.000
1313,"gut, infections, diet, treat, diseases",1,2021-02-26 08:00:00.000
1317,"recovering, recovery, corona virus, recover, speedy recovery",6,2021-02-26 08:00:00.000
1319,"calls, phone, telephone, includes, 500 000",1,2021-02-26 08:00:00.000
1320,"jumped, death reported, demise, hosp, complications",1,2021-02-26 08:00:00.000
1321,"new cases, cases rising, stable, cases increasing, increase cases",1,2021-02-26 08:00:00.000
1322,"new book, books, readers, book, sales",1,2021-02-26 08:00:00.000
1324,"vaccination rate, vaccine doses, vaccine dose, vaccine available, vaccines available",3,2021-02-26 08:00:00.000
1328,"emissions, 2021, climate change, climatechange, climate",1,2021-02-26 08:00:00.000
1329,"nowplaying, musical, playing, feat, played",2,2021-02-26 08:00:00.000
1333,"drtedros, win, trump told, cure, president trump",1,2021-02-26 08:00:00.000
1336,"testing positive, test positive, positive test, hospital, positive patients",1,2021-02-26 08:00:00.000
1338,"tested positive, test positive, tests positive, uttarakhand, false positive",1,2021-02-26 08:00:00.000
1339,"massachusetts, capacity, governor, businesses, reopening plan",1,2021-02-26 08:00:00.000
1340,"pfizer, antiviral drug, antiviral, pill, cure",20,2021-02-26 08:00:00.000
1342,"fully vaccinated, travel restrictions, people vaccinated, vaccinated, european_union",5,2021-02-26 08:00:00.000
1344,"second doses, second dose, 2nd dose, second vaccine, doses",1,2021-02-26 08:00:00.000
1350,"periods, period, pandemics, kenyan, concerns",1,2021-02-26 08:00:00.000
1354,"home order, home orders, daily cases, stay home, order",1,2021-02-26 08:00:00.000
1356,"retailers, malls, shops, store, closed",1,2021-02-26 08:00:00.000
1357,"mp, trust, gi, lies, information",1,2021-02-26 08:00:00.000
1364,"covidiots, getting sick, covidー19, protect, getvaccinated",1,2021-02-26 08:00:00.000
1367,"deaths uk, tested positive, testing positive, uk reports, positive tests",1,2021-02-26 08:00:00.000
1372,"vax, harry, concert, excited announce, duchess",9,2021-02-26 08:00:00.000
1375,"graph, graphs, mumbai, chart, charts",1,2021-02-26 08:00:00.000
1377,"global vaccine, access vaccines, vaccine, people vaccine, vaccines",2,2021-02-26 08:00:00.000
1382,"precautions, kerala, epidemic, new cases, cases today",1,2021-02-26 08:00:00.000
1384,"spanish, french, translation, languages, english",1,2021-02-26 08:00:00.000
1389,"covid19sa, 2021, april 2021, district, june 2021",1,2021-02-26 08:00:00.000
1391,"death toll, right arrow, crore, arrow, 2021",1,2021-02-26 08:00:00.000
1392,"staff, critical care, practices, clinicians, organisations",1,2021-02-26 08:00:00.000
1399,"new restrictions, oregon, restrictions, portland, statewide",1,2021-02-26 08:00:00.000
1401,"access vaccines, getting vaccine, vaccines, vaccine, receiving vaccine",1,2021-02-26 08:00:00.000
1402,"veterans, cancer, help patients, visits, healthcare",1,2021-02-26 08:00:00.000
1418,"mosque, patients, practical, health minister, facility",2,2021-02-26 08:00:00.000
1421,"antiviral, pandemics, cure, medicines, pill",4,2021-02-26 08:00:00.000
1428,"withdrawn, championship, cov, tested positive, tournament",1,2021-02-26 08:00:00.000
1431,"oxygen cylinder, oxygen cylinders, oxygen, hyderabad, hospital beds",5,2021-02-26 08:00:00.000
1439,"getting vaccinated, vaccination, vaccinated, vaccinating, fully vaccinated",1,2021-02-26 08:00:00.000
1440,"vaccine doses, received vaccine, doses vaccines, vaccine trial, dose vaccine",2,2021-02-26 08:00:00.000
1445,"coronavirusupdates, cases india, india, 2021, cured",1,2021-02-26 08:00:00.000
1447,"sign petition, petition, cancel, sign, board",1,2021-02-26 08:00:00.000
1450,"october 2020, june 2020, 2021, 2020, august 2020",1,2021-02-26 08:00:00.000
1452,"infectious, infectious diseases, patients, acute, covi",1,2021-02-26 08:00:00.000
1454,"spray, nasal, clinical, antibody, antiviral",3,2021-02-26 08:00:00.000
1456,"elections, election, crises, politicians, voting",1,2021-02-26 08:00:00.000
1457,"vitamin, nutrition, zinc, healthy, immune",1,2021-02-26 08:00:00.000
1460,"help india, namo app, namo, health care, infections",1,2021-02-26 08:00:00.000
1462,"alluarjun, tested positive, quarantine, tests positive, vaccinated",21,2021-02-26 08:00:00.000
1464,"vaccination campaign, vaccination update, vaccinations, getting vaccinated, vaccination",1,2021-02-26 08:00:00.000
1470,"chennai, cbic_india, chief justice, supreme court, karnataka",19,2021-02-26 08:00:00.000
1474,"new vaccine, vaccine trial, vaccine trials, potential vaccine, vaccine",1,2021-02-26 08:00:00.000
1481,"public inquiry, petition, sign petition, inquiry, hold public",1,2021-02-26 08:00:00.000
1482,"receive vaccine, vaccinated, people vaccinated, vaccine, vaccination",26,2021-02-26 08:00:00.000
1484,"wave india, covid19india, growth, government india, indian government",1,2021-02-26 08:00:00.000
1487,"getting vaccine, vaccinated people, receive vaccine, partially vaccinated, doses vaccine",1,2021-02-26 08:00:00.000
1489,"covidiots, relationships, relationship, suffering, household",1,2021-02-26 08:00:00.000
1495,"big tech, hub, valley, technology, accelerating",1,2021-02-26 08:00:00.000
1499,"death rate, dangerous, deadly, fatal, complications",1,2021-02-26 08:00:00.000
1503,"folded hands, hands, hand, ok_hand, sonusood",1,2021-02-26 08:00:00.000
1504,"reported deaths, excess deaths, 000 deaths, deaths, death rate",2,2021-02-26 08:00:00.000
1505,"vaccination campaign, vaccination, vaccines, vaccinat, vaccine",3,2021-02-26 08:00:00.000
1512,"coronavirusupdates, right arrow, arrow, virus, indiafightscorona round",1,2021-02-26 08:00:00.000
1518,"vaccinated people, getting vaccine, fully vaccinated, taking vaccine, vaccinated",1,2021-02-26 08:00:00.000
1519,"hospitalized, infection, patients, icu, patients died",1,2021-02-26 08:00:00.000
1521,"latino, latinos, vaccine distribution, getting vaccinated, hispanic",2,2021-02-26 08:00:00.000
1524,"nepal, cases india, corona spread, india reports, corona",1,2021-02-26 08:00:00.000
1525,"location walgreens, provider walgreens, available appointments, walgreens location, appointments detected",4,2021-02-26 08:00:00.000
1530,"consumers, marketing, consumer, commerce, retail",1,2021-02-26 08:00:00.000
1534,"rain, overnight, night, day, staysafe",1,2021-02-26 08:00:00.000
1535,"migrant workers, migrants, migrant, workers, railway",2,2021-02-26 08:00:00.000
1544,"hospitalized patients, patients hospitalized, hospitalized, cdc, treat patients",1,2021-02-26 08:00:00.000
1546,"location walgreens, provider walgreens, walgreens location, available appointments, walgreens",2,2021-02-26 08:00:00.000
1547,"vac, la, vaers, va, administers",1,2021-02-26 08:00:00.000
1552,"vaccine shots, getting vaccine, receiving vaccine, shots, got vaccinated",1,2021-02-26 08:00:00.000
1553,"meet, 2023, mam, ambassador, administration",1,2021-02-26 08:00:00.000
1556,"outbreak, patients, patient, new patients, care home",1,2021-02-26 08:00:00.000
1559,"symbols mouthface, mouthface symbols, symbols mouth, face symbols, mouthface",1,2021-02-26 08:00:00.000
1566,"covidsecondwave, coronavirusindia, chat, link, bot",1,2021-02-26 08:00:00.000
1572,"received vaccine, receive vaccine, receiving vaccine, vaccine, vaccination clinics",2,2021-02-26 08:00:00.000
1579,"pulse, battle, oxygen, purpose, prevent spread",1,2021-02-26 08:00:00.000
1583,"vaccines, flu vaccine, vaccines administered, cdc, cdc data",1,2021-02-26 08:00:00.000
1584,"heroes, salute, hero, solidarity, soldiers",1,2021-02-26 08:00:00.000
-1,"fully vaccinated, vaccinated, vaccination, vaccinations, vaccine",66008,2021-04-14 16:00:00.000
0,"school closures, schools closed, classrooms, public schools, school students",1541,2021-04-14 16:00:00.000
1,"wear mask, wear masks, wearing masks, wearing mask, medical mask",1653,2021-04-14 16:00:00.000
2,"china virus, communist china, chinese virus, chinese communist, china china",967,2021-04-14 16:00:00.000
3,"narendra modi, india crisis, crisis india, modi govt, wave india",1346,2021-04-14 16:00:00.000
4,"president realdonaldtrump, realdonaldtrump trump, realdonaldtrump, presidency, donaldjtrumpjr",51,2021-04-14 16:00:00.000
5,"food security, food insecurity, food supply, meals, meal",663,2021-04-14 16:00:00.000
6,"pastor, church, pastors, churches, prayer",494,2021-04-14 16:00:00.000
7,"boris johnson, minister boris, pm boris, boris, brexit",434,2021-04-14 16:00:00.000
8,"black lives, blacks, black americans, black people, african americans",222,2021-04-14 16:00:00.000
9,"vaccines safe, vaccine safe, vaccines effective, getting vaccine, vaccine available",984,2021-04-14 16:00:00.000
10,"gender, women girls, women, domestic violence, female",321,2021-04-14 16:00:00.000
11,"covid19sa, south african, south africa, south_africa, african countries",364,2021-04-14 16:00:00.000
12,"vaccine india, vaccine doses, doses vaccines, doses vaccine, vaccines available",1150,2021-04-14 16:00:00.000
13,"pakistan, pak, pakistani, islamabad, punjab",439,2021-04-14 16:00:00.000
14,"lockdown lockdown, lockdown, lockdowns, complete lockdown, anti lockdown",413,2021-04-14 16:00:00.000
15,"dr fauci, anthony fauci, fauci said, fauci says, fauci",735,2021-04-14 16:00:00.000
16,"nigerians, nigeria, nigerian, lagos, niger",120,2021-04-14 16:00:00.000
17,"folded_hands_medium light_skin_tone, folded_hands_medium dark_skin_tone, backhand_index_pointing_down_medium light_skin_tone, hands light, tonefolded hands",359,2021-04-14 16:00:00.000
18,"landlords, eviction, landlord, evictions, rent",334,2021-04-14 16:00:00.000
19,"children died, children, young children, children young, hospitalizations",365,2021-04-14 16:00:00.000
20,"melbourne, victoria, nsw, auspol, queensland",531,2021-04-14 16:00:00.000
21,"lockdowns, complete lockdown, lockdown, lockdown lockdown, total lockdown",243,2021-04-14 16:00:00.000
22,"florida governor, florida, florida department, ron desantis, floridians",291,2021-04-14 16:00:00.000
23,"ireland, northern ireland, dublin, irish, irishtimes",233,2021-04-14 16:00:00.000
24,"trumpvirus, trump diagnosis, trump said, trump did, trump says",42,2021-04-14 16:00:00.000
25,"coronaviruspandemic, coronaviruses, corona virus, deadly virus, outbreak",214,2021-04-14 16:00:00.000
26,"mobile testing, testing centre, testing available, new testing, testing today",209,2021-04-14 16:00:00.000
27,"protest, protests, protesting, anti lockdown, protesters",97,2021-04-14 16:00:00.000
28,"hydroxychloroquine, malaria drug, chloroquine, malaria, treatments",87,2021-04-14 16:00:00.000
29,"exams, exam, examinations, examination, cancelling",469,2021-04-14 16:00:00.000
30,"olympics, olympic, tokyo, japan, japanese",568,2021-04-14 16:00:00.000
31,"juliahb1, keir_starmer, fatemperor, folded_hands_medium, nicolasturgeon",371,2021-04-14 16:00:00.000
32,"delta variant, delta, deltavariant, new variant, variants",744,2021-04-14 16:00:00.000
33,"donate, donation, donated, donating, donations",178,2021-04-14 16:00:00.000
34,"prisons, inmates, incarcerated, prisoners, inmate",120,2021-04-14 16:00:00.000
35,"sars cov, cov virus, sarscov2, sars, cov",312,2021-04-14 16:00:00.000
36,"covidiots, ge, est, vaccin, es",204,2021-04-14 16:00:00.000
37,"vaccine clinic, vaccination clinic, vaccination clinics, vaccine clinics, vaccine appointment",673,2021-04-14 16:00:00.000
38,"3rd wave, 2nd wave, second wave, new wave, covidsecondwave",341,2021-04-14 16:00:00.000
39,"covidindia, updates, latest updates, latest update, update today",175,2021-04-14 16:00:00.000
40,"remdesivir, antiviral drug, antiviral, medicines, medications",91,2021-04-14 16:00:00.000
41,"oxygen concentrators, oxygen cylinder, oxygen cylinders, oxygen, concentrators",521,2021-04-14 16:00:00.000
42,"iran, iranian, death toll, outbreak, 000 deaths",190,2021-04-14 16:00:00.000
43,"texans, texas, tx, state reported, austin",163,2021-04-14 16:00:00.000
44,"uae, coronaviruspandemic, dubai, qatar, gmt coronavirusupdate",194,2021-04-14 16:00:00.000
45,"cases announced, cases today, cases identified, cases reported, 000 cases",244,2021-04-14 16:00:00.000
46,"restaurant, restaurants, bars restaurants, restaurants bars, cafe",167,2021-04-14 16:00:00.000
47,"sinovac vaccine, sinopharm vaccine, vaccine approved, vaccine emergency, sinovac",444,2021-04-14 16:00:00.000
48,"number deaths, million deaths, 000 deaths, total deaths, deaths",196,2021-04-14 16:00:00.000
49,"gov cuomo, governor cuomo, cuomo says, andrew cuomo, cuomo",117,2021-04-14 16:00:00.000
50,"reopens, reopening, reopening plan, reopen, reopened",129,2021-04-14 16:00:00.000
51,"malaysia, malaysian, sabah, selangor, new infections",282,2021-04-14 16:00:00.000
52,"astrazeneca vaccine, astrazeneca vaccines, vaccine dose, vaccine, doses astrazeneca",396,2021-04-14 16:00:00.000
53,"sweden, swedish, death rate, infection rate, related deaths",70,2021-04-14 16:00:00.000
54,"nursing homes, nursing home, care homes, home deaths, patients nursing",60,2021-04-14 16:00:00.000
55,"car lightpolice, car light, lightpolice car, police car, lightpolice",193,2021-04-14 16:00:00.000
56,"gaza, palestine, israeli, palestinian, israel",240,2021-04-14 16:00:00.000
57,"herd immunity, immunity, people vaccinated, getting vaccinated, infectious disease",131,2021-04-14 16:00:00.000
58,"pandemics, epidemic, interventions, preparedness, mitigation",180,2021-04-14 16:00:00.000
59,"airlines, airline, air travel, aviation, flights",129,2021-04-14 16:00:00.000
60,"access vaccines, intellectual property, patents, patent, vaccine",460,2021-04-14 16:00:00.000
61,"new podcast, podcast, youtube, listened, radio",155,2021-04-14 16:00:00.000
62,"antiviral drug, antiviral, viral, medication, medicines",181,2021-04-14 16:00:00.000
63,"relief fund, relief funds, donation, help india, donations",313,2021-04-14 16:00:00.000
64,"stop spread, crisis, humanity, devastation, disruption",144,2021-04-14 16:00:00.000
65,"economic recovery, recession, economy, coronavirusindia, crisis",89,2021-04-14 16:00:00.000
66,"france, french, paris, le, borders",95,2021-04-14 16:00:00.000
67,"trump tested, tested positive, testing positive, tests, tests positive",9,2021-04-14 16:00:00.000
68,"mental health, mental illness, mentalhealth, health crisis, illness",151,2021-04-14 16:00:00.000
69,"hospitalized patients, patients hospitalized, people hospitalized, patients admitted, hospitalized",177,2021-04-14 16:00:00.000
70,"ivermectin, antiviral, medication, medicine, treatment",415,2021-04-14 16:00:00.000
71,"singapore, malaysian, asean, taiwan, asia",213,2021-04-14 16:00:00.000
72,"passed away, dies complications, passes away, demise, saddened",228,2021-04-14 16:00:00.000
73,"uganda, ugandans, tanzania, kenyan, museveni",272,2021-04-14 16:00:00.000
74,"heart inflammation, getting vaccine, vaccines, vaccine, myocarditis",447,2021-04-14 16:00:00.000
75,"small businesses, small business, businesses, local businesses, recession",84,2021-04-14 16:00:00.000
76,"virus, investigation origins, origin, origins, originated",316,2021-04-14 16:00:00.000
77,"president biden, biden says, trump biden, joe biden, biden",107,2021-04-14 16:00:00.000
78,"hand sanitizer, wash hands, washing hands, hand washing, handwashing",84,2021-04-14 16:00:00.000
79,"vitamin, disease 2019, deficiency, disease, serum",75,2021-04-14 16:00:00.000
80,"new yorkers, ny, new york, yorkers, york",83,2021-04-14 16:00:00.000
81,"pregnant women, pregnant, pregnancy, disease 2019, maternal",127,2021-04-14 16:00:00.000
82,"ai, artificial intelligence, artificialintelligence, intelligence, automation",177,2021-04-14 16:00:00.000
83,"tobacco, smokers, smoking, smoke, illnesses",73,2021-04-14 16:00:00.000
84,"trudeau, justin trudeau, justintrudeau, canadians, canadian",130,2021-04-14 16:00:00.000
85,"webinar, webinars, join webinar, webinar series, free webinar",66,2021-04-14 16:00:00.000
86,"additional deaths, number deaths, cases deaths, total deaths, deaths total",158,2021-04-14 16:00:00.000
87,"ventilators, ventilator, ventilated, ventilation, respiratory",84,2021-04-14 16:00:00.000
88,"billionaire, billionaires, billgates, scandal, patents",47,2021-04-14 16:00:00.000
89,"italy, italian, european countries, milan, infections deaths",71,2021-04-14 16:00:00.000
90,"songs, music, song, musical, tune",97,2021-04-14 16:00:00.000
91,"grants, grant, funding, response fund, charities",83,2021-04-14 16:00:00.000
92,"north korea, south korea, korea, kim jong, korean",59,2021-04-14 16:00:00.000
93,"cases friday, cases today, new deaths, week, daily cases",113,2021-04-14 16:00:00.000
94,"vote mail, ballot, ballots, election day, voter",30,2021-04-14 16:00:00.000
95,"nhs staff, nhs, nhs england, health england, national health",96,2021-04-14 16:00:00.000
96,"downbackhand index, backhand index, pointing downbackhand, index pointing, downbackhand",126,2021-04-14 16:00:00.000
97,"mitch mcconnell, mcconnell, senator, senate, bipartisan",28,2021-04-14 16:00:00.000
98,"european union, european_union, eu, eu_commission, european",86,2021-04-14 16:00:00.000
99,"older people, elderly, older adults, senior citizens, aging",91,2021-04-14 16:00:00.000
100,"tested negative, tests negative, test negative, tested positive, tests positive",57,2021-04-14 16:00:00.000
101,"deaths india, india cases, covid19india, india reports, cases india",163,2021-04-14 16:00:00.000
102,"quarantine, quarantined, self quarantine, quarantine center, covidindia",63,2021-04-14 16:00:00.000
103,"author, read story, ivermectin, wrote, story",133,2021-04-14 16:00:00.000
104,"antibody, antibodies, antibody cocktail, immunity, immune",146,2021-04-14 16:00:00.000
105,"coronaviruspandemic, coronavirusindia, corona virus, coronavirusupdate, coronavirusupdate coronaviruspandemic",108,2021-04-14 16:00:00.000
106,"beer, beverage, drinking, drink, alcohol",106,2021-04-14 16:00:00.000
107,"new zealand, nz, zealand, vaccination rates, global vaccine",55,2021-04-14 16:00:00.000
108,"az, arizona, cases deaths, phoenix, state health",117,2021-04-14 16:00:00.000
109,"pcr tests, pcr test, pcr testing, pcr, rt pcr",186,2021-04-14 16:00:00.000
110,"health canada, vaccination rates, million vaccines, getting vaccinated, vaccine",272,2021-04-14 16:00:00.000
111,"social distancing, covid19india, socialdistancing, maintain social, social",51,2021-04-14 16:00:00.000
112,"smiling_face_with_heart eyes, smiling_face_with_heart, happy friday, heart staysafe, hearts",169,2021-04-14 16:00:00.000
113,"meatpacking, meat, poultry, chicken, outbreak",16,2021-04-14 16:00:00.000
114,"nancy pelosi, pelosi, nancy, bipartisan, gop",21,2021-04-14 16:00:00.000
115,"million deaths, 000 deaths, total deaths, death rates, deaths",44,2021-04-14 16:00:00.000
116,"stay safe, precautions, safe stay, covid19india, safer",84,2021-04-14 16:00:00.000
117,"testing positive, tested positive, test positive, tests positive, rohingya",63,2021-04-14 16:00:00.000
118,"antibody tests, antibody test, antibody testing, antibody, antibodies",52,2021-04-14 16:00:00.000
119,"spread virus, virus spread, viruses, viral, virus",100,2021-04-14 16:00:00.000
120,"wisconsin, covidiots, deaths reported, wi, cases deaths",55,2021-04-14 16:00:00.000
121,"turkey, coronaviruspandemic, coronavirusupdate coronaviruspandemic, gmt coronavirusupdate, coronavirusupdate",90,2021-04-14 16:00:00.000
122,"thailand, cambodia, thai, malaysian, quarantine",190,2021-04-14 16:00:00.000
123,"artists, artist, art, arts, exhibition",72,2021-04-14 16:00:00.000
124,"theaters, cinema, theater, theatre, movies",89,2021-04-14 16:00:00.000
125,"cases reported, cases wednesday, cases today, new cases, cases tuesday",102,2021-04-14 16:00:00.000
126,"indian variant, cases indian, indian, india, variant detected",289,2021-04-14 16:00:00.000
127,"hair, barber, salon, cut, severe",54,2021-04-14 16:00:00.000
128,"ontario reporting, ontario reports, cases ontario, breaking ontario, cases reported",125,2021-04-14 16:00:00.000
129,"cuba, cuban, coronaviruspandemic, covidー19, coronavirusupdate coronaviruspandemic",97,2021-04-14 16:00:00.000
130,"trump pence, pence, mike pence, mike_pence, trump diagnosis",14,2021-04-14 16:00:00.000
131,"briefings, briefing, press briefing, press conference, storm",64,2021-04-14 16:00:00.000
132,"scottish government, scottish, scotland, edinburgh, glasgow",73,2021-04-14 16:00:00.000
133,"exclamation mark, red exclamation, exclamation, double exclamation, question mark",123,2021-04-14 16:00:00.000
134,"tourism, tourism industry, tourists, tourist, travelers",46,2021-04-14 16:00:00.000
135,"loudspeaker, speaker, speakers, high volume, covid19vaccine",93,2021-04-14 16:00:00.000
136,"airborne transmission, airborne spread, airborne, coronavirusupdates, virus spread",122,2021-04-14 16:00:00.000
137,"kemp, georgia, ga, executive order, gov",24,2021-04-14 16:00:00.000
138,"rapid testing, rapid test, testing, tests, test kit",53,2021-04-14 16:00:00.000
139,"frontline workers, care workers, healthcare workers, health workers, line workers",62,2021-04-14 16:00:00.000
140,"vaccinated, new vaccine, vaccine shot, fully vaccinated, nfl",85,2021-04-14 16:00:00.000
141,"ronaldo, cristiano, portugal, tests negative, test negative",32,2021-04-14 16:00:00.000
142,"tested positive, testing positive, cruise ship, test positive, tests positive",173,2021-04-14 16:00:00.000
143,"contact tracing, contact tracers, tracing app, tracing, trace",28,2021-04-14 16:00:00.000
144,"people disabilities, disabilities, disabled people, disability, disabled",88,2021-04-14 16:00:00.000
145,"science, scientific, scientist, scientists, scientists say",90,2021-04-14 16:00:00.000
146,"cummings, dominic cummings, coronavir, public inquiry, downing",39,2021-04-14 16:00:00.000
147,"000 americans, americans dying, million americans, americans die, americans died",31,2021-04-14 16:00:00.000
148,"madagascar, african countries, malaria, africa, world health",10,2021-04-14 16:00:00.000
149,"tested positive, testing positive, tests positive, positive tests, test positive",71,2021-04-14 16:00:00.000
150,"flu deaths, influenza, flu season, flu, seasonal flu",21,2021-04-14 16:00:00.000
151,"sporting, sports, sport, athletes, athletic",56,2021-04-14 16:00:00.000
152,"nepal, outbreak, india, south asia, asia",155,2021-04-14 16:00:00.000
153,"hong kong, hongkong, hong, kong, quarantine",50,2021-04-14 16:00:00.000
154,"unemployment, unemployed, employment, benefits, filing",59,2021-04-14 16:00:00.000
155,"nfl, titans, fired, pittsburgh, suing",2,2021-04-14 16:00:00.000
156,"derasachasauda, coronawarriors, covid19india, deadly virus, gurmeetramrahim",186,2021-04-14 16:00:00.000
157,"climate change, climate crisis, climatechange, climate, environmental",44,2021-04-14 16:00:00.000
158,"vaccine children, pfizer vaccine, vaccine pfizer, vaccine approved, vaccine available",245,2021-04-14 16:00:00.000
159,"fake news, misinformation, conspiracies, fakenews, anti vaccine",65,2021-04-14 16:00:00.000
160,"investing, investments, invest, stocks, investors",48,2021-04-14 16:00:00.000
161,"passed away, condolences, grieving, lost parents, died today",72,2021-04-14 16:00:00.000
162,"telehealth, telemedicine, treat patients, healthcare, telephone",86,2021-04-14 16:00:00.000
163,"parks, park, recreation, parking, zoo",81,2021-04-14 16:00:00.000
164,"socialdistancing, social, social distance, social distancing, socially",36,2021-04-14 16:00:00.000
165,"biontech vaccine, pfizer vaccine, vaccine pfizer, approval vaccine, pfizer biontech",165,2021-04-14 16:00:00.000
166,"public health, world health, health officials, publichealth, health measures",81,2021-04-14 16:00:00.000
167,"homelessness, homeless, shelters, shelter, housing",48,2021-04-14 16:00:00.000
168,"piersmorgan, piers, morgan, covid19uk, virus",14,2021-04-14 16:00:00.000
169,"small businesses, small business, businesses, local businesses, business",40,2021-04-14 16:00:00.000
170,"taste smell, smell, infection, common cold, symptom",100,2021-04-14 16:00:00.000
171,"cancer patients, cancer, patients treated, patients, treatments",52,2021-04-14 16:00:00.000
172,"neurological, diseases, disease, alzheimer, infection",104,2021-04-14 16:00:00.000
173,"vietnam, vietnam war, cambodia, outbreak, variant detected",144,2021-04-14 16:00:00.000
174,"ghana, poor countries, morocco, economic recovery, economies",46,2021-04-14 16:00:00.000
175,"achieve, life, quotes, quote, doors",60,2021-04-14 16:00:00.000
176,"spain, deaths reported, barcelona, madrid, positive virus",33,2021-04-14 16:00:00.000
177,"protective equipment, ppe, personal protective, equipment, supplies",50,2021-04-14 16:00:00.000
178,"mrna vaccines, mrna vaccine, vaccines, vaccine developed, vaccine",177,2021-04-14 16:00:00.000
179,"receive vaccine, getting vaccine, vaccination, vaccine safe, vaccines safe",173,2021-04-14 16:00:00.000
180,"nhscovid19app, nhs app, nhs, nhs test, app",16,2021-04-14 16:00:00.000
181,"doug ford, fordnation, ford, premier doug, doug",56,2021-04-14 16:00:00.000
182,"digital transformation, covid_19_za, digital, innovations, technology",54,2021-04-14 16:00:00.000
183,"deaths reported, additional deaths, reports deaths, iowa, related deaths",29,2021-04-14 16:00:00.000
184,"cybersecurity, cyber, security, threats, threat",42,2021-04-14 16:00:00.000
185,"johnson vaccine, use vaccine, vaccine rollout, vaccine doses, shot vaccine",97,2021-04-14 16:00:00.000
186,"taiwan, communist china, china, global health, world health",111,2021-04-14 16:00:00.000
187,"nova scotia, scotia, cases province, halifax, cases death",147,2021-04-14 16:00:00.000
188,"deaths today, cases today, cases reported, deaths reported, chennai",95,2021-04-14 16:00:00.000
189,"disinfect, disinfection, disinfectant, disinfectants, cleaning",40,2021-04-14 16:00:00.000
190,"kenya, nairobi, kenyans, kenyan, kenyatta",40,2021-04-14 16:00:00.000
191,"obesity, obese, diet, fat, diabetes",60,2021-04-14 16:00:00.000
192,"facebook, ban, censor, censorship, banning",138,2021-04-14 16:00:00.000
193,"philippines, philippine, manila, filipino, cbn",21,2021-04-14 16:00:00.000
194,"ramadan, mosques, muslim, muslims, allah",29,2021-04-14 16:00:00.000
195,"vaccine children, getting vaccinated, vaccination, vaccinations, receive vaccine",161,2021-04-14 16:00:00.000
196,"wuhan lab, lab wuhan, coronaviruses, lab leak, laboratory",178,2021-04-14 16:00:00.000
197,"mexico, new mexico, mexican, total deaths, death toll",60,2021-04-14 16:00:00.000
198,"retail, retailers, sales, shopping, commerce",44,2021-04-14 16:00:00.000
199,"vaccine trial, vaccine vaccine, shot vaccine, new vaccine, experimental vaccine",175,2021-04-14 16:00:00.000
200,"diabetes, pandemics, disease, sugar, longcovid",86,2021-04-14 16:00:00.000
201,"joyface tears, tears joyface, tears joy, joyface, face tears",59,2021-04-14 16:00:00.000
202,"stimulus package, stimulus, fiscal, funding, finance minister",40,2021-04-14 16:00:00.000
203,"youtube, videos, cdc, video, documentary",31,2021-04-14 16:00:00.000
204,"kano, kano state, sanctions, violating, kogi",6,2021-04-14 16:00:00.000
205,"pets, coronaviruses, pet, cat, cats",34,2021-04-14 16:00:00.000
206,"passes away, singh ji, singh, sikh, passed away",198,2021-04-14 16:00:00.000
207,"foxnews, fox news, breitbartnews, fox, msnbc",42,2021-04-14 16:00:00.000
208,"vaccination status, receive vaccine, employees vaccinated, vaccine update, fully vaccinated",192,2021-04-14 16:00:00.000
209,"floor laughingrolling, laughingrolling floor, laughingrolling, floor laughing, joyrolling floor",57,2021-04-14 16:00:00.000
210,"curfew, weekend, corona, pubs, stayhomestaysafe",96,2021-04-14 16:00:00.000
211,"vaccinated people, getting vaccinated, vaccination, post vaccination, vaccinated",186,2021-04-14 16:00:00.000
212,"navajo nation, navajo, native american, indigenous, tribe",23,2021-04-14 16:00:00.000
213,"conspiracies, investigation origins, intelligence agencies, biden says, president biden",190,2021-04-14 16:00:00.000
214,"hiv, hiv aids, pandemics, aids, epidemic",76,2021-04-14 16:00:00.000
215,"employees vaccinated, vaccination status, covidvaccination, vaccination, vaccinations",182,2021-04-14 16:00:00.000
216,"jee, postponed, neet jee, jee neet, 2021",14,2021-04-14 16:00:00.000
217,"amazon, health england, outbreaks, test, lab",33,2021-04-14 16:00:00.000
218,"indonesia, indonesian, coronavirusupdate coronaviruspandemic, india cases, gmt coronavirusupdate",55,2021-04-14 16:00:00.000
219,"deaths india, mortality rate, mortality, number deaths, infections deaths",120,2021-04-14 16:00:00.000
220,"merkel, brexit, eu, germany, europe",20,2021-04-14 16:00:00.000
221,"kenya, nairobi, kenyatta, kenyans, number infections",45,2021-04-14 16:00:00.000
222,"brazilian, brazil, deaths today, million deaths, deaths recorded",68,2021-04-14 16:00:00.000
223,"hcq, treating patients, patients treated, medicines, ill patients",38,2021-04-14 16:00:00.000
224,"cancelled, canceled, postponed, rescheduled, festivals",43,2021-04-14 16:00:00.000
225,"tories, tory, brexit, labour, mps",43,2021-04-14 16:00:00.000
226,"ayush, treatment, helpline, medicines, cure",98,2021-04-14 16:00:00.000
227,"nursing, nurse, nurses, critical care, providing",50,2021-04-14 16:00:00.000
228,"cannabis, marijuana, smoking, smokers, dea",45,2021-04-14 16:00:00.000
229,"symptoms, symptom, fever, like flu, like symptoms",44,2021-04-14 16:00:00.000
230,"indigenous, native american, tribes, navajo nation, native",36,2021-04-14 16:00:00.000
231,"symptoms, mild symptoms, people symptoms, symptom, severe illness",49,2021-04-14 16:00:00.000
232,"kayleigh, masked, mask wearing, mask, sarah",3,2021-04-14 16:00:00.000
233,"uk cases, uk reports, cases uk, cases recorded, cases highest",72,2021-04-14 16:00:00.000
234,"ventilation, fresh air, air, aerosol, aerosols",91,2021-04-14 16:00:00.000
235,"5g, mobile, covidiots, transmit, viral",31,2021-04-14 16:00:00.000
236,"cyril ramaphosa, ramaphosa, address nation, cyrilramaphosa, addressed",72,2021-04-14 16:00:00.000
237,"sputnik vaccine, vaccine available, sputnik, vaccine india, vaccine today",128,2021-04-14 16:00:00.000
238,"reopening plan, reopening, reopens, reopen, breaking ontario",116,2021-04-14 16:00:00.000
239,"scott morrison, morrison, scott, scottmorrisonmp, australians",84,2021-04-14 16:00:00.000
240,"tax, taxes, taxpayers, irs, fiscal",40,2021-04-14 16:00:00.000
241,"deaths reported, maharashtra, deaths today, deaths, covidsecondwave",63,2021-04-14 16:00:00.000
242,"deaths reported, cases deaths, 15 deaths, deaths related, additional deaths",60,2021-04-14 16:00:00.000
243,"lockdown extended, extends lockdown, lockdown till, complete lockdown, lockdown lockdown",138,2021-04-14 16:00:00.000
244,"donate plasma, plasma donor, need plasma, plasma therapy, blood plasma",34,2021-04-14 16:00:00.000
245,"tn, tennessee, memphis, nashville, state health",30,2021-04-14 16:00:00.000
246,"according cdc, cdc says, related deaths, deaths caused, reported deaths",11,2021-04-14 16:00:00.000
247,"suicides, suicide, adolescents, mortality rate, teens",40,2021-04-14 16:00:00.000
248,"received vaccine, receiving vaccine, vaccine available, vaccine just, vaccine",33,2021-04-14 16:00:00.000
249,"awards, award, honored, honor, appreciation",81,2021-04-14 16:00:00.000
250,"wildlife, animals, animal, zoo, species",29,2021-04-14 16:00:00.000
251,"recovered plasma, recovered patient, blood plasma, recovered patients, need plasma",98,2021-04-14 16:00:00.000
252,"insurance, insurers, health insurance, coverage, policies",55,2021-04-14 16:00:00.000
253,"died april, died, passed away, dead, dies",16,2021-04-14 16:00:00.000
254,"receiving vaccine, transplant, dialysis, getting vaccine, kidney",75,2021-04-14 16:00:00.000
255,"ipl2021, ipl, covid19india, suspended, 2021",142,2021-04-14 16:00:00.000
256,"americans die, americans died, americans dead, 000 americans, million americans",40,2021-04-14 16:00:00.000
257,"gop, republicans, republican, democrats, dems",27,2021-04-14 16:00:00.000
258,"travel restrictions, covid_19_za, traveling, travelling, travel",65,2021-04-14 16:00:00.000
259,"bihar, burial, bodies, river, buried",120,2021-04-14 16:00:00.000
260,"loan, loans, lending, financing, debt",27,2021-04-14 16:00:00.000
261,"covidsecondwave, covidvaccine, resources, resource, cdcgov",36,2021-04-14 16:00:00.000
262,"bats, bat, coronaviruses, infect, viruses",76,2021-04-14 16:00:00.000
263,"physicians, physician, healthcare professionals, clinicians, healthcare",71,2021-04-14 16:00:00.000
264,"manitoba, cases deaths, deaths reported, cases death, today deaths",106,2021-04-14 16:00:00.000
265,"lung, lungs, respiratory, infectious disease, illness",42,2021-04-14 16:00:00.000
266,"refugees, refugee, migrants, migrant, immigration",40,2021-04-14 16:00:00.000
267,"cvs, address, ca, age group, cov",135,2021-04-14 16:00:00.000
268,"indiafightscorona round, indiafightscorona, cases india, round pushpin, mohfw_india",90,2021-04-14 16:00:00.000
269,"supreme court, judicial, courts, court, constitutional",52,2021-04-14 16:00:00.000
270,"dogs, dog, detection, sniff, infections deaths",72,2021-04-14 16:00:00.000
271,"sars cov, sewage, cov, viral, surveillance",65,2021-04-14 16:00:00.000
272,"patients discharged, discharged hospital, patients recovered, recovered patients, discharged",30,2021-04-14 16:00:00.000
273,"premier league, chelsea, barcelona, liverpool, arsenal",43,2021-04-14 16:00:00.000
274,"dental, oral, clinic, patients, infection rate",42,2021-04-14 16:00:00.000
275,"nurses, nurse, nursing, doctors nurses, celebrating",48,2021-04-14 16:00:00.000
276,"webinar, webinars, webinar series, free webinar, join webinar",30,2021-04-14 16:00:00.000
277,"myanmar, quarantine center, preparing quarantine, quarantine, coronavirusupdates",108,2021-04-14 16:00:00.000
278,"disinfectant, disinfect, disinfectants, trump told, trump said",4,2021-04-14 16:00:00.000
279,"mother day, mothers, mother, mom, day giving",54,2021-04-14 16:00:00.000
280,"vaccine today, received vaccine, getting vaccine, got vaccinated, receive vaccine",152,2021-04-14 16:00:00.000
281,"oil, consumption, inflation, markets, demand",32,2021-04-14 16:00:00.000
282,"greece, coronaviruspandemic, coronavirusupdate, coronavirusupdate coronaviruspandemic, gmt coronavirusupdate",43,2021-04-14 16:00:00.000
283,"zinc, hydroxychloroquine, vitamin, chloroquine, immune",32,2021-04-14 16:00:00.000
284,"gavin newsom, gavinnewsom, newsom, gavin, governor",50,2021-04-14 16:00:00.000
285,"vaccination rates, vaccine dose, dose vaccine, received vaccine, vaccine update",158,2021-04-14 16:00:00.000
286,"black fungus, fungus, infection, infections, diseases",149,2021-04-14 16:00:00.000
287,"jamaica, new deaths, deaths new, vaccination update, recorded deaths",57,2021-04-14 16:00:00.000
288,"bolsonaro, brazilian, covid1, brazil, protests",80,2021-04-14 16:00:00.000
289,"ontario reports, ontario reporting, breaking ontario, cases deaths, cases ontario",97,2021-04-14 16:00:00.000
290,"vaccination rates, albertans, vaccine doses, alberta, vaccine dose",150,2021-04-14 16:00:00.000
291,"flu season, seasonal flu, flu, cold flu, influenza",21,2021-04-14 16:00:00.000
292,"utah, vaccines available, vaccinated people, cases deaths, deaths today",42,2021-04-14 16:00:00.000
293,"gretchen whitmer, gretchen, governor whitmer, govwhitmer, whitmer",32,2021-04-14 16:00:00.000
294,"cities, city, urban, policies, crises",36,2021-04-14 16:00:00.000
295,"immunity, natural immunity, immune response, immune, fight virus",58,2021-04-14 16:00:00.000
296,"flight, flying, airport, airborne, pilots",7,2021-04-14 16:00:00.000
297,"marathon, racing, running, race, run",48,2021-04-14 16:00:00.000
298,"data, stats, information, important information, tru",48,2021-04-14 16:00:00.000
299,"g7 summit, g7 leaders, g7, climate crisis, climate change",145,2021-04-14 16:00:00.000
300,"tests day, total tests, 000 tests, tamilnadu, million tests",46,2021-04-14 16:00:00.000
301,"icu beds, hospital beds, hospital bed, beds available, hospital",97,2021-04-14 16:00:00.000
302,"fully vaccinated, people vaccinated, vaccination rate, partially vaccinated, vaccinated",140,2021-04-14 16:00:00.000
303,"vaccination, vaccination program, vaccinated, sputnik vaccine, vaccinations",70,2021-04-14 16:00:00.000
304,"uk government, governments, government response, government handling, government",19,2021-04-14 16:00:00.000
305,"working home, work home, workplace, home, people work",34,2021-04-14 16:00:00.000
306,"shirts, shirt, clothing, clothes, fashion",59,2021-04-14 16:00:00.000
307,"cycling, bike, rides, cycle, ride",40,2021-04-14 16:00:00.000
308,"critically ill, heart attack, heart disease, heart inflammation, cardiovascular",39,2021-04-14 16:00:00.000
309,"brexit, britain, eu, hypocrisy, uk",18,2021-04-14 16:00:00.000
310,"appointments available, available appointments, cvs pharmacy, appointments detected, appointments",113,2021-04-14 16:00:00.000
311,"joebiden, joe, breitbartnews, mr president, president",19,2021-04-14 16:00:00.000
312,"plasma therapy, convalescent plasma, blood plasma, treatment, treating patients",44,2021-04-14 16:00:00.000
313,"deadly virus, virus, virus causes, viruses, virus spread",34,2021-04-14 16:00:00.000
314,"bleach, disinfectant, disinfectants, foxnews, trump said",10,2021-04-14 16:00:00.000
315,"dexamethasone, treatment, clinical, help patients, infection",15,2021-04-14 16:00:00.000
316,"banking, bankers, banks, bank, fintech",33,2021-04-14 16:00:00.000
317,"extreme poverty, poverty, poor countries, poor people, poor",16,2021-04-14 16:00:00.000
318,"ottawa, ontario government, quebec, ontario, cbc news",49,2021-04-14 16:00:00.000
319,"folded handsfolded, handsfolded, handsfolded handsfolded, handsfolded hands, folded hands",61,2021-04-14 16:00:00.000
320,"reinfection, infected, infection, severe illness, immunity",21,2021-04-14 16:00:00.000
321,"died april, died, nurse, maria, retired",13,2021-04-14 16:00:00.000
322,"eid mubarak, eidmubarak, eid, mubarak, peace",72,2021-04-14 16:00:00.000
323,"flu shot, flu vaccine, flu, cold flu, vaccine",16,2021-04-14 16:00:00.000
324,"yemen, humanitarian, crisis, economic crisis, sudan",23,2021-04-14 16:00:00.000
325,"infrastructure, leadership, leaders, revolution, global",35,2021-04-14 16:00:00.000
326,"scotland, scottish government, scottish, glasgow, cases confirmed",63,2021-04-14 16:00:00.000
327,"peru, country, sa, ra, indigenous",63,2021-04-14 16:00:00.000
328,"vaccine hesitancy, vaccine, vaccines work, vaccines, vaccine vaccine",85,2021-04-14 16:00:00.000
329,"halloween, unknown, holiday, gov, kids",1,2021-04-14 16:00:00.000
330,"cure, cures, cured, disease, aids",18,2021-04-14 16:00:00.000
331,"infection rates, infection rate, infection, health england, concern",30,2021-04-14 16:00:00.000
332,"blood clot, blood clots, receiving vaccine, astrazeneca vaccine, clot",120,2021-04-14 16:00:00.000
333,"tested positive, testing positive, tests positive, test positive, healthcare workers",24,2021-04-14 16:00:00.000
334,"robot, robots, ai, automation, artificial intelligence",25,2021-04-14 16:00:00.000
335,"hospitalized patients, patients hospitalized, hospitalized, hospitals, private hospitals",27,2021-04-14 16:00:00.000
336,"second dose, second doses, 2nd dose, 1st dose, doses",126,2021-04-14 16:00:00.000
337,"osha, care workers, health care, workplace, updated guidance",95,2021-04-14 16:00:00.000
338,"join tomorrow, joining, meeting, hosted, conference",27,2021-04-14 16:00:00.000
339,"pennsylvania, pa, wolf, legislation, mitigation",47,2021-04-14 16:00:00.000
340,"sri lanka, lanka, number infections, sri, vaccine emergency",75,2021-04-14 16:00:00.000
341,"overdose, related deaths, mortality, deaths occurred, health crisis",56,2021-04-14 16:00:00.000
342,"flatten curve, flattening curve, curve, flatten, flattening",14,2021-04-14 16:00:00.000
343,"afghanistan, gmt coronavirusupdate, coronavirusupdate coronaviruspandemic, infection rates, outbreak",60,2021-04-14 16:00:00.000
344,"scam, scams, fraud, warn, beware",26,2021-04-14 16:00:00.000
345,"ghana, new deaths, deaths, death toll, current situation",4,2021-04-14 16:00:00.000
346,"syria, coronaviruspandemic, gmt coronavirusupdate, coronavirusupdate, coronavirusupdate coronaviruspandemic",26,2021-04-14 16:00:00.000
347,"dementia, alzheimer, care home, caregivers, older people",39,2021-04-14 16:00:00.000
348,"welsh, wales, england wales, cardiff, uk government",37,2021-04-14 16:00:00.000
349,"nicola sturgeon, sturgeon, bbc news, nicola, uk government",20,2021-04-14 16:00:00.000
350,"000 tests, million tests, rapid tests, tests, new test",16,2021-04-14 16:00:00.000
351,"air pollution, pollution, emissions, air, mitigation",19,2021-04-14 16:00:00.000
352,"sops, sop, deadly virus, som, getting vaccine",58,2021-04-14 16:00:00.000
353,"policing, police brutality, police, police officers, cops",26,2021-04-14 16:00:00.000
354,"lab leak, leak theory, scientific evidence, leak, leaked",121,2021-04-14 16:00:00.000
355,"human rights, humanrights, rights violations, rights, freedoms",36,2021-04-14 16:00:00.000
356,"conference, conferences, meeting, press conference, meetings",29,2021-04-14 16:00:00.000
357,"max hospital, 000 doses, hospital, max, slots",123,2021-04-14 16:00:00.000
358,"exercise, fitness, gym, wellness, yoga",43,2021-04-14 16:00:00.000
359,"tested positive, players tested, testing positive, tests positive, test positive",9,2021-04-14 16:00:00.000
360,"waste, hygiene, pollution, garbage, wasted",36,2021-04-14 16:00:00.000
361,"treat patients, treating patients, patients, primary care, epidemiologists",37,2021-04-14 16:00:00.000
362,"walgreens, drug store, availability, store, avenue",88,2021-04-14 16:00:00.000
363,"covid19vaccine, pandemics, inequality, inequalities, hiv",26,2021-04-14 16:00:00.000
364,"vaccine appointment, vaccine appointments, eligible vaccine, vaccine clinics, vaccine clinic",111,2021-04-14 16:00:00.000
365,"coronavirusupdates, rajasthan, jaipur, haryana, cases reported",53,2021-04-14 16:00:00.000
366,"ccp, virus, spread virus, cc, evidence",60,2021-04-14 16:00:00.000
367,"keycap, 1keycap, cap, cuba, thailand",43,2021-04-14 16:00:00.000
368,"moderna vaccine, approval vaccine, vaccine available, moderna says, fda approval",69,2021-04-14 16:00:00.000
369,"alberta, covid19ab, albertans, calgary, ndp",77,2021-04-14 16:00:00.000
370,"museum, museums, exhibition, arts, heritage",30,2021-04-14 16:00:00.000
371,"faceloudly crying, crying faceloudly, crying face, loudly crying, face tears",36,2021-04-14 16:00:00.000
372,"quebec, cases ontario, cases deaths, cases hospitalizations, new deaths",41,2021-04-14 16:00:00.000
373,"covishield vaccine, covaxin, covishield, vaccine today, vaccine approved",108,2021-04-14 16:00:00.000
374,"hoax, coronavirusuk, believed, believe, coincidence",14,2021-04-14 16:00:00.000
375,"fires, wildfires, firefighters, wildfire, burning",24,2021-04-14 16:00:00.000
376,"repritchie introduced, repritchie, thanks repritchie, dv, authorize issuance",106,2021-04-14 16:00:00.000
377,"pledge, pledged, vaccine, participate, signed",10,2021-04-14 16:00:00.000
378,"marketing, advertising, market, campaigns, consumer",18,2021-04-14 16:00:00.000
379,"supply chains, supply chain, logistics, supply, chain",23,2021-04-14 16:00:00.000
380,"gst, cbic_india, ts, compliance, council",44,2021-04-14 16:00:00.000
381,"government failed, government response, governments, failures, fight virus",32,2021-04-14 16:00:00.000
382,"employees vaccinated, houston hospital, houston methodist, receive vaccine, vaccine trial",114,2021-04-14 16:00:00.000
383,"abortion, health care, reproductive, health services, murder",17,2021-04-14 16:00:00.000
384,"budget, spending, fiscal, estimates, costs",23,2021-04-14 16:00:00.000
385,"keepingourpromiseact hr3548, hr3548, restrictions, restricted, keepingourpromiseact",107,2021-04-14 16:00:00.000
386,"rwanda, ethiopia, countries, human rights, solidarity",32,2021-04-14 16:00:00.000
387,"flowers, heartsparkles, leaf clover, garden, gardens",68,2021-04-14 16:00:00.000
388,"american deaths, americans died, number deaths, deaths total, death toll",6,2021-04-14 16:00:00.000
389,"million vaccine, vaccine doses, doses vaccines, vaccine, vaccines",114,2021-04-14 16:00:00.000
390,"inflammatory syndrome, inflammation, inflammatory, diagnosed, disease",10,2021-04-14 16:00:00.000
391,"moderna vaccine, vaccine safe, vaccine children, vaccines available, vaccine",112,2021-04-14 16:00:00.000
392,"refund, airline, flights, airlines, flight",16,2021-04-14 16:00:00.000
393,"lost parents, government support, pm cares, children lost, aid",108,2021-04-14 16:00:00.000
394,"moscow, russia, russian, 000 cases, new infections",35,2021-04-14 16:00:00.000
395,"pension, insurance, savings, financial, retirement",37,2021-04-14 16:00:00.000
396,"south dakota, north dakota, cases reported, 2021 cases, deaths reported",24,2021-04-14 16:00:00.000
397,"telangana, hyderabad, andhrapradesh, andhra, karnataka",49,2021-04-14 16:00:00.000
398,"health secretary, matt hancock, hancock, secretary, dominic cummings",40,2021-04-14 16:00:00.000
399,"george floyd, floyd, joebiden, race, racism",14,2021-04-14 16:00:00.000
400,"face tongue, faceenraged, winking face, relieved face, facepleading",27,2021-04-14 16:00:00.000
401,"ohio, vaccination rates, cases 100, coronaviruspandemic, case rate",37,2021-04-14 16:00:00.000
402,"tanzania, zambia, covidvaccination, world health, vaccines available",40,2021-04-14 16:00:00.000
403,"wedding, weddings, marriage, ceremony, couples",36,2021-04-14 16:00:00.000
404,"bring fairness, legal immigrants, fairness thousands, immigrants, fairness",109,2021-04-14 16:00:00.000
405,"easing lockdown, easing restrictions, delays, national lockdown, lockdown restrictions",39,2021-04-14 16:00:00.000
406,"covid19india, drdo, dg, prescription, antiviral",95,2021-04-14 16:00:00.000
407,"unicef, ngo, volunteers, worldbank, donate",48,2021-04-14 16:00:00.000
408,"anti asian, asian, racism, racist, racial",38,2021-04-14 16:00:00.000
409,"humanrights, trumpvirus, racism, racist, virus spread",82,2021-04-14 16:00:00.000
410,"new restrictions, restrictions, restrictions lifted, restriction, restrictions place",56,2021-04-14 16:00:00.000
411,"disease 2019, doh reports, cases reported, new cases, new infections",14,2021-04-14 16:00:00.000
412,"deaf, hearing, ear, communication, awareness",35,2021-04-14 16:00:00.000
413,"need blood, blood plasma, blood type, need plasma, plasma donor",29,2021-04-14 16:00:00.000
414,"hotels, hotel, hospitality, resort, visitors",27,2021-04-14 16:00:00.000
415,"rand paul, rand, getting vaccinated, getting vaccine, receive vaccine",73,2021-04-14 16:00:00.000
416,"people died, 000 people, iran, iranian, 500 people",61,2021-04-14 16:00:00.000
417,"cases confirmed, cases wednesday, new cases, cases tuesday, confirmed cases",39,2021-04-14 16:00:00.000
418,"bbmp, hospital, 192, slots, 67",104,2021-04-14 16:00:00.000
419,"lgbtq, minorities, aids, gay, openly",45,2021-04-14 16:00:00.000
420,"cases deaths, michigan, 15 deaths, total deaths, additional deaths",43,2021-04-14 16:00:00.000
421,"additional deaths, deaths, fatalities, case counts, active cases",51,2021-04-14 16:00:00.000
422,"workers died, healthcare workers, health workers, care workers, world health",26,2021-04-14 16:00:00.000
423,"megaphone, telephone, adults, sussex, priorities",46,2021-04-14 16:00:00.000
424,"drones, drone, covid19india, vaccines, covidindia",27,2021-04-14 16:00:00.000
425,"memorial day, memorial, honoring, reminder, veterans",29,2021-04-14 16:00:00.000
426,"million vaccines, doses vaccines, vaccine doses, doses vaccine, covidvaccination",101,2021-04-14 16:00:00.000
427,"kagutamuseveni, myogiadityanath, cmomaharashtra, ashokgehlot51, drrpnishank",46,2021-04-14 16:00:00.000
428,"nowplaying, music, stayhome, song, listen",93,2021-04-14 16:00:00.000
429,"youth, young people, teens, youths, participation",26,2021-04-14 16:00:00.000
430,"don afraid, covidiots, fear, scared, fears",19,2021-04-14 16:00:00.000
431,"mucormycosis, infection, disease, epidemic, fungus",103,2021-04-14 16:00:00.000
432,"nba, positive virus, basketball, players tested, warriors",33,2021-04-14 16:00:00.000
433,"disease, diagnosed, fever, symptoms, inflammatory syndrome",2,2021-04-14 16:00:00.000
434,"surveys, survey, public health, health, effects",19,2021-04-14 16:00:00.000
435,"vegas, las vegas, nevada, las, hotel",32,2021-04-14 16:00:00.000
436,"leadership, leaders, leader, president, role",20,2021-04-14 16:00:00.000
437,"vaccination rate, vaccination programme, vaccination, vaccinations, million vaccines",88,2021-04-14 16:00:00.000
438,"lottery, prizes, million vaccine, prize, getting vaccinated",99,2021-04-14 16:00:00.000
439,"mental health, mental illness, mentalhealth, illness, health crisis",46,2021-04-14 16:00:00.000
440,"highly contagious, contagious, contagion, infected, cdc says",25,2021-04-14 16:00:00.000
441,"quarantine center, preparing quarantine, myanmar, quarantine, outbreak",101,2021-04-14 16:00:00.000
442,"saliva, tests, test kit, test, testing",21,2021-04-14 16:00:00.000
443,"hospitalized, duane, walter reed, hospital, fort",1,2021-04-14 16:00:00.000
444,"whatsapp, messages, covidindia, covid1, moderna vaccine",40,2021-04-14 16:00:00.000
445,"let fight, coronawarriors, battle, help fight, fighting",30,2021-04-14 16:00:00.000
446,"hate crimes, crimes, anti asian, crime, legislation",89,2021-04-14 16:00:00.000
447,"vaccine dose, vaccine doses, vaccine today, doses vaccines, received vaccine",97,2021-04-14 16:00:00.000
448,"jared kushner, kushner, jared, victims, genocide",14,2021-04-14 16:00:00.000
449,"dashboard, updates, latest data, daily update, update",23,2021-04-14 16:00:00.000
450,"trumpvirus, coronavirusoutbreak, outbreak, pres trump, presidential",5,2021-04-14 16:00:00.000
451,"zimbabwe, zambia, covidvaccine, world health, health minister",29,2021-04-14 16:00:00.000
452,"scotland, scottish, edinburgh, glasgow, isle",9,2021-04-14 16:00:00.000
453,"detention, detained, immigration, migrants, immigrants",8,2021-04-14 16:00:00.000
454,"hawaii, islands, pacific, getting vaccine, quarantine",36,2021-04-14 16:00:00.000
455,"need blood, getting vaccine, donor, donating, blood plasma",40,2021-04-14 16:00:00.000
456,"ads, socialmedia, compromised, youtube, funding",22,2021-04-14 16:00:00.000
457,"uk deaths, deaths uk, uk reports, cases deaths, daily deaths",45,2021-04-14 16:00:00.000
458,"lebanon, coronavirusupdate, coronaviruspandemic, coronavirusupdate coronaviruspandemic, gmt coronavirusupdate",32,2021-04-14 16:00:00.000
459,"fines, fined, enforcement, arrests, enforce",27,2021-04-14 16:00:00.000
460,"public transport, restrictions, new restrictions, public, gatherings",33,2021-04-14 16:00:00.000
461,"global vaccine, vaccines world, access vaccines, vaccine, vaccines",37,2021-04-14 16:00:00.000
462,"anxiety, covidindia, anxious, coping, mental health",25,2021-04-14 16:00:00.000
463,"workplace, workplaces, employee, precautions, workforce",32,2021-04-14 16:00:00.000
464,"somalia, infections, people dying, excess deaths, cov",12,2021-04-14 16:00:00.000
465,"stats, stat, statistics, latest, tally",31,2021-04-14 16:00:00.000
466,"cases 15, active cases, blue diamond, confirmed cases, reported cases",36,2021-04-14 16:00:00.000
468,"islamic, governors, abu, kaduna, kogi",1,2021-04-14 16:00:00.000
469,"covid19sa, gauteng, cases reported, cases province, new infections",40,2021-04-14 16:00:00.000
470,"railways, railway, rail, trains, train",25,2021-04-14 16:00:00.000
471,"ebola, epidemics, epidemic, outbreak, hiv",8,2021-04-14 16:00:00.000
472,"malaria, ebola, diseases, disease, aids",13,2021-04-14 16:00:00.000
473,"beijing, chinese, chinese government, china, cases reported",25,2021-04-14 16:00:00.000
474,"hindu, spread india, muslims, muslim, crisis india",27,2021-04-14 16:00:00.000
475,"hospitals, private hospitals, hospital, infectious disease, treat patients",30,2021-04-14 16:00:00.000
476,"spike protein, spike, protein, viral, vaccines",84,2021-04-14 16:00:00.000
477,"health authorities, health minister, health officials, minister health, health ministry",55,2021-04-14 16:00:00.000
478,"uv light, uv, coronaviruses, disinfectant, disinfectants",5,2021-04-14 16:00:00.000
479,"repritchie introduced, repjerrynadler, repritchie, thanks repritchie, diversity",17,2021-04-14 16:00:00.000
480,"birthday, happy birthday, stayhome staysafe, celebrations, celebrate",55,2021-04-14 16:00:00.000
481,"jones, whistleblower, fired, florida, health officials",32,2021-04-14 16:00:00.000
482,"karnataka, cases reported, cases today, number infections, cases death",50,2021-04-14 16:00:00.000
483,"mink, quarantine, positive virus, farms, farming",17,2021-04-14 16:00:00.000
484,"big pharma, pharma, pharmacists, pharmacist, pharmacy",39,2021-04-14 16:00:00.000
485,"cases reported, bihar, ve cases, patna, cases 15",11,2021-04-14 16:00:00.000
486,"margaret, tory, deputy, nicola, cmo",2,2021-04-14 16:00:00.000
487,"cdc reports, cdc, cdc director, cdcgov, news trump",6,2021-04-14 16:00:00.000
488,"anti vaxxer, anti vaccine, vaccine, getting vaccine, vaxxer",64,2021-04-14 16:00:00.000
489,"passports, vaccine passports, vaccine passport, passport, citizens",25,2021-04-14 16:00:00.000
490,"deaths today, deaths reported, additional deaths, cases deaths, 15 deaths",12,2021-04-14 16:00:00.000
491,"interview, interviews, interviewed, dr, podcast",27,2021-04-14 16:00:00.000
492,"walgreens, appointments, st, address, age group",88,2021-04-14 16:00:00.000
493,"journalism, journalist, journalists, newspaper, breaking news",20,2021-04-14 16:00:00.000
494,"million vaccines, million vaccine, global vaccine, vaccine doses, doses vaccine",87,2021-04-14 16:00:00.000
495,"jabs, jab, nhs, hospital admissions, infectious",83,2021-04-14 16:00:00.000
496,"mosque, islamic, allah, muslim, muslims",27,2021-04-14 16:00:00.000
497,"jammu kashmir, jammu, kashmir, india reports, cases reported",46,2021-04-14 16:00:00.000
498,"unvaccinated people, getvaccinated, unvaccinated, people vaccinated, people vaccine",90,2021-04-14 16:00:00.000
499,"coronaviruspandemic, coronavirusupdate coronaviruspandemic, coronavirusupdate, gmt coronavirusupdate, new deaths",32,2021-04-14 16:00:00.000
500,"number deaths, deaths reported, 000 deaths, deaths occurred, total deaths",17,2021-04-14 16:00:00.000
501,"vaccine appointments, vaccine clinic, vaccine available, vaccination clinic, pfizer vaccine",84,2021-04-14 16:00:00.000
502,"vaccine appointments, available walgreens, walgreens, appointments available, vaccine",87,2021-04-14 16:00:00.000
503,"shirts, clothing, shop, selling, products",59,2021-04-14 16:00:00.000
504,"alberta, albertans, calgary, cases deaths, cases province",60,2021-04-14 16:00:00.000
506,"cdc director, redfield, cdc, threats, compromised",31,2021-04-14 16:00:00.000
507,"smiling_face_with_heart eyes, smiling_face_with_heart, face smiling, smiling face, paw",57,2021-04-14 16:00:00.000
509,"vaccines, vaccine vaccine, vaccines safe, moderna vaccines, vaccinations",71,2021-04-14 16:00:00.000
510,"face smiling, smiling face, covidー19, smiling_face_with_heart, smiling_face_with_heart eyes",23,2021-04-14 16:00:00.000
511,"vaccine update, receiving vaccine, receive vaccine, vaccines available, book vaccine",78,2021-04-14 16:00:00.000
512,"fashion, clothing, clothes, brands, shop",25,2021-04-14 16:00:00.000
513,"coronaviruspandemic, coronavirusupdate, coronavirusupdate coronaviruspandemic, uk deaths, gmt coronavirusupdate",41,2021-04-14 16:00:00.000
514,"market 2020, 2021, 2025, 2022, 2020",12,2021-04-14 16:00:00.000
515,"autopsy, murdered, murder, man died, death",4,2021-04-14 16:00:00.000
516,"vaccine approved, vaccine just, vaccine, vaccine vaccine, vaccine rollout",56,2021-04-14 16:00:00.000
517,"beach, beaches, coast, shore, ocean",16,2021-04-14 16:00:00.000
518,"percent, world population, united states, america, usa",4,2021-04-14 16:00:00.000
519,"whistleblower, concerns, claims, accused, complaint",19,2021-04-14 16:00:00.000
520,"tested positive, testing positive, patients died, positive virus, deaths reported",10,2021-04-14 16:00:00.000
521,"fighting stigma, stigma, health crisis, aids, incidence",21,2021-04-14 16:00:00.000
522,"article, articles, great article, read article, interesting article",35,2021-04-14 16:00:00.000
523,"furlough, uk government, gove, tories, employer",9,2021-04-14 16:00:00.000
524,"chinese virologist, meng yan, chinese scientists, chinese lab, meng",10,2021-04-14 16:00:00.000
525,"portugal, spain, uk reports, eu, countries",55,2021-04-14 16:00:00.000
526,"justin trudeau, trudeau, justintrudeau, canadians, canadian",20,2021-04-14 16:00:00.000
527,"ncaa, baseball, conference, espn, athletic",19,2021-04-14 16:00:00.000
528,"location walgreens, provider walgreens, walgreens location, available appointments, appointments detected",66,2021-04-14 16:00:00.000
529,"poetry, diary, written, write, literature",27,2021-04-14 16:00:00.000
530,"retweet, covidvaccine, tweet, twitter, 300",17,2021-04-14 16:00:00.000
531,"mental health, mentalhealth, health, wellness, health services",17,2021-04-14 16:00:00.000
532,"kellyanne conway, kellyanne, kelly, coincidence, infected",3,2021-04-14 16:00:00.000
533,"uk deaths, deaths uk, number deaths, deaths reported, deaths linked",4,2021-04-14 16:00:00.000
534,"infectious diseases, infectious disease, infectious, infect, infected",12,2021-04-14 16:00:00.000
535,"oklahoma, cases deaths, tulsa, deaths reported, hospitalizations",12,2021-04-14 16:00:00.000
536,"bbcnews, bbc news, bbc, bbcworld, uk news",19,2021-04-14 16:00:00.000
537,"musk, elon, elonmusk, global news, ceo",8,2021-04-14 16:00:00.000
538,"deaths reported, oregon, related deaths, reported deaths, cases deaths",30,2021-04-14 16:00:00.000
539,"hiring, recruitment, employers, workforce, jobs",20,2021-04-14 16:00:00.000
540,"icu beds, beds available, hospital beds, hospital bed, beds",65,2021-04-14 16:00:00.000
541,"vaccinated, vaccination program, sinovac vaccine, fully vaccinated, indonesian",72,2021-04-14 16:00:00.000
543,"covaxin, bharat biotech, covid19vaccine, fda approval, fda",62,2021-04-14 16:00:00.000
544,"vaccine passports, vaccine passport, global vaccine, free vaccine, vaccine",69,2021-04-14 16:00:00.000
545,"buhari, niger, presidential, presidential task, summit",12,2021-04-14 16:00:00.000
546,"duterte, receiving vaccine, vaccine approved, vaccine dose, got vaccine",25,2021-04-14 16:00:00.000
547,"azerbaijan, cases infection, russia, infection, new patients",12,2021-04-14 16:00:00.000
548,"maine, covid1, vaccination rate, vaccination campaign, cdc reports",37,2021-04-14 16:00:00.000
549,"camera, photos, photography, pictures, corona",13,2021-04-14 16:00:00.000
550,"innovation, technology, epidemics, technologies, prosperity",20,2021-04-14 16:00:00.000
551,"trudeau, cross border, border, justintrudeau, borders",10,2021-04-14 16:00:00.000
552,"disney, parks, park, resort, kong",16,2021-04-14 16:00:00.000
553,"angela, fights, fighter, tested positive, fight",18,2021-04-14 16:00:00.000
554,"kashmir, jammu kashmir, jammu, srinagar, terrorists",36,2021-04-14 16:00:00.000
555,"received vaccine, lee, vaccine, face, tested positive",1,2021-04-14 16:00:00.000
556,"mps, chairman, 2021 06, june 2021, 2021",33,2021-04-14 16:00:00.000
558,"telangana, lockdown till, lockdown lockdown, complete lockdown, lockdown extended",69,2021-04-14 16:00:00.000
559,"communist china, chinese communist, president joe, beijing, china",60,2021-04-14 16:00:00.000
560,"rtenews, 410, updated numbers, week cdc, numbers",1,2021-04-14 16:00:00.000
561,"library, libraries, books, visit, museum",12,2021-04-14 16:00:00.000
562,"coronavirusupdate, coronavirusupdate coronaviruspandemic, gmt coronavirusupdate, coronaviruspandemic, tobago",59,2021-04-14 16:00:00.000
563,"positivity rate, delhi, new delhi, test positivity, positivity",51,2021-04-14 16:00:00.000
564,"joke, jokes, funny, infectious, laugh",26,2021-04-14 16:00:00.000
565,"misinformation, disinformation, says trump, fakenews, rhetoric",1,2021-04-14 16:00:00.000
566,"state governor, governor, governors, governme, elected",8,2021-04-14 16:00:00.000
567,"namibia, coronaviruspandemic, coronavirusupdate, coronavirusupdate coronaviruspandemic, gmt coronavirusupdate",39,2021-04-14 16:00:00.000
568,"tested positive, csk, tests positive, test positive, false positives",38,2021-04-14 16:00:00.000
569,"weather, good morning, good evening, great day, morning",32,2021-04-14 16:00:00.000
570,"sleep, stress, sleeping, wake, mental health",24,2021-04-14 16:00:00.000
571,"mlb, baseball, injuries, injured, tested positive",8,2021-04-14 16:00:00.000
572,"hug, broken heart, kiss, loved ones, loved",25,2021-04-14 16:00:00.000
573,"fish, outbreak, boat, economic impact, livelihoods",15,2021-04-14 16:00:00.000
574,"cloud, providers, infrastructure, platform, services",24,2021-04-14 16:00:00.000
575,"coronaviruspandemic, coronavirusupdate, coronavirusupdate coronaviruspandemic, coronavirusupdates, coronavirusindia",23,2021-04-14 16:00:00.000
576,"taiwan, million vaccines, covidvaccination, vaccines, vaccine",75,2021-04-14 16:00:00.000
577,"vaccine appointments, walgreens chicago, available walgreens, walgreens, appointments available",76,2021-04-14 16:00:00.000
578,"tested positive, testing positive, test positive, positive virus, false positives",3,2021-04-14 16:00:00.000
579,"right arrow, deadly virus, positive today, arrow, positive",33,2021-04-14 16:00:00.000
580,"hospitals, hospital, hospital beds, care centre, hospital bed",41,2021-04-14 16:00:00.000
581,"hospital, hospitals, hospital beds, policies, policy",21,2021-04-14 16:00:00.000
583,"federal judge, lawsuit, houston hospital, sued, judge",71,2021-04-14 16:00:00.000
584,"tuberculosis, tb, infectious diseases, infectious disease, diseases",23,2021-04-14 16:00:00.000
585,"corruption, corrupt, governance, criminals, blamed",21,2021-04-14 16:00:00.000
586,"fraud, fraudulent, scam, scams, crime",22,2021-04-14 16:00:00.000
587,"beach, beaches, hike, cornwall, garden",22,2021-04-14 16:00:00.000
588,"tickets, stadium, soccer ball, venue, football",13,2021-04-14 16:00:00.000
589,"million vaccines, vaccine doses, vaccine dose, covidvaccination, vaccine update",67,2021-04-14 16:00:00.000
590,"cyclone, storm, staysafe stayhome, staysafe, wind",47,2021-04-14 16:00:00.000
591,"sage, published, doc, incompetent, quietly",15,2021-04-14 16:00:00.000
592,"billionaire, billionaires, forbes, wealth, trillion",15,2021-04-14 16:00:00.000
593,"autism, getting vaccine, disabilities, disability, disabled people",13,2021-04-14 16:00:00.000
594,"blood clots, blood clot, clots, clot, blood",29,2021-04-14 16:00:00.000
595,"sanitation, water, hygiene, infectious disease, prevention",15,2021-04-14 16:00:00.000
596,"south asia, asia, asean, countries, asian",36,2021-04-14 16:00:00.000
597,"medications, medication, drug, prescription, drugs",6,2021-04-14 16:00:00.000
598,"construction, building, buildings, contractors, built",13,2021-04-14 16:00:00.000
599,"coronavirusupdates, fuck, 2019, fucking, virus",14,2021-04-14 16:00:00.000
600,"care homes, care home, covid19uk, home residents, covid19vaccine",10,2021-04-14 16:00:00.000
601,"car light, car lightpolice, need vaccine, vaccination clinic, police car",70,2021-04-14 16:00:00.000
602,"post vaccination, vaccination, vaccines, vaccine hesitancy, social media",16,2021-04-14 16:00:00.000
603,"kamala harris, harris, kamala, campaigning, trip",7,2021-04-14 16:00:00.000
604,"new cdc, cdc, cdc data, cdc says, cdc director",19,2021-04-14 16:00:00.000
605,"fiji, quarantined, outbreak, pacific, nz",58,2021-04-14 16:00:00.000
606,"crypto, bitcoin, economies, epidemic, market",46,2021-04-14 16:00:00.000
607,"natural immunity, immunity, immune, immune response, vaccinate",37,2021-04-14 16:00:00.000
608,"free testing, county health, testing available, county, health dept",61,2021-04-14 16:00:00.000
609,"tucker carlson, tucker, carlson, foxnews, fox news",37,2021-04-14 16:00:00.000
610,"lockdown restrictions, extends lockdown, lockdown extended, complete lockdown, covid19india",61,2021-04-14 16:00:00.000
611,"received vaccine, nigerian, nigerians, vaccine dose, vaccine doses",50,2021-04-14 16:00:00.000
612,"philippines, philippine, filipinos, manila, filipino",17,2021-04-14 16:00:00.000
613,"transmission, break chain, guidelines, chain, issued",26,2021-04-14 16:00:00.000
615,"herman cain, cain, realdonaldtrump trump, presidential, trump",1,2021-04-14 16:00:00.000
616,"red triangle, triangle pointed, triangle, red, pointed",5,2021-04-14 16:00:00.000
617,"vaccine appointments, walgreens chicago, available walgreens, walgreens, appointments available",66,2021-04-14 16:00:00.000
618,"happy friday, twitter friends, good morning, good night, twitter",31,2021-04-14 16:00:00.000
619,"visa, visas, embassy, dasimmigration, immigration",38,2021-04-14 16:00:00.000
620,"covidー19, uk reports, uk cases, daily report, united kingdom",34,2021-04-14 16:00:00.000
621,"cases province, province, provincial, cases reported, cases today",25,2021-04-14 16:00:00.000
622,"new infections, patients recovered, new recoveries, new cases, cases 24",22,2021-04-14 16:00:00.000
624,"covid19vaccine, ontario, quebec, cbc news, cases ontario",20,2021-04-14 16:00:00.000
625,"ron johnson, johnson says, johnson, sen ron, vaccine",4,2021-04-14 16:00:00.000
626,"weekend, contagious, stay safe, holidays, holiday",11,2021-04-14 16:00:00.000
627,"ceo, engineer, ceos, engineering, chief executive",20,2021-04-14 16:00:00.000
628,"covidー19, 000 cases, million cases, cases today, number cases",3,2021-04-14 16:00:00.000
629,"corona spread, coronaviru, corona, coronavi, updates",35,2021-04-14 16:00:00.000
630,"gujarat, deaths total, epidemic, deaths, excess deaths",18,2021-04-14 16:00:00.000
631,"golf, americans dying, president trump, marshablackburn, trump",2,2021-04-14 16:00:00.000
632,"sonusood, infected, critically ill, himantabiswa, help patients",50,2021-04-14 16:00:00.000
633,"saskatchewan, deaths reported, cases today, new deaths, additional deaths",43,2021-04-14 16:00:00.000
634,"vaccination, vaccine, vaccinations, people vaccine, vaccination rate",11,2021-04-14 16:00:00.000
635,"location walgreens, provider walgreens, walgreens location, available appointments, appointments detected",57,2021-04-14 16:00:00.000
636,"vaccine clinic, vaccine clinics, vaccine appointment, vaccination clinic, vaccination clinics",66,2021-04-14 16:00:00.000
637,"uber, free vaccination, free vaccine, rides, ride",39,2021-04-14 16:00:00.000
638,"deaths people, people dying, people die, died complications, people died",11,2021-04-14 16:00:00.000
639,"conspiracy theorists, conspiracy theory, conspiracy theories, conspiracies, conspiracy",34,2021-04-14 16:00:00.000
640,"kerala, cases reported, total deaths, cases today, deaths today",30,2021-04-14 16:00:00.000
641,"longcovid, long term, viral, prolonged, severe illness",25,2021-04-14 16:00:00.000
642,"forest, tree, tsunami, woods, projects",26,2021-04-14 16:00:00.000
643,"argentina, 2021 cases, vaccinat, dictator, cases tuesday",27,2021-04-14 16:00:00.000
644,"institute virology, virology, wuhan lab, wuhan institute, lab wuhan",59,2021-04-14 16:00:00.000
645,"podcast, audio, breaking news, listening, news",29,2021-04-14 16:00:00.000
646,"dakota, south dakota, north dakota, sioux, governor",5,2021-04-14 16:00:00.000
647,"cases deaths, deaths today, 15 deaths, michigan, deaths",21,2021-04-14 16:00:00.000
648,"coronaviruses, viruses, virus causes, virus, antiviral",2,2021-04-14 16:00:00.000
649,"covid19vaccine, map, maps, charts, chart",15,2021-04-14 16:00:00.000
650,"palliatives, palliative, care patients, life death, care",3,2021-04-14 16:00:00.000
651,"face masks, face mask, covidー19, medical mask, mask",48,2021-04-14 16:00:00.000
652,"apps, mobile, app, mobile phone, phone",9,2021-04-14 16:00:00.000
653,"hospitalized patients, ill patients, hospitalized, patients admitted, patients",18,2021-04-14 16:00:00.000
654,"repritchie introduced, visas, repritchie, diversity, thanks repritchie",66,2021-04-14 16:00:00.000
655,"saudi, saudi arabia, saudiarabia, arabia, vaccination status",28,2021-04-14 16:00:00.000
656,"marriage, married, couple, couples, wife",11,2021-04-14 16:00:00.000
657,"literature, reads, books, reading, book",29,2021-04-14 16:00:00.000
658,"deaths, people died, iranian, iran, 000 people",47,2021-04-14 16:00:00.000
659,"dow, oklahoma, trump said, tulsa, trump rally",1,2021-04-14 16:00:00.000
660,"corona virus, covid19india, tested positive, tests positive, getting infected",42,2021-04-14 16:00:00.000
661,"camps, camp, summer, updated guidance, youth",27,2021-04-14 16:00:00.000
662,"available walgreens, walgreens, appointments available, appointments, clinics",59,2021-04-14 16:00:00.000
663,"vaccination program, free vaccines, vaccination update, vaccination clinics, vaccination sites",57,2021-04-14 16:00:00.000
664,"barbados, recorded cases, cases today, cases breaking, caribbean",34,2021-04-14 16:00:00.000
665,"lindseygrahamsc, lindsey, graham, hearings, gop",12,2021-04-14 16:00:00.000
666,"conspiracy theory, conspiracies, conspiracy theories, conspiracy theorists, conspiracy",23,2021-04-14 16:00:00.000
667,"haiti, death rates, public health, health emergency, hospitalization",39,2021-04-14 16:00:00.000
668,"swab, swabs, breath, diagnostics, health canada",26,2021-04-14 16:00:00.000
669,"maps, map, google, navigate, ar",5,2021-04-14 16:00:00.000
670,"blockchain, bitcoin, crypto, chain, healthcare",12,2021-04-14 16:00:00.000
671,"dr erickson, dr, doctor, physician, videos",6,2021-04-14 16:00:00.000
672,"mayor, mayors, city council, city, urban",12,2021-04-14 16:00:00.000
673,"funeral, funerals, burial, mourning, grief",16,2021-04-14 16:00:00.000
674,"missouri, mo, vaccine hesitancy, spike cases, arrests",25,2021-04-14 16:00:00.000
675,"rehabilitation, recovery, help patients, patients, therapy",14,2021-04-14 16:00:00.000
676,"broadband, internet, rural, low income, communications",28,2021-04-14 16:00:00.000
677,"cartoon, coronaviruspandemic, coronavirusoutbreak, corona virus, corona",17,2021-04-14 16:00:00.000
678,"covidvaccination, watch live, tune, tonight, radio",17,2021-04-14 16:00:00.000
679,"new brunswick, brunswick, new deaths, cases death, cases reported",24,2021-04-14 16:00:00.000
680,"gdp, recession, austerity, estimates, economy",10,2021-04-14 16:00:00.000
681,"transplant, ill patients, lung, patient, lungs",35,2021-04-14 16:00:00.000
682,"antiviral drug, antiviral, viral, medicines, biden administration",59,2021-04-14 16:00:00.000
683,"loneliness, depression, self isolation, mental health, socialdistancing",14,2021-04-14 16:00:00.000
684,"scandal, covid19sa, corrupt, investigation, allegations",32,2021-04-14 16:00:00.000
686,"quarantine center, preparing quarantine, quarantine, terrorists, terrorist",62,2021-04-14 16:00:00.000
687,"travel ban, travel restrictions, cases indian, indian variant, ban",46,2021-04-14 16:00:00.000
688,"coronavirusupdate, coronavirusupdates, coronavirusindia, coronavirusuk, latest updates",20,2021-04-14 16:00:00.000
689,"wuhan lab, coronaviruses, lab wuhan, chinese lab, wuhan institute",30,2021-04-14 16:00:00.000
690,"monkeys, experimental vaccine, wildlife, vaccine, new vaccine",7,2021-04-14 16:00:00.000
691,"tweets, tweet, twitter, retweet, tweeted",5,2021-04-14 16:00:00.000
692,"covidvaccination, odisha, getting infected, new infections, infected",18,2021-04-14 16:00:00.000
693,"boris johnson, boris, borisjohnson, new normal, johnson",31,2021-04-14 16:00:00.000
694,"north carolina, nc, people hospitalized, carolina, hospitalized",4,2021-04-14 16:00:00.000
695,"social media, socialmedia, social, trends, media",13,2021-04-14 16:00:00.000
696,"hugo talks, hugo, talks lockdown, lockdown, lockdown lockdown",63,2021-04-14 16:00:00.000
698,"iot, cloud, market 2020, internet, technology",17,2021-04-14 16:00:00.000
699,"illinois, chicago, il, updates, indiana",12,2021-04-14 16:00:00.000
700,"dance, dancing, moves, healthcare, smiling_face_with_heart eyes",14,2021-04-14 16:00:00.000
701,"rock, chris, actor, david, matthew",2,2021-04-14 16:00:00.000
703,"check mark, mark button, button, check box, mark",22,2021-04-14 16:00:00.000
704,"reopening, reopen, economic recovery, economy, economic",6,2021-04-14 16:00:00.000
705,"remote work, remotely, remote, workplace, productivity",16,2021-04-14 16:00:00.000
706,"clinical trials, clinical trial, trials, phase trial, clinical",23,2021-04-14 16:00:00.000
707,"susan, margaret, nurse, karen, kim",3,2021-04-14 16:00:00.000
708,"india response, withheld, accounts, account, mohfw_india",38,2021-04-14 16:00:00.000
709,"hospital patients, treat patients, patients, hospitalisation, patients hospital",11,2021-04-14 16:00:00.000
710,"rural, rural areas, economic impact, impacts, economic",30,2021-04-14 16:00:00.000
711,"ambulances, ambulance, help patients, emergencies, ill patients",40,2021-04-14 16:00:00.000
712,"fatigue, syndrome, chronic, mild symptoms, disorders",17,2021-04-14 16:00:00.000
713,"silence, american lives, 000 americans, capitol, congress",11,2021-04-14 16:00:00.000
714,"vaccine appointments, walgreens chicago, available walgreens, appointments available, walgreens",63,2021-04-14 16:00:00.000
715,"languages, language, english, translation, spanish",22,2021-04-14 16:00:00.000
716,"diagnosed, patients, ministry health, patients recovered, health",40,2021-04-14 16:00:00.000
717,"hogan, matches, match, raw, championship",16,2021-04-14 16:00:00.000
718,"keepingourpromiseact hr3548, whitehouse, housedemocrats, dasimmigration, hr3548",57,2021-04-14 16:00:00.000
719,"died complications, dies complications, died april, teacher, died",9,2021-04-14 16:00:00.000
720,"assam, odisha, karnataka, bjp, nagaland",28,2021-04-14 16:00:00.000
721,"deaths reported, reported deaths, new deaths, additional deaths, deaths",28,2021-04-14 16:00:00.000
722,"false positives, testing positive, false positive, test positive, getting tested",4,2021-04-14 16:00:00.000
723,"ethiopia, rwanda, african countries, related deaths, cases deaths",25,2021-04-14 16:00:00.000
724,"birthday, celebrated, celebrating, celebrate, celebration",16,2021-04-14 16:00:00.000
725,"journalists, journalist, journalism, mainstream media, media",15,2021-04-14 16:00:00.000
726,"spoked_asterisk, cases reported, cases infection, case updates, cases 18",29,2021-04-14 16:00:00.000
727,"location walgreens, walgreens location, provider walgreens, available appointments, appointments detected",55,2021-04-14 16:00:00.000
728,"doctors died, fatalities, doctors, infectious diseases, diseases",46,2021-04-14 16:00:00.000
729,"complications, clinicians, hospitalized, patients, drs",17,2021-04-14 16:00:00.000
730,"seanhannity, lied, lying, lies, lie",1,2021-04-14 16:00:00.000
731,"italian, german, spanish, english, strains",54,2021-04-14 16:00:00.000
732,"bjp4india, bjp, narendramodi pmoindia, pmoindia narendramodi, mohfw_india",34,2021-04-14 16:00:00.000
733,"football, fans, premier league, stadium, sports",10,2021-04-14 16:00:00.000
735,"tyson, poultry, food supply, foods, farms",4,2021-04-14 16:00:00.000
736,"belgium, european_union, netherlands, european countries, caution",1,2021-04-14 16:00:00.000
737,"steroids, steroid, treatments, immunity, prescription",16,2021-04-14 16:00:00.000
738,"songs, song, music, musical, album",42,2021-04-14 16:00:00.000
739,"physician, walter reed, dr, prevention, doctor",2,2021-04-14 16:00:00.000
740,"immunity, immune response, immunology, immune, cells",17,2021-04-14 16:00:00.000
741,"parliament, parliamentary, mps, policy, democracy",13,2021-04-14 16:00:00.000
742,"astrazeneca vaccine, astrazeneca vaccines, second vaccine, vaccine doses, vaccine dose",60,2021-04-14 16:00:00.000
743,"governors, state governor, governor, cdc director, govmurphy",6,2021-04-14 16:00:00.000
744,"pompeo, wallace, coronav, evidence suggests, meng",25,2021-04-14 16:00:00.000
745,"delhi, help india, medical supplies, supplies, emergency relief",37,2021-04-14 16:00:00.000
746,"finances, financially, financial, finance, fund",15,2021-04-14 16:00:00.000
747,"awareness, indianarmy, precautions, spread awareness, prevention",55,2021-04-14 16:00:00.000
748,"tweets, tweet, twitter, tweeting, tweeted",17,2021-04-14 16:00:00.000
749,"new deaths, additional deaths, deaths reported, confirmed deaths, deaths new",16,2021-04-14 16:00:00.000
750,"trucks, victims, state health, truck, truck drivers",44,2021-04-14 16:00:00.000
751,"nobel prize, nobel, hiv, virologist, viral",30,2021-04-14 16:00:00.000
752,"notre dame, florida, championship, georgia, athletic",1,2021-04-14 16:00:00.000
753,"vaccinated people, receive vaccine, vaccination, vaccinations, vaccinated",52,2021-04-14 16:00:00.000
754,"death certificate, death certificates, death reported, certificate, certificates",6,2021-04-14 16:00:00.000
755,"trump campaign, trump just, trump, president trump, looming",35,2021-04-14 16:00:00.000
757,"vaccine trials, vaccine trial, oxford vaccine, vaccine new, vaccine free",8,2021-04-14 16:00:00.000
758,"switzerland, swiss, europe, 2021 cases, snow",22,2021-04-14 16:00:00.000
759,"zoo, lions, tested positive, testing positive, wildlife",51,2021-04-14 16:00:00.000
760,"sick leave, paid sick, vacation, receive vaccine, unemployment",36,2021-04-14 16:00:00.000
761,"home isolation, isolation centre, isolation, isolated, home",15,2021-04-14 16:00:00.000
762,"zoom, meeting, meetings, join live, attend",10,2021-04-14 16:00:00.000
763,"maldives, related deaths, death toll, palestine, cases infection",23,2021-04-14 16:00:00.000
764,"chile, sinovac vaccine, sinovac, vaccination rates, vaccinating",30,2021-04-14 16:00:00.000
765,"airlines, airline, flights, air travel, flight",8,2021-04-14 16:00:00.000
766,"play button, nowplaying, music, musical, tune",9,2021-04-14 16:00:00.000
767,"cv, pharmacists, cvs, pharmacy, pharmacist",45,2021-04-14 16:00:00.000
768,"vaccinated people, people vaccinated, getting vaccinated, vaccination, vaccinated",58,2021-04-14 16:00:00.000
769,"fake, don believe, believe, real, misinformation",10,2021-04-14 16:00:00.000
770,"christie, ryan, chris christie, self isolate, isolate",1,2021-04-14 16:00:00.000
771,"gym, gyms, fitness, high risk, athletic",6,2021-04-14 16:00:00.000
772,"infections, infection, resistance, effective preventing, patients",26,2021-04-14 16:00:00.000
773,"stroke, strokes, neurological, patients, inflammation",13,2021-04-14 16:00:00.000
774,"greek, letters, variants, new variants, names",57,2021-04-14 16:00:00.000
775,"chest, artificialintelligence, artificial intelligence, diagnostic, detection",31,2021-04-14 16:00:00.000
776,"uk deaths, deaths uk, deaths today, total deaths, number deaths",8,2021-04-14 16:00:00.000
777,"employers, employer, employment, employ, employee",21,2021-04-14 16:00:00.000
779,"covid_19_za, outbreaks, virus, coronav, suspected",17,2021-04-14 16:00:00.000
780,"golf, swing, clubs, 2021, club",17,2021-04-14 16:00:00.000
781,"netherlands, european_union, globe_showing_europe africa, dutch, france",9,2021-04-14 16:00:00.000
783,"lab leak, leak theory, leak, laboratory, laboratories",56,2021-04-14 16:00:00.000
784,"mosques, mosque, islamic, muslims, prayers",7,2021-04-14 16:00:00.000
785,"actress, hillaryclinton, concerned, faced, 2020",11,2021-04-14 16:00:00.000
786,"alert, trend, concerned, relief, defeated",11,2021-04-14 16:00:00.000
787,"cases wednesday, cases reported, new cases, cases thursday, cases friday",12,2021-04-14 16:00:00.000
788,"groceries, rent, afford, campus, student",9,2021-04-14 16:00:00.000
789,"speedy recovery, coronavir, recovery, covid19india, covidindia",57,2021-04-14 16:00:00.000
790,"woodward, trump told, hoax, trump knew, says trump",7,2021-04-14 16:00:00.000
791,"narendramodi pmoindia, mohfw_india, pib_india, cmomaharashtra, drharshvardhan",23,2021-04-14 16:00:00.000
792,"infecting, diagnosis, suffered, deaths caused, admitted hospital",17,2021-04-14 16:00:00.000
793,"globe_showing_europe africa, africa, zambia, africans, african",14,2021-04-14 16:00:00.000
794,"farmers, protests, protesting, protest, agriculture",42,2021-04-14 16:00:00.000
795,"deaths related, deaths today, reports deaths, reported deaths, deaths",18,2021-04-14 16:00:00.000
796,"vaccination rates, doses vaccines, people vaccinated, arkansas, infect",30,2021-04-14 16:00:00.000
797,"need blood, derasachasauda, donors, donation, donating",4,2021-04-14 16:00:00.000
798,"bags, medical supplies, packing, bag, supplies",2,2021-04-14 16:00:00.000
799,"student, students, education, rahulgandhi, educators",18,2021-04-14 16:00:00.000
800,"malawi, astrazeneca vaccines, astrazeneca vaccine, vaccine doses, vaccines",28,2021-04-14 16:00:00.000
801,"lysol, viruses, disinfectant, treatment, disinfect",2,2021-04-14 16:00:00.000
802,"epidemiology, people recovered, epidemiologists, 000 people, recovery rate",10,2021-04-14 16:00:00.000
803,"bring fairness, fairness thousands, fairness, keepingourpromiseact hr3548, whitehouse",56,2021-04-14 16:00:00.000
804,"preparing quarantine, quarantine center, myanmar, quarantine, preparing",56,2021-04-14 16:00:00.000
805,"vermont, vaccination rates, vaccination rate, vaccination, vaccinations",51,2021-04-14 16:00:00.000
806,"vaccines, getting vaccine, receiving vaccine, vaccine, taking vaccine",56,2021-04-14 16:00:00.000
807,"maternal, pregnant, tested positive, birth, infected",13,2021-04-14 16:00:00.000
808,"visas, diversity, south african, south africans, 2021",49,2021-04-14 16:00:00.000
809,"covidvaccination, vaccination rates, new vaccine, vaccine passport, vaccine",55,2021-04-14 16:00:00.000
810,"gdp, global economy, economy, economies, economic",24,2021-04-14 16:00:00.000
811,"zip code, vaccination rates, zip, latest numbers, vaccinations",23,2021-04-14 16:00:00.000
813,"allergies, cold flu, common cold, flu, influenza",14,2021-04-14 16:00:00.000
814,"covid19india, andhrapradesh, hospital, andhra, hospitals",32,2021-04-14 16:00:00.000
815,"uk reports, highest daily, uk cases, cases uk, uk news",32,2021-04-14 16:00:00.000
816,"covid19vaccine, covidvaccine, vaccine, vaccines, vaccin",3,2021-04-14 16:00:00.000
818,"vaccine candidate, viruses, viral, natural immunity, dangers",22,2021-04-14 16:00:00.000
819,"convalescent plasma, plasma, blood plasma, white house, plasma therapy",1,2021-04-14 16:00:00.000
820,"funeral, funerals, fema, memorial, burial",34,2021-04-14 16:00:00.000
822,"grieving, heartbreaking, dying, memorial, trauma",13,2021-04-14 16:00:00.000
823,"bc, bcpoli, restart, plan, starting",48,2021-04-14 16:00:00.000
824,"covid19uk, bame, people affected, vaccine trial, vaccine trials",3,2021-04-14 16:00:00.000
825,"2020 2021, 2020, 2021, energy, emissions",8,2021-04-14 16:00:00.000
826,"capitalism, socialism, crises, revolution, famine",7,2021-04-14 16:00:00.000
827,"iceland, sweden, norway, finland, denmark",13,2021-04-14 16:00:00.000
828,"prayers, prayer, praying, pray, wave india",11,2021-04-14 16:00:00.000
829,"restaurants bars, bars restaurants, restaurants, curfew, bars",8,2021-04-14 16:00:00.000
830,"child care, childcare, care providers, government support, partnerships",14,2021-04-14 16:00:00.000
831,"mild symptoms, symptoms tested, symptoms, symptom, showing symptoms",24,2021-04-14 16:00:00.000
832,"high voltage, voltage, high, record high, epidemics",21,2021-04-14 16:00:00.000
833,"imf, world bank, fund, financing, review",3,2021-04-14 16:00:00.000
834,"common cold, coronaviruses, cold flu, corona virus, sars cov",16,2021-04-14 16:00:00.000
835,"zimbabwe, deaths, new infections, deaths new, infections",27,2021-04-14 16:00:00.000
836,"recovery rate, covid_19_za, infection rate, recovery, rate",9,2021-04-14 16:00:00.000
837,"covid19uk, uk news, united kingdom, london, england",6,2021-04-14 16:00:00.000
838,"need vaccine, vaccination, vaccine, vaccin, petition",25,2021-04-14 16:00:00.000
839,"baker, massachusetts, governor, gov, quarantine",18,2021-04-14 16:00:00.000
840,"indonesia, travellers, island, india, hi",5,2021-04-14 16:00:00.000
841,"pro life, americans dead, 000 americans, abortion, dead",3,2021-04-14 16:00:00.000
842,"mohfw_india, covidindia, pib_india, bjp4india, narendramodi pmoindia",31,2021-04-14 16:00:00.000
843,"nytimes, york times, nyt, 600 000, ny",1,2021-04-14 16:00:00.000
844,"latin america, caribbean, north america, mexico, peru",22,2021-04-14 16:00:00.000
845,"democracy, germany, citizens, governme, nazi",1,2021-04-14 16:00:00.000
846,"court, supreme court, courts, plea, high court",28,2021-04-14 16:00:00.000
847,"colombia, latin america, migrants, latin, america",24,2021-04-14 16:00:00.000
848,"circuit breaker, breaker, circuit, restrictions, break",3,2021-04-14 16:00:00.000
849,"tested positive, tests positive, test positive, positive tests, trumpvirus",1,2021-04-14 16:00:00.000
850,"vaccine pfizer, pfizer vaccine, moderna vaccines, moderna vaccine, pfizer moderna",49,2021-04-14 16:00:00.000
851,"china virus, chinese scientists, genetic, scientists created, dna",49,2021-04-14 16:00:00.000
852,"london, concern, vaccination sites, restrictions place, restrictions lifted",11,2021-04-14 16:00:00.000
853,"pandemics, covidiots, epidemics, flu, current crisis",8,2021-04-14 16:00:00.000
854,"vaccine, vaccines, vaccinated, effective vaccine, people vaccinated",20,2021-04-14 16:00:00.000
855,"self quarantine, diagnostic, detection, scan, thermometer",3,2021-04-14 16:00:00.000
856,"covishield vaccine, vaccine today, got vaccinated, vaccine, vaccine dose",52,2021-04-14 16:00:00.000
857,"vaccine doses, sentenced, doses vaccines, doses vaccine, incarcerated",50,2021-04-14 16:00:00.000
858,"deliveries, delivery, deliver, ups, shipping",12,2021-04-14 16:00:00.000
859,"workforce, workplace, hr, recruitment, employees",14,2021-04-14 16:00:00.000
860,"employees vaccinated, vaccination, vaccines, vaccinations, vaccine",47,2021-04-14 16:00:00.000
861,"state emergency, south carolina, carolina, state response, emergency",23,2021-04-14 16:00:00.000
862,"putin, moscow, hockey, russian, russia",4,2021-04-14 16:00:00.000
863,"lost job, job, working, aged 18, 18",41,2021-04-14 16:00:00.000
864,"funding, trump admin, trump administration, cure, grant",2,2021-04-14 16:00:00.000
865,"givingtuesdaynow, day giving, needy, kindness, generosity",3,2021-04-14 16:00:00.000
866,"marjorie, greene, taylor, president biden, dr anthony",52,2021-04-14 16:00:00.000
867,"drop, pick, williams, davis, jones",2,2021-04-14 16:00:00.000
868,"antigen test, rapid antigen, rapid testing, rapid test, test kit",27,2021-04-14 16:00:00.000
870,"concert, bollywood, singer, musical, singing",18,2021-04-14 16:00:00.000
871,"july 2021, june 2021, 2021, april 2020, 25 2020",10,2021-04-14 16:00:00.000
872,"vaccine india, post vaccination, vaccination, partially vaccinated, dose vaccination",46,2021-04-14 16:00:00.000
873,"cases infection, new cases, fresh cases, cases linked, community cases",28,2021-04-14 16:00:00.000
874,"asthma, allergies, immune, respiratory, risk infection",6,2021-04-14 16:00:00.000
875,"ukraine, quarantine, vaccinations, 2021 cases, infections",9,2021-04-14 16:00:00.000
876,"raise awareness, awareness, spread awareness, aids, participants",19,2021-04-14 16:00:00.000
877,"vaccines, facebook, posts related, posts, tone",51,2021-04-14 16:00:00.000
878,"deadline, june 2021, self employed, grant, grants",1,2021-04-14 16:00:00.000
879,"health canada, rapid test, rapid tests, ontario, free tests",8,2021-04-14 16:00:00.000
881,"rishisunak, rishi, sunak, fund, future",8,2021-04-14 16:00:00.000
882,"allah, muslim, muslims, terrorists, sha",13,2021-04-14 16:00:00.000
883,"graduates, foreign, medical, treat patients, doctors",37,2021-04-14 16:00:00.000
884,"shri, illness, bail, health issues, suffering",39,2021-04-14 16:00:00.000
885,"uk deaths, deaths uk, zero deaths, deaths today, deaths reported",48,2021-04-14 16:00:00.000
886,"moon, korea, south korea, korean, north korea",6,2021-04-14 16:00:00.000
887,"remote work, remotely, remote, collaborative, working home",12,2021-04-14 16:00:00.000
888,"lunch, schools closed, meals, school closures, school year",21,2021-04-14 16:00:00.000
889,"strains, viral, infectious, virus, new strain",24,2021-04-14 16:00:00.000
890,"qr, nhscovid19app, register, compliance, code",5,2021-04-14 16:00:00.000
891,"cases today, highest daily, daily cases, cases friday, new cases",3,2021-04-14 16:00:00.000
893,"lottery, diversity, dv2021, dreams, dream",48,2021-04-14 16:00:00.000
894,"islands, island, pacific, climate crisis, cross border",16,2021-04-14 16:00:00.000
895,"gatherings, indoor, gathering, meeting, visiting",19,2021-04-14 16:00:00.000
896,"self isolate, tested positive, isolate, test positive, symptoms tested",11,2021-04-14 16:00:00.000
897,"vaccination update, vaccination rate, vaccinated people, people vaccinated, vaccinations",47,2021-04-14 16:00:00.000
898,"zambia, new infections, african, health ministry, sa",21,2021-04-14 16:00:00.000
899,"hospital deaths, deaths reported, reported deaths, nhs england, nhs",14,2021-04-14 16:00:00.000
900,"anxiety, anxious, stress, stressful, stressed",14,2021-04-14 16:00:00.000
901,"second vaccine, vaccine update, dose vaccine, vaccine, dose vaccination",45,2021-04-14 16:00:00.000
902,"trump rally, rally, rallies, maga, campaign",2,2021-04-14 16:00:00.000
903,"getting vaccine, receive vaccine, vaccination program, vaccine clinics, vaccine",47,2021-04-14 16:00:00.000
904,"lost jobs, job losses, workforce, workers need, employment",9,2021-04-14 16:00:00.000
905,"sign petition, petition, public inquiry, hold public, sign",21,2021-04-14 16:00:00.000
906,"covid19sa, test kits, test kit, testing kits, rapid test",4,2021-04-14 16:00:00.000
907,"coronaviruspandemic, coronavirusupdate coronaviruspandemic, coronavirusupdate, gmt coronavirusupdate, morocco",20,2021-04-14 16:00:00.000
908,"coronavirusupdates, coronavirusupdate, countries, russia, infection rate",8,2021-04-14 16:00:00.000
909,"people vaccinated, getting vaccinated, additional deaths, vaccinated, cases deaths",45,2021-04-14 16:00:00.000
910,"india crisis, crisis india, india reports, economy, world economic",7,2021-04-14 16:00:00.000
911,"life, lives, regret, fever, living",12,2021-04-14 16:00:00.000
912,"cow, cure, cures, labs, hindu",30,2021-04-14 16:00:00.000
913,"strike, paper, number infections, ethnic, youths",48,2021-04-14 16:00:00.000
914,"weddings, wedding, attendees, venue, guests",28,2021-04-14 16:00:00.000
915,"infectious diseases, infectious disease, epidemiologist, infectious, epidemiologists",12,2021-04-14 16:00:00.000
916,"ron johnson, suspended, suspend, youtube, johnson",46,2021-04-14 16:00:00.000
917,"monitoring, devices, detects, detection, device",3,2021-04-14 16:00:00.000
918,"studies, researchers, recent study, researcher, research",26,2021-04-14 16:00:00.000
919,"pib_india, pmoindia narendramodi, narendramodi pmoindia, bjp4india, drrpnishank",22,2021-04-14 16:00:00.000
920,"gold, silver, treasury, investing, mining",8,2021-04-14 16:00:00.000
921,"outbreak, outbreaks, hospital, hospital patients, patients",8,2021-04-14 16:00:00.000
922,"000 tests, million tests, tests conducted, people tested, new cases",22,2021-04-14 16:00:00.000
923,"died complications, fatalities, death, died, hospitalized",12,2021-04-14 16:00:00.000
924,"nsui, protesting, protests, protest, examination",13,2021-04-14 16:00:00.000
925,"herbal, medicines, treatments, cures, cured",13,2021-04-14 16:00:00.000
926,"hygiene, sanitation, cleaning, washing hands, practices",15,2021-04-14 16:00:00.000
927,"died complications, dies complications, victims, senator, dead",2,2021-04-14 16:00:00.000
928,"surveillance, september 2020, reports, 2021, just published",6,2021-04-14 16:00:00.000
929,"today update, latest news, updates, check latest, latest",17,2021-04-14 16:00:00.000
930,"swimming, pool, precautions, cdc says, reduce risk",21,2021-04-14 16:00:00.000
931,"symptoms tested, tested today, getting tested, testing today, positive test",9,2021-04-14 16:00:00.000
932,"home deaths, reported deaths, related deaths, mortality, number deaths",9,2021-04-14 16:00:00.000
933,"stayhome staysafe, staysafe stayhome, stayhome, stayhomestaysafe, staysafe",28,2021-04-14 16:00:00.000
934,"president uhuru, kisumu, uhuru kenyatta, uhuru, government failed",6,2021-04-14 16:00:00.000
935,"global day, day, day giving, friday, givingtuesdaynow",9,2021-04-14 16:00:00.000
936,"stem, trumpvirus, cell, cells, cured",1,2021-04-14 16:00:00.000
937,"covishield, vikas, hospital, clinic, rd",47,2021-04-14 16:00:00.000
939,"seychelles, vaccination rates, vaccination rate, vaccinated people, vaccination",46,2021-04-14 16:00:00.000
940,"vaccine free, free vaccine, free vaccines, receive vaccine, vaccines safe",35,2021-04-14 16:00:00.000
941,"jabs, jab, pfizer vaccine, new evidence, proof",45,2021-04-14 16:00:00.000
942,"chiefs, reserve, players, bears, squad",1,2021-04-14 16:00:00.000
943,"christmas, holidays, santa, december, celebrating",2,2021-04-14 16:00:00.000
944,"bat, dc, cape, coronavirusupdate, crisis india",6,2021-04-14 16:00:00.000
945,"life threatening, bulletin, threatening, warning, spreading",17,2021-04-14 16:00:00.000
946,"upsc, ups, 2021, aspirants, happening",44,2021-04-14 16:00:00.000
948,"pennsylvania, cases reported, pa, new infections, state health",13,2021-04-14 16:00:00.000
949,"inflammation, immune response, immune, disease 2019, inflammatory",8,2021-04-14 16:00:00.000
950,"yoga, guru, community health, strengthen, breathing",23,2021-04-14 16:00:00.000
951,"livelihoods, floods, agriculture, farmers, plague",1,2021-04-14 16:00:00.000
952,"uttar pradesh, cases deaths, deaths reported, deaths today, pradesh",29,2021-04-14 16:00:00.000
953,"covid19ab, watch live, ontario, alberta, provides update",27,2021-04-14 16:00:00.000
954,"million vaccines, israeli, palestinian, vaccines, gaza",46,2021-04-14 16:00:00.000
955,"listening, break, ha, heard, 40 days",2,2021-04-14 16:00:00.000
956,"pneumonia, patients hospitalized, hospitalized, hospitalized patients, roche",23,2021-04-14 16:00:00.000
957,"india crisis, censorship, vaccine india, social media, socialmedia",21,2021-04-14 16:00:00.000
958,"protocol, protocols, enforcement, htt, compliant",21,2021-04-14 16:00:00.000
959,"tested positive, test positive, scotland, people test, confirmed positive",17,2021-04-14 16:00:00.000
960,"narendramodi pmoindia, minister health, health ministry, pmoindia, medical",28,2021-04-14 16:00:00.000
962,"nova scotia, scotia, halifax, warnings, vancouver",27,2021-04-14 16:00:00.000
963,"symptoms tested, symptom, symptoms, showing symptoms, diagnosed",8,2021-04-14 16:00:00.000
964,"vaccine appointments, walgreens chicago, available walgreens, walgreens, appointments available",37,2021-04-14 16:00:00.000
965,"donating, donated, donate, donates, twitter",31,2021-04-14 16:00:00.000
966,"cruise ship, cruise, florida, florida governor, ships",45,2021-04-14 16:00:00.000
967,"fatality rate, death rate, mortality rate, mortality, epidemiology",1,2021-04-14 16:00:00.000
968,"public transport, transportation, transit, transport, mobility",6,2021-04-14 16:00:00.000
970,"vaccination campaign, new vaccine, vaccines, vaccinating, vaccination",33,2021-04-14 16:00:00.000
971,"state governor, governor, ogun, arrested, gov",15,2021-04-14 16:00:00.000
972,"latin, mexican, japanese, tokyo, japan",40,2021-04-14 16:00:00.000
973,"county health, high risk, low risk, county public, state health",19,2021-04-14 16:00:00.000
974,"philippines, philippine, filipinos, filipino, getting vaccine",40,2021-04-14 16:00:00.000
975,"vaccinations, people vaccinated, vaccinated, vaccination status, vaccination",44,2021-04-14 16:00:00.000
976,"nagaland, covidvaccination, cases deaths, deaths reported, latest updates",20,2021-04-14 16:00:00.000
977,"breast, cancer, additional deaths, 2021, md",3,2021-04-14 16:00:00.000
978,"european_union, certificate, certificates, eu, european union",41,2021-04-14 16:00:00.000
979,"testing positive, tested positive, test positive, tests positive, children aged",14,2021-04-14 16:00:00.000
980,"vaccine passports, vaccine passport, vaccine, use vaccine, passports",43,2021-04-14 16:00:00.000
981,"hotel quarantine, quarantine, outbreak, outbreaks, hotels",35,2021-04-14 16:00:00.000
982,"cdc admits, viruses, virus, cdc, evidence",4,2021-04-14 16:00:00.000
983,"tested positive, testing positive, test positive, tests positive, corona virus",1,2021-04-14 16:00:00.000
984,"symptoms tested, mild symptoms, showing symptoms, symptom, symptoms",6,2021-04-14 16:00:00.000
986,"dv2021, travelgov, cdcgov, usembassycairo, fault",43,2021-04-14 16:00:00.000
987,"vaccine available, potential vaccine, access vaccines, vaccine, vaccine developed",18,2021-04-14 16:00:00.000
988,"heart disease, cardiovascular, heart problems, comorbidities, complications",16,2021-04-14 16:00:00.000
989,"deaths reported, ms, outbreaks, mississippi, number deaths",11,2021-04-14 16:00:00.000
990,"nhl, hockey, fully vaccinated, vaccinated, new cdc",25,2021-04-14 16:00:00.000
991,"vaccination rates, vaccine doses, vaccine dose, doses vaccines, vaccine available",37,2021-04-14 16:00:00.000
992,"swabs, swab, tests, patients, test",11,2021-04-14 16:00:00.000
994,"travel restrictions, borders, travel, people uk, travelling",29,2021-04-14 16:00:00.000
995,"mass vaccination, sinovac vaccine, vaccination, vaccinations, vaccinated",33,2021-04-14 16:00:00.000
996,"indiafightscorona, vaccination, indiafightscorona round, assam, mohfw_india",40,2021-04-14 16:00:00.000
997,"party popper, popper, party, announcement, grateful",19,2021-04-14 16:00:00.000
999,"preparing quarantine, quarantine center, myanmar, quarantine, preparing",44,2021-04-14 16:00:00.000
1000,"sneezing, cold flu, flu shot, flu, allergies",11,2021-04-14 16:00:00.000
1001,"partisan, held accountable, scandal, accountable, campaigning",16,2021-04-14 16:00:00.000
1002,"poor countries, poorer, poor people, wealthy, pandemics",17,2021-04-14 16:00:00.000
1003,"cases deaths, deaths reported, new deaths, additional deaths, deaths new",22,2021-04-14 16:00:00.000
1004,"coronavirusoutbreak, moscow, infectious, new infections, russia",11,2021-04-14 16:00:00.000
1005,"vaccines, people vaccine, vaccine, vaccine rollout, vaccinate",20,2021-04-14 16:00:00.000
1006,"climate crisis, economic recovery, climate change, green, climate",9,2021-04-14 16:00:00.000
1007,"survival rate, survival rates, according cdc, survival, week cdc",6,2021-04-14 16:00:00.000
1008,"pentagon, funding, relief funds, aid, charity",6,2021-04-14 16:00:00.000
1009,"tested positive, testing positive, tests positive, tests negative, actress",2,2021-04-14 16:00:00.000
1010,"walgreens, memphis, nashville, minneapolis, philadelphia",41,2021-04-14 16:00:00.000
1011,"receiving vaccine, getting vaccine, vaccine, vaccines, new vaccine",37,2021-04-14 16:00:00.000
1012,"milan, inter, italy, italian, transfer",4,2021-04-14 16:00:00.000
1013,"pharma, bhi, medications, pharmacists, drharshvardhan",8,2021-04-14 16:00:00.000
1014,"new infections, infection rates, infections, infection rate, infection",16,2021-04-14 16:00:00.000
1015,"nhs, mps, city council, taxpayer, uk government",8,2021-04-14 16:00:00.000
1016,"nycmayor, nyc, new yorkers, nygovcuomo, yorkers",13,2021-04-14 16:00:00.000
1017,"state emergency, maryland, hogan, emergency, state",22,2021-04-14 16:00:00.000
1018,"railway, worker, covidー19, died uk, infecting",1,2021-04-14 16:00:00.000
1019,"new guidelines, follow guidelines, compliance, guidelines, enforced",9,2021-04-14 16:00:00.000
1020,"fatality rate, mortality rate, death rate, fatalities, deaths",1,2021-04-14 16:00:00.000
1021,"vaccine pfizer, pfizer vaccine, vaccine india, approval vaccine, doses pfizer",43,2021-04-14 16:00:00.000
1023,"blood type, risk infection, coronavirusupdates, infection, risk severe",6,2021-04-14 16:00:00.000
1024,"dasimmigration, repritchie introduced, repritchie, housedemocrats, whitehouse",42,2021-04-14 16:00:00.000
1025,"flynn, trump campaign, scandal, breitbartnews, impeachment",19,2021-04-14 16:00:00.000
1026,"pharmacies, prescription, pharma, pharmacists, medicines",10,2021-04-14 16:00:00.000
1027,"enforcement, threatening, protesting, civil rights, national lockdown",2,2021-04-14 16:00:00.000
1028,"ll, influence, player, help, ft",21,2021-04-14 16:00:00.000
1029,"cybersecurity, scam, scams, fraud, security",9,2021-04-14 16:00:00.000
1030,"cyprus, coronavirusupdate coronaviruspandemic, gmt coronavirusupdate, hospitalised, deaths",14,2021-04-14 16:00:00.000
1031,"infection rates, infection rate, infections deaths, daily infections, new infections",8,2021-04-14 16:00:00.000
1032,"orange county, new infections, orange, additional deaths, 2021",17,2021-04-14 16:00:00.000
1033,"cases infection, maldives, infection, infections, spoked_asterisk",2,2021-04-14 16:00:00.000
1035,"eye, eyes, cov virus, vision, sars cov",12,2021-04-14 16:00:00.000
1036,"hospitalisations, nhs england, nhs, hospital, hospital admissions",17,2021-04-14 16:00:00.000
1037,"vaccine appointment, getting vaccine, vaccine ready, received vaccine, vaccines available",36,2021-04-14 16:00:00.000
1038,"vaccination, west virginia, vaccine, new vaccine, vaccinated",41,2021-04-14 16:00:00.000
1039,"walgreens, 21 new, availabilities, 24 new, 17 new",38,2021-04-14 16:00:00.000
1040,"passes away, passed away, rip, condolences, sister",29,2021-04-14 16:00:00.000
1041,"anti vaxxers, anti vaxxer, vaxxers, vaxx, vaxxer",33,2021-04-14 16:00:00.000
1042,"virus, influencer, died, dies, hoax",2,2021-04-14 16:00:00.000
1043,"rand paul, rand, dr fauci, fauci said, paul",16,2021-04-14 16:00:00.000
1044,"obama, barackobama, trump admin, president, trump administration",1,2021-04-14 16:00:00.000
1045,"blue states, democrats, states, senatemajldr, right wing",4,2021-04-14 16:00:00.000
1046,"positivity rate, positivity, avg, percent, average daily",25,2021-04-14 16:00:00.000
1047,"west bengal, bengal, fatality rate, mortality rate, reports deaths",11,2021-04-14 16:00:00.000
1048,"dating, vaccinations, vaccination, covid19india, getting vaccine",26,2021-04-14 16:00:00.000
1049,"flu, spanish flu, old woman, fatalities, health conditions",3,2021-04-14 16:00:00.000
1050,"fda, fda approval, fda approved, us_fda, pharma",18,2021-04-14 16:00:00.000
1051,"testing positive, australians, positive test, australian, auspol",33,2021-04-14 16:00:00.000
1052,"lost jobs, people lost, unemployment, jobs, support india",14,2021-04-14 16:00:00.000
1053,"manufacturing, 3d, print, corona virus, makers",1,2021-04-14 16:00:00.000
1054,"vaccinated people, vaccination, vaccinations, fully vaccinated, vaccinated",40,2021-04-14 16:00:00.000
1055,"northam, virginia, joe biden, va, president joe",2,2021-04-14 16:00:00.000
1056,"corona, coronavir, total deaths, 000 cases, deaths total",32,2021-04-14 16:00:00.000
1057,"genome, sequencing, pathogen, dna, gene",17,2021-04-14 16:00:00.000
1058,"petitions, democrats, michigan, detroit, dems",2,2021-04-14 16:00:00.000
1059,"nhscovid19app, notification, exposure, apps, alerts",4,2021-04-14 16:00:00.000
1060,"biden, really, interesting, looks, thinking",2,2021-04-14 16:00:00.000
1061,"investigation origins, investigation, investigating, investigate, investigations",40,2021-04-14 16:00:00.000
1062,"guns, shooting, gun, shootings, violence",12,2021-04-14 16:00:00.000
1063,"indigenous, amazon, epidemic, tribes, tribe",3,2021-04-14 16:00:00.000
1064,"age groups, cdc says, people age, new cdc, age group",11,2021-04-14 16:00:00.000
1065,"breaking news, latest news, news new, news, headlines",8,2021-04-14 16:00:00.000
1066,"flights, airline, airlines, international airport, air travel",12,2021-04-14 16:00:00.000
1067,"covidiots, scientists, scientific, science, humanity",5,2021-04-14 16:00:00.000
1068,"tested positive, testing positive, outbreak, vaccinated people, getting vaccinated",40,2021-04-14 16:00:00.000
1069,"vaccines, facebook, posts related, posts, tone",41,2021-04-14 16:00:00.000
1070,"bring fairness, legal immigrants, fairness thousands, fairness, keepingourpromiseact hr3548",22,2021-04-14 16:00:00.000
1071,"marketing, linkedin, enterprise, brands, founder",11,2021-04-14 16:00:00.000
1072,"quarantined, quarantine, outbreak, people hospitalized, cases reported",14,2021-04-14 16:00:00.000
1074,"journalism, journalist, journalists, newspaper, newspapers",8,2021-04-14 16:00:00.000
1075,"african, tune, radio, music, niger",22,2021-04-14 16:00:00.000
1076,"lie, lying, lied, lies, believing",12,2021-04-14 16:00:00.000
1077,"agriculture, ministry, department, departments, servants",39,2021-04-14 16:00:00.000
1078,"coronaviruses, coronavir, pathogen, cov, corona",26,2021-04-14 16:00:00.000
1079,"getting vaccine, vaccine hesitancy, vaccine available, vaccine rollout, free vaccine",14,2021-04-14 16:00:00.000
1080,"foundation, pharma, medicines, guilty, medicine",23,2021-04-14 16:00:00.000
1081,"trading, market 2020, wto, market, global",12,2021-04-14 16:00:00.000
1082,"bring fairness, legal immigrants, immigrant, immigrants, fairness thousands",36,2021-04-14 16:00:00.000
1083,"michael, nhs, recovery, sky news, author",3,2021-04-14 16:00:00.000
1084,"nigeria, nigerian, lagos, nigerians, lagos state",2,2021-04-14 16:00:00.000
1085,"lawyer, lawyers, attorney, law, advocate",14,2021-04-14 16:00:00.000
1086,"deaths reported, related deaths, reports deaths, deaths, deaths 24",34,2021-04-14 16:00:00.000
1088,"voter, ballot, ballots, voting, vote",1,2021-04-14 16:00:00.000
1089,"coronavirusoutbreak, saudiarabia, saudi, covid1, saudi arabia",15,2021-04-14 16:00:00.000
1090,"post vaccination, vaccinated, fully vaccinated, tested positive, tests positive",37,2021-04-14 16:00:00.000
1091,"vaccine trial, vaccine, says vaccine, vaccine candidate, clinical trials",36,2021-04-14 16:00:00.000
1092,"2021, 2021 06, new data, 2020, edt",28,2021-04-14 16:00:00.000
1094,"therapy, blessed, peace, care, life",33,2021-04-14 16:00:00.000
1095,"nasa, mission, space, cou, earth",8,2021-04-14 16:00:00.000
1096,"incompetence, incompetent, governance, governments, held accountable",10,2021-04-14 16:00:00.000
1097,"smiling_face_with_heart eyes, face smiling, smiling face, smiling_face_with_heart, smiling eyes",20,2021-04-14 16:00:00.000
1098,"trump rally, abc news, rally, news, rallies",1,2021-04-14 16:00:00.000
1099,"labrador, dogs, dog, pet, hiv",9,2021-04-14 16:00:00.000
1100,"migrant workers, migrants, migrant, immigrants, refugees",6,2021-04-14 16:00:00.000
1101,"plasma donor, recovered plasma, blood plasma, plasma therapy, need plasma",13,2021-04-14 16:00:00.000
1102,"ontario, home order, ontario government, breaking ontario, stay home",35,2021-04-14 16:00:00.000
1103,"hurricane, storm, preparedness, disasters, prepare",17,2021-04-14 16:00:00.000
1104,"drug, drugs, treatments, rehabilitation, treatment",6,2021-04-14 16:00:00.000
1105,"hydroxychloroquine, ivermectin, increased risk, epidemiology, dangerous",2,2021-04-14 16:00:00.000
1107,"vaccine trial, vaccine trials, new vaccine, vaccine, race vaccine",11,2021-04-14 16:00:00.000
1108,"walgreens, drug store, pharmacies, pharmacy, pharmaceutical",15,2021-04-14 16:00:00.000
1109,"flu, trump told, disappear, trump said, like flu",4,2021-04-14 16:00:00.000
1110,"pritzker, editorial, plan, hiring, chicago",2,2021-04-14 16:00:00.000
1111,"daily report, positive reported, england, new cases, reported giving",24,2021-04-14 16:00:00.000
1112,"petitions, life, petition, culture, signed",4,2021-04-14 16:00:00.000
1113,"buses, bus, metro, public transport, passengers",11,2021-04-14 16:00:00.000
1114,"travelled, people symptoms, infect, travelling, symptoms",1,2021-04-14 16:00:00.000
1115,"burnout, coping, shutdown, struggling, wellbeing",17,2021-04-14 16:00:00.000
1116,"travel restrictions, canadians, trudeau, canadian, canada",19,2021-04-14 16:00:00.000
1117,"pride, lgbtq, proud, celebrated, parade",18,2021-04-14 16:00:00.000
1118,"risk dying, risk death, mortality, fatality rate, people age",10,2021-04-14 16:00:00.000
1119,"vaccine appointments, available walgreens, walgreens, appointments available, vaccine",37,2021-04-14 16:00:00.000
1120,"survey, contacted, seeking, volunteers, interview",15,2021-04-14 16:00:00.000
1121,"lab leak, leak theory, wuhan lab, biden administration, lab wuhan",38,2021-04-14 16:00:00.000
1122,"grief, grieving, mourning, bereaved, coping",15,2021-04-14 16:00:00.000
1123,"egypt, million vaccines, spread virus, deaths today, vaccines",19,2021-04-14 16:00:00.000
1125,"empathy, compassion, caring, fear, humanity",13,2021-04-14 16:00:00.000
1126,"covid19india, outbreak, latest article, new article, interesting article",9,2021-04-14 16:00:00.000
1127,"covid_19_za, concern, urgent, buhari, staysafe",11,2021-04-14 16:00:00.000
1128,"spanish flu, influenza, flu, swine flu, pandemics",4,2021-04-14 16:00:00.000
1129,"crying face, crying, face, stage, rahulgandhi",36,2021-04-14 16:00:00.000
1130,"rudy, vi, 4pm, 3pm, latest",1,2021-04-14 16:00:00.000
1131,"total deaths, deaths total, germany, number infections, 2021 cases",9,2021-04-14 16:00:00.000
1132,"sign petition, petition, petitions, just signed, signed",9,2021-04-14 16:00:00.000
1133,"getting vaccine, vaccinated people, vancouver, doses vaccine, accused",33,2021-04-14 16:00:00.000
1134,"vaccination, vaccines, vaccin, taking vaccine, develop vaccine",23,2021-04-14 16:00:00.000
1135,"million doses, doses, announces plan, covidvaccine, white house",36,2021-04-14 16:00:00.000
1136,"biohazard, coronavirusuk, deaths, hospital bed, buried",16,2021-04-14 16:00:00.000
1138,"filipinos, filipino, philippine, philippines, manila",7,2021-04-14 16:00:00.000
1139,"coronaviruspandemic, coronavirusupdate coronaviruspandemic, coronavirusupdate, gmt coronavirusupdate, virus spread",5,2021-04-14 16:00:00.000
1140,"number infections, covid19uk, england, daily number, number",9,2021-04-14 16:00:00.000
1141,"china virus, infect, infection, infected, virus",4,2021-04-14 16:00:00.000
1142,"vaccination rate, president biden, biden says, vaccination program, dose vaccine",35,2021-04-14 16:00:00.000
1143,"daily cases, 000 cases, million cases, new cases, cases yesterday",10,2021-04-14 16:00:00.000
1144,"burial, cremation, buried, grave, bury",12,2021-04-14 16:00:00.000
1145,"second vaccine, vaccine doses, doses vaccine, doses vaccines, vaccine dose",37,2021-04-14 16:00:00.000
1146,"coronaviruses, corona virus, anti vaccine, vaccine, vaccines",8,2021-04-14 16:00:00.000
1148,"education, women girls, educate, schools, girls",14,2021-04-14 16:00:00.000
1149,"vaccine syringe, syringe, vaccinating, getvaccinated, vaccine clinic",35,2021-04-14 16:00:00.000
1150,"today update, update june, counties, updates, county public",15,2021-04-14 16:00:00.000
1151,"second vaccine, second doses, vaccine doses, getting vaccine, doses vaccine",34,2021-04-14 16:00:00.000
1152,"fitness, exercise, routine, gym, running",9,2021-04-14 16:00:00.000
1153,"new york, celebrations, nyc, celebration, state emergency",25,2021-04-14 16:00:00.000
1154,"apple, apps, app, retail, sales",3,2021-04-14 16:00:00.000
1155,"prizes, lottery, manitoba, prize, alberta",37,2021-04-14 16:00:00.000
1156,"periods, period, getting vaccine, vaccine, vaccines",30,2021-04-14 16:00:00.000
1157,"rohingya, refugees, refugee, humanitarian, covid1",10,2021-04-14 16:00:00.000
1158,"shafqat_mahmood, tested positive, tests positive, vaccination, vaccinated",35,2021-04-14 16:00:00.000
1159,"vaccine doses, vaccine update, doses vaccines, doses vaccine, dose vaccine",35,2021-04-14 16:00:00.000
1160,"lockdowns, lockdown, economic recovery, lock, economies",4,2021-04-14 16:00:00.000
1161,"venezuela, covax, vaccines, global health, death toll",11,2021-04-14 16:00:00.000
1162,"alberta, albertans, ontario, saskatchewan, quebec",18,2021-04-14 16:00:00.000
1163,"astrazeneca vaccine, astrazeneca, neurological, vaccine trial, diagnosed",18,2021-04-14 16:00:00.000
1164,"moderna vaccine, mrna vaccine, moderna says, approval vaccine, moderna",31,2021-04-14 16:00:00.000
1165,"biden says, biden administration, president biden, intelligence agencies, investigation origins",34,2021-04-14 16:00:00.000
1166,"kenyatta, moh_kenya, nairobi, kenya, kenyan",7,2021-04-14 16:00:00.000
1167,"bee, infection, infected, infections, smell",23,2021-04-14 16:00:00.000
1168,"driver, workers died, died, bus, drivers",8,2021-04-14 16:00:00.000
1169,"newfoundland, cases province, labrador, new cases, cases reported",19,2021-04-14 16:00:00.000
1170,"derasachasauda, minofhealthug, fighter, gurmeetramrahim, dera",1,2021-04-14 16:00:00.000
1171,"political prisoners, turkish, prisons, prisoners, inmates",9,2021-04-14 16:00:00.000
1172,"coronavirusindia, cases reported, covidsecondwave, deaths reported, cases detected",18,2021-04-14 16:00:00.000
1173,"watch video, trump biden, video, baba, youtube",2,2021-04-14 16:00:00.000
1174,"indiafightscorona, deaths reported, casualties, crore, deaths",11,2021-04-14 16:00:00.000
1175,"maharashtra, uttar pradesh, pradesh, mumbai, uttar",10,2021-04-14 16:00:00.000
1176,"medicines, mkstalin, pharmacists, clinical, pmoindia",3,2021-04-14 16:00:00.000
1177,"patel, resign, asylum, immigration, seekers",16,2021-04-14 16:00:00.000
1178,"lilly, clinical trial, clinical trials, fda, treatments",6,2021-04-14 16:00:00.000
1179,"entrepreneurs, entrepreneur, businesses, innovation, small business",9,2021-04-14 16:00:00.000
1180,"rights violations, human rights, rights, harassment, tigray",30,2021-04-14 16:00:00.000
1181,"puerto, vaccinated, fully vaccinated, unvaccinated people, unvaccinated",17,2021-04-14 16:00:00.000
1182,"asian, stop, context, utah, ",35,2021-04-14 16:00:00.000
1183,"tested positive, people suffering, positive people, suffering, civilians",35,2021-04-14 16:00:00.000
1184,"covid19uk, covid19india, war, enemy, battle",10,2021-04-14 16:00:00.000
1185,"crime, crimes, violent, violence, criminals",17,2021-04-14 16:00:00.000
1186,"sikh, hindu, singh, india crisis, muslim",14,2021-04-14 16:00:00.000
1187,"oxygen, patients, breathe, ventilation, pneumonia",13,2021-04-14 16:00:00.000
1188,"isolation, railways, railway, trains, train",17,2021-04-14 16:00:00.000
1189,"blasio, mayor, york city, new york, york",5,2021-04-14 16:00:00.000
1190,"million vaccines, million vaccine, vaccine doses, doses vaccines, doses vaccine",32,2021-04-14 16:00:00.000
1191,"spain, players tested, madrid, tested positive, euros",28,2021-04-14 16:00:00.000
1192,"lung, lungs, pneumonia, chest, diagnostic",4,2021-04-14 16:00:00.000
1194,"free vaccine, global vaccine, vaccine, vaccine vaccine, vaccines",16,2021-04-14 16:00:00.000
1195,"globe meridians, globe, covidー19, meridians, 2021",19,2021-04-14 16:00:00.000
1196,"vaccine, vaccines, vaccine development, effective vaccine, develop vaccine",7,2021-04-14 16:00:00.000
1197,"ohio, dewine, state emergency, state, statewide",7,2021-04-14 16:00:00.000
1198,"covaxin, covid19vaccine, deadly virus, infectious disease, bharat biotech",1,2021-04-14 16:00:00.000
1199,"president biden, biden, polls, joe biden, polling",5,2021-04-14 16:00:00.000
1200,"ambassador, thanked, partnership, delegation, honourable",16,2021-04-14 16:00:00.000
1201,"immunity, speedy recovery, recovery, singh ji, tested positive",3,2021-04-14 16:00:00.000
1202,"namo app, app, mobile, setu, launched",2,2021-04-14 16:00:00.000
1203,"inflation, economic crisis, economy, economists, markets",16,2021-04-14 16:00:00.000
1204,"infection, infected, spread virus, people symptoms, symptom",11,2021-04-14 16:00:00.000
1205,"chinese virus, support india, situation india, help india, people india",15,2021-04-14 16:00:00.000
1206,"purple heart, red heart, anna, thalapathy65, heart staysafe",33,2021-04-14 16:00:00.000
1207,"hospital bed, ventilator, ventilated, hospital, hospitalised",29,2021-04-14 16:00:00.000
1208,"funeral, funerals, death certificate, deaths attributed, deaths",2,2021-04-14 16:00:00.000
1209,"coronaviruspandemic, coronaviru, sarscov2, data, dashboard",27,2021-04-14 16:00:00.000
1210,"vaccines effective, vaccines, vaccines work, vaccine, vaccines safe",30,2021-04-14 16:00:00.000
1211,"intelligence community, investigation, investigating, created lab, scientists",23,2021-04-14 16:00:00.000
1212,"audit, auditor, investigations, reports, findings",7,2021-04-14 16:00:00.000
1213,"petition, sign petition, nhs, borisjohnson matthancock, reform",25,2021-04-14 16:00:00.000
1214,"trump called, foxnews, trumpvirus, trump, president trump",1,2021-04-14 16:00:00.000
1215,"bengal, west bengal, banerjee, deaths india, bjp",7,2021-04-14 16:00:00.000
1216,"rally, tested positive, protestors, public health, attendees",3,2021-04-14 16:00:00.000
1217,"health insurance, insurance, insurers, medicare, medicaid",2,2021-04-14 16:00:00.000
1218,"covidindia, andhra pradesh, andhra, andhrapradesh, deaths reported",10,2021-04-14 16:00:00.000
1219,"adam, getting tested, tests, players tested, doug ford",1,2021-04-14 16:00:00.000
1220,"cooper, nc, announcement, announce, north carolina",11,2021-04-14 16:00:00.000
1221,"secret service, infection, infected, new report, records",1,2021-04-14 16:00:00.000
1222,"debt, deficit, fiscal, spending, trillion",11,2021-04-14 16:00:00.000
1223,"cases deaths, deaths reported, virginia, related deaths, deaths related",9,2021-04-14 16:00:00.000
1224,"self quarantine, quarantine, quarantined, uk deaths, epidemiologist",6,2021-04-14 16:00:00.000
1225,"enforcement, fines, policing, seized, arrests",28,2021-04-14 16:00:00.000
1227,"patients, diseases, disease, immune, infection",14,2021-04-14 16:00:00.000
1228,"digital transformation, digital, transformation, media, increasingly",7,2021-04-14 16:00:00.000
1229,"aerosols, aerosol, coronav, car lightpolice, airborne spread",33,2021-04-14 16:00:00.000
1230,"immunization, doses vaccines, dose vaccine, vaccines, vaccine",34,2021-04-14 16:00:00.000
1231,"memorial day, closing, closed, friday june, reopen",11,2021-04-14 16:00:00.000
1232,"highest, colorado, montana, nevada, oregon",23,2021-04-14 16:00:00.000
1233,"outbreak, viral, infections deaths, corona, causing",10,2021-04-14 16:00:00.000
1234,"training, train, new guidance, courses, new guidelines",15,2021-04-14 16:00:00.000
1235,"congress, list, spread word, macron, word",3,2021-04-14 16:00:00.000
1236,"rights violations, human rights, violation, rights, violations",33,2021-04-14 16:00:00.000
1237,"available walgreens, walgreens, appointment, drug store, appointments",17,2021-04-14 16:00:00.000
1238,"vaccine appointments, vaccination site, available walgreens, mass vaccination, appointments available",33,2021-04-14 16:00:00.000
1240,"celliottability, hiv, justintrudeau, ontario, viru",19,2021-04-14 16:00:00.000
1241,"philippine, filipinos, filipino, spanish, cbn",1,2021-04-14 16:00:00.000
1242,"labour, labor, childcare, unicef, children",19,2021-04-14 16:00:00.000
1243,"provider walgreens, location walgreens, walgreens location, walgreens, available appointments",25,2021-04-14 16:00:00.000
1244,"antibody cocktail, antibody, antibodies, roche, treatment",33,2021-04-14 16:00:00.000
1245,"kenya, new vaccine, vaccinations, vaccines, vaccine",12,2021-04-14 16:00:00.000
1247,"parade, celebration, event, events, celebrate",28,2021-04-14 16:00:00.000
1248,"getting vaccine, shot vaccine, vaccines, need vaccine, vaccine",33,2021-04-14 16:00:00.000
1249,"relief funds, relief fund, tribes, funding, tribe",4,2021-04-14 16:00:00.000
1250,"zoom, meetings, screen, meeting, directs",5,2021-04-14 16:00:00.000
1251,"strike, number infections, ethnic, youths, paper",33,2021-04-14 16:00:00.000
1252,"navy, ships, sea, sailors, ocean",1,2021-04-14 16:00:00.000
1254,"montana, deaths total, 2021 cases, state health, cases reported",12,2021-04-14 16:00:00.000
1255,"maryland, cases deaths, reported deaths, reports deaths, baltimore",9,2021-04-14 16:00:00.000
1256,"privacy, public, security, digital, protection",2,2021-04-14 16:00:00.000
1257,"tested positive, positive test, vaccinated, tested today, outbreak",5,2021-04-14 16:00:00.000
1258,"loan, world bank, loans, india response, financing",3,2021-04-14 16:00:00.000
1259,"justintrudeau, trudeau, museveni, dictator, uganda",29,2021-04-14 16:00:00.000
1260,"fear, uk government, anxiety, uk govt, protection",19,2021-04-14 16:00:00.000
1261,"health safety, safety, ensuring, safer, employees",9,2021-04-14 16:00:00.000
1262,"vaccination program, vaccination rates, vaccination, mass vaccination, fully vaccinated",29,2021-04-14 16:00:00.000
1263,"million vaccine, vaccine shot, vaccine shots, vaccination rates, vaccine",33,2021-04-14 16:00:00.000
1265,"isolation, self isolation, home isolation, self isolate, isolate",5,2021-04-14 16:00:00.000
1266,"sunset, sun, camera flash, flash, camera",12,2021-04-14 16:00:00.000
1267,"ontario reports, ontario reporting, cases ontario, ottawa, ontario",15,2021-04-14 16:00:00.000
1269,"volunteering, volunteers, volunteer, ngos, shelter",10,2021-04-14 16:00:00.000
1270,"number deaths, deaths reported, deaths recorded, death toll, death rate",2,2021-04-14 16:00:00.000
1271,"pregnant women, people dying, mortality rates, mortality, brazilian",30,2021-04-14 16:00:00.000
1272,"frontline workers, healthcare workers, medical workers, health workers, care workers",12,2021-04-14 16:00:00.000
1273,"corona virus, covidー19, disease 2019, infectious disease, outbreak",5,2021-04-14 16:00:00.000
1274,"biotech, results, technology, tech, 2021",1,2021-04-14 16:00:00.000
1275,"employees vaccinated, vaccinated, vaccinations, vacci, houston hospital",32,2021-04-14 16:00:00.000
1276,"deaths, vaccines, vaccine, fatalities, injuries",30,2021-04-14 16:00:00.000
1277,"immigration, migrants, immigrants, policing, mexico",4,2021-04-14 16:00:00.000
1278,"hunt, exempt, restrictions, petition, sign petition",7,2021-04-14 16:00:00.000
1279,"dv2021, dv, travelgov, immigration, legal immigrants",32,2021-04-14 16:00:00.000
1280,"fully vaccinated, wear masks, wearing masks, vaccinated, wear mask",1,2021-04-14 16:00:00.000
1281,"myanmar, asean, coup, getting worse, india",31,2021-04-14 16:00:00.000
1283,"colorado, vaccination rates, cdc says, infection rates, denver",6,2021-04-14 16:00:00.000
1284,"flights, airports, airport, flight, toronto",17,2021-04-14 16:00:00.000
1285,"cardiac, cardiovascular, heart disease, medical association, heart",12,2021-04-14 16:00:00.000
1286,"liverpool, leeds, edinburgh, manchester, newcastle",6,2021-04-14 16:00:00.000
1287,"buhari, lockdown, nigerians, lock, nigeria",3,2021-04-14 16:00:00.000
1288,"enforcement, sanctions, detention, russian, laws",9,2021-04-14 16:00:00.000
1290,"share, donated, prize, korean, concert",6,2021-04-14 16:00:00.000
1291,"senatemajldr, senator, senate, representative, section",17,2021-04-14 16:00:00.000
1292,"lawsuits, insurers, liability, insurance, suing",8,2021-04-14 16:00:00.000
1293,"new variants, variants, new variant, variant, 617 variant",25,2021-04-14 16:00:00.000
1294,"registered, contact, received, message, request",16,2021-04-14 16:00:00.000
1295,"vice president, vice, appointed, vp, cbn",9,2021-04-14 16:00:00.000
1296,"pandemics, crises, humanitarian, covidsecondwave, 2020",9,2021-04-14 16:00:00.000
1297,"passed away, death, 66, dead, 23",29,2021-04-14 16:00:00.000
1298,"debt, income countries, loans, owe, africa",6,2021-04-14 16:00:00.000
1299,"flu deaths, flu, influenza, flu season, seasonal flu",5,2021-04-14 16:00:00.000
1301,"people infected, infected, disease, million americans, 000 americans",4,2021-04-14 16:00:00.000
1302,"editor, journal, publishing, written, medical journal",2,2021-04-14 16:00:00.000
1303,"vaccine available, new vaccine, vaccine trial, potential vaccine, shot vaccine",18,2021-04-14 16:00:00.000
1304,"death toll, vaccination rate, vaccination drive, toll, vaccines",28,2021-04-14 16:00:00.000
1305,"income, economic, economics, households, economies",6,2021-04-14 16:00:00.000
1306,"getting vaccinated, vaccination, need vaccine, vaccine, received vaccine",31,2021-04-14 16:00:00.000
1307,"antibody cocktail, antibody, antibodies, cocktail, immune",1,2021-04-14 16:00:00.000
1308,"birthday, thalapathy65, red heart, 23, happy birthday",30,2021-04-14 16:00:00.000
1309,"secretary general, united nations, secretary, undp, appointed",10,2021-04-14 16:00:00.000
1310,"data, governments, analytics, datascience, policies",5,2021-04-14 16:00:00.000
1311,"fir, madhya pradesh, madhya, pradesh, kolkata",21,2021-04-14 16:00:00.000
1312,"high volume, volume, focus, medium, high",8,2021-04-14 16:00:00.000
1313,"infections, gut, diseases, viral, disease",14,2021-04-14 16:00:00.000
1315,"rwanda, uganda, ugandans, malawi, suspended",25,2021-04-14 16:00:00.000
1316,"serco, profits, profit, demand, private sector",3,2021-04-14 16:00:00.000
1317,"corona virus, speedy recovery, recovery, longcovid, recovering",8,2021-04-14 16:00:00.000
1318,"free vaccine, global vaccine, vaccine, vaccines, biden",31,2021-04-14 16:00:00.000
1319,"register, telephone, contact, delayed, address",7,2021-04-14 16:00:00.000
1320,"death reported, treat patients, hospital, patient, cause death",3,2021-04-14 16:00:00.000
1321,"cases rising, new cases, cases increasing, daily cases, cases recorded",5,2021-04-14 16:00:00.000
1322,"books, amazon, book, library, new book",4,2021-04-14 16:00:00.000
1324,"vaccination rate, vaccine doses, vaccine dose, receive vaccine, vaccines available",28,2021-04-14 16:00:00.000
1325,"shoes, memorial, foot, white house, victims",1,2021-04-14 16:00:00.000
1326,"alabama, ga, cases wednesday, epidemic, cases today",2,2021-04-14 16:00:00.000
1327,"britain, red, response, world news, list",1,2021-04-14 16:00:00.000
1328,"emissions, climate change, carbon, pollution, climatechange",4,2021-04-14 16:00:00.000
1329,"nowplaying, playing, musical, played, feat",8,2021-04-14 16:00:00.000
1330,"new vaccine, vaccine appointments, people vaccinated, vaccinations, vaccination",26,2021-04-14 16:00:00.000
1331,"toilet, shit, people going, apparently, shortage",4,2021-04-14 16:00:00.000
1332,"migrants, world bank, worldbank, economic impact, economic recovery",12,2021-04-14 16:00:00.000
1333,"drtedros, global health, trump told, remarks, advises",9,2021-04-14 16:00:00.000
1335,"citizens, responsibility, leaders, govern, govt",11,2021-04-14 16:00:00.000
1336,"tested positive, positive patients, testing positive, test positive, patients",14,2021-04-14 16:00:00.000
1337,"cold flu, common cold, flu, symptoms, influenza",2,2021-04-14 16:00:00.000
1338,"kumbh, lakh, tests conducted, tested positive, chhattisgarh",15,2021-04-14 16:00:00.000
1339,"reopening plan, reopening, reopens, reopen, end lockdown",4,2021-04-14 16:00:00.000
1340,"pfizer, antiviral drug, antiviral, pill, cure",8,2021-04-14 16:00:00.000
1341,"blue heart, heartred heart, heart, heart suit, red heart",7,2021-04-14 16:00:00.000
1342,"fully vaccinated, people vaccinated, vaccinated, european_union, european union",25,2021-04-14 16:00:00.000
1343,"accused, nursing, houston methodist, criminal, nurse",1,2021-04-14 16:00:00.000
1344,"second doses, second dose, 2nd dose, second vaccine, covidvaccination",29,2021-04-14 16:00:00.000
1345,"interns, student, employers, colleges, college students",4,2021-04-14 16:00:00.000
1346,"doj, fraud, charges, enforcement, health care",18,2021-04-14 16:00:00.000
1347,"restrictions lifted, new restrictions, coronavir, restrictions, restrictions place",10,2021-04-14 16:00:00.000
1348,"donate plasma, blood plasma, coronavirusoutbreak, plasma, donation",8,2021-04-14 16:00:00.000
1349,"cambodia, vietnam, thailand, quarantined, outbreak",14,2021-04-14 16:00:00.000
1350,"periods, period, hygiene, cycle, pandemics",16,2021-04-14 16:00:00.000
1351,"sky news, england, freedom, uk, news",1,2021-04-14 16:00:00.000
1352,"situation india, students, student, covidー19, studying",6,2021-04-14 16:00:00.000
1353,"funding, spending, taxpayer, budget, royal",7,2021-04-14 16:00:00.000
1354,"home order, home orders, stay home, expire, home",5,2021-04-14 16:00:00.000
1355,"employees vaccinated, vaccination status, receive vaccine, san francisco, vaccination",29,2021-04-14 16:00:00.000
1356,"retailers, lockdown restrictions, shops, shop, malls",11,2021-04-14 16:00:00.000
1357,"rtenews, speaking, speak, journalists, news",7,2021-04-14 16:00:00.000
1358,"million vaccine, global vaccine, pfizer vaccine, vaccine doses, vaccine",30,2021-04-14 16:00:00.000
1360,"facemasks, graves, face masks, masks, bury",1,2021-04-14 16:00:00.000
1361,"crore, wave india, india, rs, loss",17,2021-04-14 16:00:00.000
1363,"clinical trials, clinical trial, approval vaccine, antibody cocktail, clinical",25,2021-04-14 16:00:00.000
1364,"covidiots, wearamask, covidー19, vaccinated, vaccinate",12,2021-04-14 16:00:00.000
1365,"blue circle, disease 2019, strategy, blue states, blue",1,2021-04-14 16:00:00.000
1366,"argentina, brazil, brazilian, colombia, spanish flu",25,2021-04-14 16:00:00.000
1367,"deaths uk, tested positive, number deaths, testing positive, hospital deaths",9,2021-04-14 16:00:00.000
1369,"vaccine, vaccines, vaccinated people, immunity, vaccinated",30,2021-04-14 16:00:00.000
1370,"akufo addo, akufo, leadership, leaders, dictator",14,2021-04-14 16:00:00.000
1372,"vax, harry, duchess, prince, jennifer",19,2021-04-14 16:00:00.000
1373,"vaccine pfizer, pfizer, vaccines, vaccine rollout, pfizer moderna",28,2021-04-14 16:00:00.000
1374,"migrants, migrant workers, immigrants, migrant, immigration",6,2021-04-14 16:00:00.000
1375,"graphs, graph, chart, charts, results",10,2021-04-14 16:00:00.000
1376,"risk severe, male, high risk, higher risk, men",10,2021-04-14 16:00:00.000
1377,"global vaccine, vaccine, people vaccine, vaccines, vaccine distribution",19,2021-04-14 16:00:00.000
1378,"seasonal flu, flu season, influenza, flu vaccine, flu",2,2021-04-14 16:00:00.000
1379,"covidiots, health care, hospitals, private hospitals, hospital",9,2021-04-14 16:00:00.000
1380,"covid1, hospitalized, hospitals, hospital, private hospitals",2,2021-04-14 16:00:00.000
1381,"pfizer vaccine, vaccine, new zealand, jacinda ardern, zealand",1,2021-04-14 16:00:00.000
1382,"karnataka, kerala, death toll, india response, toll",2,2021-04-14 16:00:00.000
1383,"senegal, african countries, africa, crises, african",3,2021-04-14 16:00:00.000
1384,"translation, knowledge, language, english, remarks",2,2021-04-14 16:00:00.000
1386,"covid19india, bihar, delhi govt, delhi cm, delhi police",13,2021-04-14 16:00:00.000
1388,"vaccine available, getting vaccine, vaccine today, getting vaccinated, vaccine clinic",27,2021-04-14 16:00:00.000
1389,"covid19sa, 2021, april 2021, june 2021, district",24,2021-04-14 16:00:00.000
1390,"published new, published, new book, author, reads",13,2021-04-14 16:00:00.000
1391,"cases reported, indiafightscorona, new cases, right arrow, update day",27,2021-04-14 16:00:00.000
1392,"carers, caring, health care, primary care, critical care",7,2021-04-14 16:00:00.000
1393,"bring fairness, keepingourpromiseact hr3548, fairness thousands, fairness, justice",25,2021-04-14 16:00:00.000
1394,"vaccinated, vaccine, receive vaccine, vaccin, biontech vaccine",28,2021-04-14 16:00:00.000
1395,"care homes, care home, care facilities, home residents, term care",9,2021-04-14 16:00:00.000
1396,"ohio, reporting, 2020, 2021, 2021 06",6,2021-04-14 16:00:00.000
1397,"hospitalizations, cases hospitalizations, lake, outbreak, arkansas",1,2021-04-14 16:00:00.000
1398,"vaccination, tam, immunity, protection, warns",29,2021-04-14 16:00:00.000
1399,"oregon, portland, new restrictions, statewide, restrictions",7,2021-04-14 16:00:00.000
1400,"government india, banking, cbic_india, amid crisis, loans",4,2021-04-14 16:00:00.000
1401,"receiving vaccine, vaccine new, getting vaccine, received vaccine, dose vaccine",28,2021-04-14 16:00:00.000
1402,"virtual, patients, help patients, care providers, healthcare",10,2021-04-14 16:00:00.000
1403,"indiana, deaths reported, additional deaths, reported deaths, deaths",11,2021-04-14 16:00:00.000
1404,"policy, regulatory, organisations, standards, discussed",8,2021-04-14 16:00:00.000
1405,"minnesota, mn, virus, wa, ar",3,2021-04-14 16:00:00.000
1406,"epidemic, cold, climate, weather, safer",2,2021-04-14 16:00:00.000
1407,"anti vaxxer, vaccinated, vaccine, vaxxer, vaccines",28,2021-04-14 16:00:00.000
1408,"covidiots, celebrities, celebrity, victims, help people",3,2021-04-14 16:00:00.000
1409,"intelligence community, intelligence agencies, intelligence, cia, investigative",17,2021-04-14 16:00:00.000
1410,"vaccine ready, vaccine rollout, vaccination, vaccinations, vaccine",6,2021-04-14 16:00:00.000
1411,"mitigation, outbreak, policy, new guidelines, planning",11,2021-04-14 16:00:00.000
1412,"vaccines, million vaccines, nepal, vaccine, doses vaccines",25,2021-04-14 16:00:00.000
1413,"fundraiser, donations, donors, corruption, fund",28,2021-04-14 16:00:00.000
1414,"lockdowns, lockdown, support, victims, restrictions place",3,2021-04-14 16:00:00.000
1415,"nhscovid19app, covid19uk, nhs app, app, wa",1,2021-04-14 16:00:00.000
1416,"covidー19, virus, tomorrow, today, good",6,2021-04-14 16:00:00.000
1417,"lab leak, leak theory, conspiracy theory, leaked, conspiracy",28,2021-04-14 16:00:00.000
1418,"yoga, health minister, guru, india crisis, baba",23,2021-04-14 16:00:00.000
1419,"percent, people infected, million people, population, half million",2,2021-04-14 16:00:00.000
1421,"antiviral, pandemics, pill, medicines, hiv",24,2021-04-14 16:00:00.000
1422,"anti vaccine, vaccine, vaccines, anti vaxxer, vaxxer",28,2021-04-14 16:00:00.000
1423,"mental health, adolescents, students, mental, teenagers",11,2021-04-14 16:00:00.000
1424,"tickets, ticket, rescheduled, june 2021, restrictions",7,2021-04-14 16:00:00.000
1425,"weight, 175, eating, fat, gain",10,2021-04-14 16:00:00.000
1426,"prisons, incarcerated, prisoners, inmates, prison",22,2021-04-14 16:00:00.000
1427,"virus spread, isolate, self isolate, infected, virus",1,2021-04-14 16:00:00.000
1428,"golf, tournament, withdrawn, rounds, withdraw",11,2021-04-14 16:00:00.000
1429,"mental health, stress, anxiety, depression, suffering",7,2021-04-14 16:00:00.000
1431,"oxygen cylinder, oxygen cylinders, oxygen, hospital beds, hyderabad",23,2021-04-14 16:00:00.000
1433,"icmr, india news, icmrdelhi, researchers, data shows",5,2021-04-14 16:00:00.000
1434,"vaccine, vaccinations, lag, lagging, delay",27,2021-04-14 16:00:00.000
1435,"2019, christmas, holiday, september, evidence suggests",25,2021-04-14 16:00:00.000
1436,"kamala harris, kamala, senate, remembered, senator",1,2021-04-14 16:00:00.000
1438,"super spreader, spreader, spreaders, event, events",7,2021-04-14 16:00:00.000
1439,"getting vaccinated, vaccination, vaccinating, vaccinations, vaccinated",23,2021-04-14 16:00:00.000
1440,"vaccine doses, doses vaccines, received vaccine, vaccine trial, vaccine",24,2021-04-14 16:00:00.000
1441,"finland, european union, europe, eu, european",13,2021-04-14 16:00:00.000
1442,"rugby, sport, game, outbreak, vaccinations",10,2021-04-14 16:00:00.000
1443,"anti vaxxer, vaxxer, vaccine, hospitalized, stupid",27,2021-04-14 16:00:00.000
1444,"stadium, crowds, attendance, venues, sporting",7,2021-04-14 16:00:00.000
1445,"coronavirusupdates, cases india, india, cured, 2021",11,2021-04-14 16:00:00.000
1446,"sars cov, sars, outbreak, precautionary, cov",19,2021-04-14 16:00:00.000
1447,"cancel, drrpnishank, board, pmoindia narendramodi, cmomaharashtra",20,2021-04-14 16:00:00.000
1448,"coronaviruspandemic, coronavirusupdate coronaviruspandemic, coronavirusupdates, coronavirusupdate, coronavirusoutbreak",5,2021-04-14 16:00:00.000
1450,"2023, 2020, 2021, year 2020, june 2020",9,2021-04-14 16:00:00.000
1451,"renters, guests, booking, eviction, hotel",8,2021-04-14 16:00:00.000
1452,"dr peter, dr, physicians, doctor, physician",19,2021-04-14 16:00:00.000
1453,"deaths yesterday, violence, brutality, police brutality, peace",1,2021-04-14 16:00:00.000
1454,"antiviral, nasal, spray, vaccine candidate, antibody",14,2021-04-14 16:00:00.000
1455,"iowa, governor, auditor, funds, promotion",21,2021-04-14 16:00:00.000
1456,"elections, election, voting, campaign, politicians",6,2021-04-14 16:00:00.000
1457,"vitamin, immunity, immune, treating patients, cure",5,2021-04-14 16:00:00.000
1458,"kolkata, delhi, slots, ahmedabad, bangalore",26,2021-04-14 16:00:00.000
1459,"000 tests, cost, nhs, scrutiny, tests",3,2021-04-14 16:00:00.000
1460,"namo app, namo, help india, modi, raise awareness",7,2021-04-14 16:00:00.000
1461,"deaths recorded, deaths reported, related deaths, new deaths, 000 deaths",12,2021-04-14 16:00:00.000
1462,"alluarjun, vaccinated, tested positive, quarantine, speedy recovery",5,2021-04-14 16:00:00.000
1463,"covid19vaccine, patent, vaccine, chinese military, sars cov",24,2021-04-14 16:00:00.000
1464,"vaccine children, use vaccine, vaccine, vaccination update, vaccine developed",25,2021-04-14 16:00:00.000
1465,"holocaust, genocide, jews, jewish, threats",9,2021-04-14 16:00:00.000
1467,"epidemiology, diseases, infected, infection, risks",12,2021-04-14 16:00:00.000
1470,"supreme court, high court, courts, court, chief justice",6,2021-04-14 16:00:00.000
1471,"intel, datascience, processing, machinelearning, scientists",4,2021-04-14 16:00:00.000
1472,"caribbean, trinidad, islands, governments, nations",8,2021-04-14 16:00:00.000
1473,"unions, union, healthcare workers, labour, workers need",6,2021-04-14 16:00:00.000
1474,"vaccine trials, vaccine trial, vaccination, new vaccine, volunteers",6,2021-04-14 16:00:00.000
1476,"cash, payments, banking, consumer, payment",5,2021-04-14 16:00:00.000
1477,"terrorists, man died, died, fired, sac",27,2021-04-14 16:00:00.000
1478,"sdiversityvisa, repritchie introduced, repritchie, dv, thanks repritchie",27,2021-04-14 16:00:00.000
1479,"qanon, conspiracy theorists, conspiracy theories, conspiracy theory, conspiracy",6,2021-04-14 16:00:00.000
1481,"sign petition, petition, public inquiry, hold public, cov",14,2021-04-14 16:00:00.000
1482,"anti vaxxers, anti vaxxer, vaxxers, vaxxer, vaccinations",1,2021-04-14 16:00:00.000
1483,"suspended, premier league, crisis india, halted, league",27,2021-04-14 16:00:00.000
1484,"covid19india, wave india, india india, indian government, india",10,2021-04-14 16:00:00.000
1485,"death rate, fatality rate, people age, aged, ages",6,2021-04-14 16:00:00.000
1486,"lockdown, lock, ep, performance, youtube",26,2021-04-14 16:00:00.000
1487,"getting vaccine, receive vaccine, vaccine today, doses vaccine, partially vaccinated",24,2021-04-14 16:00:00.000
1488,"narendramodi pmoindia, arvindkejriwal, pib_india, mohfw_india, drharshvardhan",16,2021-04-14 16:00:00.000
1489,"relationship, relationships, covidiots, dating, love",5,2021-04-14 16:00:00.000
1490,"stayhome, video, new video, calling, action",9,2021-04-14 16:00:00.000
1491,"free vaccine, vaccine free, covidvaccination, getting vaccinated, vaccine",26,2021-04-14 16:00:00.000
1492,"census, status, held, care, 70",1,2021-04-14 16:00:00.000
1494,"global vaccine, vaccine available, access vaccines, vaccine, vaccines",12,2021-04-14 16:00:00.000
1496,"san diego, diego, san, california, los angeles",13,2021-04-14 16:00:00.000
1497,"lawsuit, federal judge, court, lawyers, doctors",8,2021-04-14 16:00:00.000
1498,"cases reported, cases deaths, caribbean, new cases, cases confirmed",12,2021-04-14 16:00:00.000
1499,"plague, getting sick, sick dying, viral, deadly",4,2021-04-14 16:00:00.000
1500,"arkansas, daily update, updates, provides update, latest update",2,2021-04-14 16:00:00.000
1501,"data, analytics, access, database, research",6,2021-04-14 16:00:00.000
1503,"5k, hands, hand, wishes, hands medium",1,2021-04-14 16:00:00.000
1504,"death toll, reported deaths, death rate, fatality rate, excess deaths",12,2021-04-14 16:00:00.000
1505,"vaccine syringe, vaccines, vaccines world, vaccination campaign, million vaccines",16,2021-04-14 16:00:00.000
1507,"cases today, cases confirmed, ontario, quebec, cases 13",14,2021-04-14 16:00:00.000
1508,"vaccine, vaccines, vaccinations, vaccination, conspiracies",17,2021-04-14 16:00:00.000
1509,"new infections, infections, infection, outbreaks, infected",14,2021-04-14 16:00:00.000
1510,"related death, deaths, cause death, death, dies",2,2021-04-14 16:00:00.000
1511,"vaccine rollout, receive vaccine, eligible vaccine, vaccine shots, vaccine vaccine",26,2021-04-14 16:00:00.000
1512,"coronavirusupdates, right arrow, arrow, virus, indiafightscorona round",24,2021-04-14 16:00:00.000
1514,"port, ports, traffic, chinese, china",22,2021-04-14 16:00:00.000
1515,"pharmaceutical, drug, medicines, medications, fda",12,2021-04-14 16:00:00.000
1516,"health, lives, living, life, survive",3,2021-04-14 16:00:00.000
1517,"death toll, deaths, toll rises, 000 cases, toll",4,2021-04-14 16:00:00.000
1518,"vaccinated people, getting vaccine, vaccinated, fully vaccinated, taking vaccine",24,2021-04-14 16:00:00.000
1519,"patients died, patients, infection, patients discharged, icu",6,2021-04-14 16:00:00.000
1520,"netanyahu, israeli, israel, stupid, like trump",2,2021-04-14 16:00:00.000
1521,"vaccine hesitancy, vaccine, vaccinations, vaccines, getting vaccinated",22,2021-04-14 16:00:00.000
1523,"budget, fiscal, spending, funding, finance minister",12,2021-04-14 16:00:00.000
1524,"corona, cases india, corona spread, india reports, cases recorded",13,2021-04-14 16:00:00.000
1525,"provider walgreens, location walgreens, walgreens location, walgreens, available appointments",22,2021-04-14 16:00:00.000
1526,"officers, police officers, deaths, officer, police officer",5,2021-04-14 16:00:00.000
1527,"critically ill, critical care, hospitalized, patients hospitalized, patients",7,2021-04-14 16:00:00.000
1528,"quarantine, quarantined, movies, film, netflix",1,2021-04-14 16:00:00.000
1530,"brands, brand, innovative, retail, consumers",2,2021-04-14 16:00:00.000
1531,"vaccination, vaccinations, vacci, petition, public health",24,2021-04-14 16:00:00.000
1532,"raises, raising, 25 000, 11, sales",1,2021-04-14 16:00:00.000
1533,"pandemics, climate change, climate, species, outbreaks",6,2021-04-14 16:00:00.000
1534,"staysafe, fabulous, overnight, night, week",21,2021-04-14 16:00:00.000
1536,"world order, new world, world, 2020, global",3,2021-04-14 16:00:00.000
1537,"sales, trends, 2020, 2025, consumer",6,2021-04-14 16:00:00.000
1538,"taxi, covid19sa, passenger, driving, vehicles",10,2021-04-14 16:00:00.000
1539,"fed, treasury, bond, lending, fund",18,2021-04-14 16:00:00.000
1540,"recruitment, navy, hospitalized, military, armed forces",4,2021-04-14 16:00:00.000
1541,"illnesses, diseases, illness, infectious disease, infectious",9,2021-04-14 16:00:00.000
1542,"round pushpin, pop, pushpin, ottawa, centre",23,2021-04-14 16:00:00.000
1543,"cremation, funeral, people died, victims, burning",23,2021-04-14 16:00:00.000
1544,"patients hospitalized, hospitalized patients, treat patients, patients, hospitalized",14,2021-04-14 16:00:00.000
1546,"location walgreens, provider walgreens, walgreens location, available appointments, appointments detected",23,2021-04-14 16:00:00.000
1547,"memorial day, people vaccinated, vaccinations, vaccinated, vaccination rate",23,2021-04-14 16:00:00.000
1548,"risk dying, risk death, mortality, death rates, getting infected",5,2021-04-14 16:00:00.000
1551,"beijing, china, outbreak, epidemic, outbreaks",10,2021-04-14 16:00:00.000
1552,"getting vaccine, got vaccinated, receiving vaccine, vaccinated, fully vaccinated",21,2021-04-14 16:00:00.000
1553,"bts_twt, bts, donation, ambassador, 2021",2,2021-04-14 16:00:00.000
1554,"bat, president trump, american lives, president, responsible",1,2021-04-14 16:00:00.000
1555,"sustainable, sustainability, environmental, environment, agenda",8,2021-04-14 16:00:00.000
1556,"hospital, general hospital, patients, new patients, nhs",3,2021-04-14 16:00:00.000
1558,"als, health minister, patients, diagnosed, doctors",3,2021-04-14 16:00:00.000
1559,"symbols mouthface, mouthface symbols, symbols mouth, face symbols, mouthface",6,2021-04-14 16:00:00.000
1560,"million vaccine, global vaccine, vaccine trials, new vaccine, access vaccines",11,2021-04-14 16:00:00.000
1561,"compliance, concern, warnings, advisory, guidelines",6,2021-04-14 16:00:00.000
1562,"alex, passenger, allegedly, passengers, morrison",3,2021-04-14 16:00:00.000
1563,"million deaths, people dying, 000 deaths, people die, people died",5,2021-04-14 16:00:00.000
1564,"gps, tracker, concern, concerns, patients",6,2021-04-14 16:00:00.000
1566,"chat, covidsecondwave, bot, coronavirusindia, gurugram",3,2021-04-14 16:00:00.000
1567,"health england, public health, uk government, national health, health service",2,2021-04-14 16:00:00.000
1568,"new infections, covid19ab, infection rate, new testing, tested today",11,2021-04-14 16:00:00.000
1569,"job losses, wages, economy, wage, industry",3,2021-04-14 16:00:00.000
1570,"california, fraudulent, vaccination, bar, vaccine",25,2021-04-14 16:00:00.000
1571,"ramadan, eid, mosque, muslim, muslims",4,2021-04-14 16:00:00.000
1572,"received vaccine, receive vaccine, receiving vaccine, vaccine, vaccines world",20,2021-04-14 16:00:00.000
1573,"mental health, mentalhealth, health issues, month, mental",11,2021-04-14 16:00:00.000
1574,"travel, trips, crisis, 2021, visit",6,2021-04-14 16:00:00.000
1575,"twice, infectious, second time, infected, infectious diseases",2,2021-04-14 16:00:00.000
1576,"covid19uk, national lockdown, lockdown restrictions, easing lockdown, lockdown",9,2021-04-14 16:00:00.000
1577,"vaccine today, sinovac vaccine, receiving vaccine, vaccinated, vaccine",24,2021-04-14 16:00:00.000
1578,"beijing, holidays, holiday, travellers, chinese",2,2021-04-14 16:00:00.000
1579,"pulse, health officials, monitor, tracking, mobile",9,2021-04-14 16:00:00.000
1580,"face mask, sentenced, 10 years, mask, 10 year",25,2021-04-14 16:00:00.000
1581,"deaths, mask mandate, mask, death, lauren",25,2021-04-14 16:00:00.000
1582,"vaccine appointments, appointments available, available walgreens, vaccine, walgreens",25,2021-04-14 16:00:00.000
1583,"vaccines, vaccines administered, flu vaccine, new deaths, deaths",24,2021-04-14 16:00:00.000
1584,"thanked, thanking, gratitude, thankful, heroes",3,2021-04-14 16:00:00.000
1585,"getting infected, diagnosed, health dr, patient, clinical",4,2021-04-14 16:00:00.000
1586,"tested positive, cases detected, new cases, 2021, june 2021",21,2021-04-14 16:00:00.000
1587,"heart inflammation, vaccines, inflammation, blood clots, clots",25,2021-04-14 16:00:00.000
1588,"mobile, network, customers, service, whatsapp",3,2021-04-14 16:00:00.000
1589,"surfaces, surface, cdc says, infected, touching",2,2021-04-14 16:00:00.000
